{"time": "2026-09-01T19:21:51+00:00", "post": "2007-05-15-amendments-to-the-british-computer-misuse-act.md", "status": "published", "id": "sy26d-nvb98", "live_url": "https://works.hcommons.org/records/sy26d-nvb98", "collection": "included"}
{"time": "2026-09-01T19:22:06+00:00", "post": "2007-05-15-bypass-asp-net-xss-protection-in-internet-explorer.md", "status": "published", "id": "srpf0-04h11", "live_url": "https://works.hcommons.org/records/srpf0-04h11", "collection": "included"}
{"time": "2026-09-01T19:22:21+00:00", "post": "2007-05-15-evaluating-the-security-of-the-jsonrequest-object.md", "status": "published", "id": "8a59z-hgc80", "live_url": "https://works.hcommons.org/records/8a59z-hgc80", "collection": "included"}
{"time": "2026-09-01T19:22:36+00:00", "post": "2007-05-15-firefox-xbl-js-loader-v1-0.md", "status": "published", "id": "t9hwt-a4w46", "live_url": "https://works.hcommons.org/records/t9hwt-a4w46", "collection": "included"}
{"time": "2026-09-01T19:22:51+00:00", "post": "2007-05-15-httponly-cookie-detection.md", "status": "published", "id": "ncwy7-nx504", "live_url": "https://works.hcommons.org/records/ncwy7-nx504", "collection": "included"}
{"time": "2026-09-01T19:24:57+00:00", "post": "2007-05-15-javascript-eval-string-fromcharcode-encoder.md", "status": "published", "id": "c871j-cwx53", "live_url": "https://works.hcommons.org/records/c871j-cwx53", "collection": "included"}
{"time": "2026-09-01T19:25:13+00:00", "post": "2007-05-15-javascript-referer-scripts-xss-injection.md", "status": "published", "id": "85vnd-zhs26", "live_url": "https://works.hcommons.org/records/85vnd-zhs26", "collection": "included"}
{"time": "2026-09-01T19:25:29+00:00", "post": "2007-05-16-heise-security-reports-backdoor-in-artmedic-cms.md", "status": "published", "id": "m05qm-kp144", "live_url": "https://works.hcommons.org/records/m05qm-kp144", "collection": "included"}
{"time": "2026-09-01T19:25:44+00:00", "post": "2007-05-16-moseb-month-of-search-engine-bugs.md", "status": "published", "id": "z0prg-a3t87", "live_url": "https://works.hcommons.org/records/z0prg-a3t87", "collection": "included"}
{"time": "2026-09-01T19:25:58+00:00", "post": "2007-05-16-php-ids.md", "status": "published", "id": "0vctq-dv460", "live_url": "https://works.hcommons.org/records/0vctq-dv460", "collection": "included"}
{"time": "2026-09-01T19:26:14+00:00", "post": "2007-05-16-xss-cheat-sheet.md", "status": "published", "id": "1ne9p-n7z39", "live_url": "https://works.hcommons.org/records/1ne9p-n7z39", "collection": "included"}
{"time": "2026-09-01T19:26:28+00:00", "post": "2007-05-16-xss-in-excess-a-learn-xss-tool.md", "status": "published", "id": "qb01e-x7x93", "live_url": "https://works.hcommons.org/records/qb01e-x7x93", "collection": "included"}
{"time": "2026-09-01T19:26:43+00:00", "post": "2007-05-19-xsf-cross-site-flashing.md", "status": "published", "id": "k66h5-4t285", "live_url": "https://works.hcommons.org/records/k66h5-4t285", "collection": "included"}
{"time": "2026-09-01T19:26:58+00:00", "post": "2007-05-20-rsnake-jeremiah-grossmans-book-released.md", "status": "published", "id": "kv7rf-78256", "live_url": "https://works.hcommons.org/records/kv7rf-78256", "collection": "included"}
{"time": "2026-09-01T19:27:13+00:00", "post": "2007-05-21-bypassing-same-origin-policy-using-mash-ups.md", "status": "published", "id": "ggja8-07670", "live_url": "https://works.hcommons.org/records/ggja8-07670", "collection": "included"}
{"time": "2026-09-01T19:27:27+00:00", "post": "2007-05-23-string-fromcharcode-encoder.md", "status": "published", "id": "zve2f-qx071", "live_url": "https://works.hcommons.org/records/zve2f-qx071", "collection": "included"}
{"time": "2026-09-01T19:27:41+00:00", "post": "2007-05-23-xss-tutorial.md", "status": "published", "id": "h6crp-ezh60", "live_url": "https://works.hcommons.org/records/h6crp-ezh60", "collection": "included"}
{"time": "2026-09-01T19:27:56+00:00", "post": "2007-05-24-csrf-one-time-token-bypass-using-ajax-and-xss.md", "status": "published", "id": "4tr19-yjg71", "live_url": "https://works.hcommons.org/records/4tr19-yjg71", "collection": "included"}
{"time": "2026-09-01T19:28:12+00:00", "post": "2007-05-25-dotnetids.md", "status": "published", "id": "hf985-3rw69", "live_url": "https://works.hcommons.org/records/hf985-3rw69", "collection": "included"}
{"time": "2026-09-01T19:28:26+00:00", "post": "2007-06-05-a-bad-day-for-browsers.md", "status": "published", "id": "qzv52-j4197", "live_url": "https://works.hcommons.org/records/qzv52-j4197", "collection": "included"}
{"time": "2026-09-01T19:28:41+00:00", "post": "2007-06-13-firefox-nested-comment-fragmented-xss.md", "status": "published", "id": "zc3d1-k3e49", "live_url": "https://works.hcommons.org/records/zc3d1-k3e49", "collection": "included"}
{"time": "2026-09-01T19:28:55+00:00", "post": "2007-06-15-netids-can-now-detect-fragmented-xss.md", "status": "published", "id": "d6dey-r1q42", "live_url": "https://works.hcommons.org/records/d6dey-r1q42", "collection": "included"}
{"time": "2026-09-01T19:29:10+00:00", "post": "2007-06-19-csrf-being-used-in-latest-ipb-vuln-what-about-php-web-request.md", "status": "published", "id": "tyt77-7sy08", "live_url": "https://works.hcommons.org/records/tyt77-7sy08", "collection": "included"}
{"time": "2026-09-01T19:29:25+00:00", "post": "2007-06-19-netids-v-0-1-0-0-released.md", "status": "published", "id": "aqry9-gy141", "live_url": "https://works.hcommons.org/records/aqry9-gy141", "collection": "included"}
{"time": "2026-09-01T19:29:39+00:00", "post": "2007-06-25-c-mysql-dataexecutor-class.md", "status": "published", "id": "f94t0-jh530", "live_url": "https://works.hcommons.org/records/f94t0-jh530", "collection": "included"}
{"time": "2026-09-01T19:29:54+00:00", "post": "2007-06-26-c-dataexecutor-class-available.md", "status": "published", "id": "09er6-75m31", "live_url": "https://works.hcommons.org/records/09er6-75m31", "collection": "included"}
{"time": "2026-09-01T19:30:08+00:00", "post": "2007-06-26-httponly-cookies-in-net-2-0.md", "status": "published", "id": "fjnma-gta13", "live_url": "https://works.hcommons.org/records/fjnma-gta13", "collection": "included"}
{"time": "2026-09-01T19:30:22+00:00", "post": "2007-06-26-netids-v-0-1-1-0-released.md", "status": "published", "id": "54rw9-9zy28", "live_url": "https://works.hcommons.org/records/54rw9-9zy28", "collection": "included"}
{"time": "2026-09-01T19:30:37+00:00", "post": "2007-07-05-javascript-internal-numerical-representations.md", "status": "published", "id": "ggh6w-yyf38", "live_url": "https://works.hcommons.org/records/ggh6w-yyf38", "collection": "included"}
{"time": "2026-09-01T19:30:51+00:00", "post": "2007-07-05-obfuscated-fun.md", "status": "published", "id": "e6s39-t5318", "live_url": "https://works.hcommons.org/records/e6s39-t5318", "collection": "included"}
{"time": "2026-09-01T19:31:05+00:00", "post": "2007-07-05-some-evil-stuff-from-sla-ckers.md", "status": "published", "id": "dgtvh-xwy09", "live_url": "https://works.hcommons.org/records/dgtvh-xwy09", "collection": "included"}
{"time": "2026-09-01T19:31:19+00:00", "post": "2007-11-09-xss-for-the-common-good-greasemousey.md", "status": "published", "id": "qc95x-p9g21", "live_url": "https://works.hcommons.org/records/qc95x-p9g21", "collection": "included"}
{"time": "2026-09-01T19:31:34+00:00", "post": "2007-11-17-ie7-javascript-modify-the-dom-without-crashing-the-browser.md", "status": "published", "id": "2f0rh-vvn90", "live_url": "https://works.hcommons.org/records/2f0rh-vvn90", "collection": "included"}
{"time": "2026-09-01T19:31:48+00:00", "post": "2007-11-27-right-to-left-and-left-to-right-characters.md", "status": "published", "id": "4b7h6-d8886", "live_url": "https://works.hcommons.org/records/4b7h6-d8886", "collection": "included"}
{"time": "2026-09-01T19:32:02+00:00", "post": "2008-02-02-an-xml-based-xss-poc-platform.md", "status": "published", "id": "4ewej-qhf52", "live_url": "https://works.hcommons.org/records/4ewej-qhf52", "collection": "included"}
{"time": "2026-09-01T19:32:18+00:00", "post": "2008-02-23-wp-aspxrewriter-alpha-test.md", "status": "published", "id": "v0t0j-7gn63", "live_url": "https://works.hcommons.org/records/v0t0j-7gn63", "collection": "included"}
{"time": "2026-09-01T19:32:33+00:00", "post": "2008-02-28-firefox-3-disallows-cross-site-xbl.md", "status": "published", "id": "j7g4p-afw07", "live_url": "https://works.hcommons.org/records/j7g4p-afw07", "collection": "included"}
{"time": "2026-09-01T19:32:48+00:00", "post": "2008-03-05-ie7-remote-file-access.md", "status": "published", "id": "drjpx-xch27", "live_url": "https://works.hcommons.org/records/drjpx-xch27", "collection": "included"}
{"time": "2026-09-01T19:33:03+00:00", "post": "2008-04-06-binding-to-radiobuttons-in-net-windows-forms.md", "status": "published", "id": "thevp-k5284", "live_url": "https://works.hcommons.org/records/thevp-k5284", "collection": "included"}
{"time": "2026-09-01T19:33:17+00:00", "post": "2008-07-06-c-memorymanagement-class.md", "status": "published", "id": "wqqf1-34x38", "live_url": "https://works.hcommons.org/records/wqqf1-34x38", "collection": "included"}
{"time": "2026-09-01T19:33:32+00:00", "post": "2008-07-23-building-a-robust-ssl-crc-verified-serverclient-solution-in-the-net-framework-with-c.md", "status": "published", "id": "mgqpy-zpe53", "live_url": "https://works.hcommons.org/records/mgqpy-zpe53", "collection": "included"}
{"time": "2026-09-01T19:33:47+00:00", "post": "2008-07-30-expanding-a-treeview-to-a-specific-node-in-wpf.md", "status": "published", "id": "mte79-mef13", "live_url": "https://works.hcommons.org/records/mte79-mef13", "collection": "included"}
{"time": "2026-09-01T19:34:01+00:00", "post": "2008-07-31-c-dataexecutor-class-again.md", "status": "published", "id": "azhqj-gn104", "live_url": "https://works.hcommons.org/records/azhqj-gn104", "collection": "included"}
{"time": "2026-09-01T19:34:15+00:00", "post": "2008-09-17-creating-an-irc-frontback-end-from-a-c-web-application.md", "status": "published", "id": "xb036-4kv11", "live_url": "https://works.hcommons.org/records/xb036-4kv11", "collection": "included"}
{"time": "2026-09-01T19:34:30+00:00", "post": "2008-09-24-the-importance-of-weaponization-in-exploit-development.md", "status": "published", "id": "vzyzj-gkd73", "live_url": "https://works.hcommons.org/records/vzyzj-gkd73", "collection": "included"}
{"time": "2026-09-01T19:34:45+00:00", "post": "2008-10-03-convert-excel-to-serif-webplus-sdb-format.md", "status": "published", "id": "tymxx-vk906", "live_url": "https://works.hcommons.org/records/tymxx-vk906", "collection": "included"}
{"time": "2026-09-01T19:34:59+00:00", "post": "2008-12-07-bypassing-firewalls-using-ssh-reverse-forwarding.md", "status": "published", "id": "rnykt-xtm74", "live_url": "https://works.hcommons.org/records/rnykt-xtm74", "collection": "included"}
{"time": "2026-09-01T19:35:14+00:00", "post": "2008-12-07-fetching-files-via-echo-ftp-in-a-non-interactive-shell-environment.md", "status": "published", "id": "62d11-0x532", "live_url": "https://works.hcommons.org/records/62d11-0x532", "collection": "included"}
{"time": "2026-09-01T19:35:28+00:00", "post": "2008-12-07-ssh-key-based-password-less-login.md", "status": "published", "id": "fj167-91n89", "live_url": "https://works.hcommons.org/records/fj167-91n89", "collection": "included"}
{"time": "2026-09-01T19:35:42+00:00", "post": "2009-01-27-dual-stage-sql-injection-attacks.md", "status": "published", "id": "937r3-0hb48", "live_url": "https://works.hcommons.org/records/937r3-0hb48", "collection": "included"}
{"time": "2026-09-01T19:35:56+00:00", "post": "2009-02-01-ftp-url-fastsnap-parsing-in-net.md", "status": "published", "id": "dzda7-cqn18", "live_url": "https://works.hcommons.org/records/dzda7-cqn18", "collection": "included"}
{"time": "2026-09-01T19:36:11+00:00", "post": "2009-06-23-installing-office-2007-on-wine-1-1-24.md", "status": "published", "id": "qpqka-x7144", "live_url": "https://works.hcommons.org/records/qpqka-x7144", "collection": "included"}
{"time": "2026-09-01T19:36:25+00:00", "post": "2009-12-07-fixing-scp-completion-in-ubuntu-9-10.md", "status": "published", "id": "5ger8-qch42", "live_url": "https://works.hcommons.org/records/5ger8-qch42", "collection": "included"}
{"time": "2026-09-01T19:36:39+00:00", "post": "2010-03-02-sshsplit-a-dynamic-tunnel-multiplexer.md", "status": "published", "id": "s0q9m-7ym39", "live_url": "https://works.hcommons.org/records/s0q9m-7ym39", "collection": "included"}
{"time": "2026-09-01T19:36:54+00:00", "post": "2010-03-11-sshsplit-featured.md", "status": "published", "id": "8wtvj-pxa02", "live_url": "https://works.hcommons.org/records/8wtvj-pxa02", "collection": "included"}
{"time": "2026-09-01T19:37:09+00:00", "post": "2010-03-13-thomas-pynchon-critical-bibliography-zotero-group.md", "status": "published", "id": "83pjm-hmf17", "live_url": "https://works.hcommons.org/records/83pjm-hmf17", "collection": "included"}
{"time": "2026-09-01T19:37:23+00:00", "post": "2010-03-14-dark-cloud-looming.md", "status": "published", "id": "803kt-ggw43", "live_url": "https://works.hcommons.org/records/803kt-ggw43", "collection": "included"}
{"time": "2026-09-01T19:37:36+00:00", "post": "2010-03-15-humanities-map.md", "status": "published", "id": "yx15h-76z61", "live_url": "https://works.hcommons.org/records/yx15h-76z61", "collection": "included"}
{"time": "2026-09-01T19:37:51+00:00", "post": "2010-03-16-british-library-usage-made-clear.md", "status": "published", "id": "1rqb5-9d885", "live_url": "https://works.hcommons.org/records/1rqb5-9d885", "collection": "included"}
{"time": "2026-09-01T19:38:05+00:00", "post": "2010-03-17-can-we-avoid-the-s-word-regarding-david-foster-wallace.md", "status": "published", "id": "7r30x-36803", "live_url": "https://works.hcommons.org/records/7r30x-36803", "collection": "included"}
{"time": "2026-09-01T19:38:20+00:00", "post": "2010-03-17-david-foster-wallace-archive-material.md", "status": "published", "id": "t02r0-j8j96", "live_url": "https://works.hcommons.org/records/t02r0-j8j96", "collection": "included"}
{"time": "2026-09-01T19:38:34+00:00", "post": "2010-03-19-international-pynchon-week-2010-abstracts.md", "status": "published", "id": "n9ash-bzt54", "live_url": "https://works.hcommons.org/records/n9ash-bzt54", "collection": "included"}
{"time": "2026-09-01T19:38:48+00:00", "post": "2010-03-22-undergraduates-in-the-british-library-reading-rooms.md", "status": "published", "id": "r1t8y-2b752", "live_url": "https://works.hcommons.org/records/r1t8y-2b752", "collection": "included"}
{"time": "2026-09-01T19:39:03+00:00", "post": "2010-03-27-implementing-coins.md", "status": "published", "id": "7er1y-qrj37", "live_url": "https://works.hcommons.org/records/7er1y-qrj37", "collection": "included"}
{"time": "2026-09-01T19:39:18+00:00", "post": "2010-04-03-using-tech-to-help-with-structure.md", "status": "published", "id": "561zx-ssg05", "live_url": "https://works.hcommons.org/records/561zx-ssg05", "collection": "included"}
{"time": "2026-09-01T19:39:32+00:00", "post": "2010-04-04-applying-for-ahrc-bgp-doctoral-grants.md", "status": "published", "id": "4xwk4-k6c16", "live_url": "https://works.hcommons.org/records/4xwk4-k6c16", "collection": "included"}
{"time": "2026-09-01T19:39:48+00:00", "post": "2010-04-07-upcoming-performance-lucy-and-martha-fine-bone-china.md", "status": "published", "id": "wp3vp-6b058", "live_url": "https://works.hcommons.org/records/wp3vp-6b058", "collection": "included"}
{"time": "2026-09-01T19:40:03+00:00", "post": "2010-04-26-poc-code-for-facebook-friend-profile-gatherer.md", "status": "published", "id": "ehkam-qyc39", "live_url": "https://works.hcommons.org/records/ehkam-qyc39", "collection": "included"}
{"time": "2026-09-01T19:40:18+00:00", "post": "2010-04-28-ousu-freedom-of-information-requests.md", "status": "published", "id": "gyeq0-7cm24", "live_url": "https://works.hcommons.org/records/gyeq0-7cm24", "collection": "included"}
{"time": "2026-09-01T19:40:34+00:00", "post": "2010-05-01-running-zotero-on-ubuntu-lucid.md", "status": "published", "id": "5t6f9-hdj93", "live_url": "https://works.hcommons.org/records/5t6f9-hdj93", "collection": "included"}
{"time": "2026-09-01T19:40:49+00:00", "post": "2010-05-10-new-david-foster-wallace-book-fall-2010.md", "status": "published", "id": "fqesx-xqw92", "live_url": "https://works.hcommons.org/records/fqesx-xqw92", "collection": "included"}
{"time": "2026-09-01T19:41:04+00:00", "post": "2010-06-09-international-pynchon-week-day-1.md", "status": "published", "id": "stgfv-dhv82", "live_url": "https://works.hcommons.org/records/stgfv-dhv82", "collection": "included"}
{"time": "2026-09-01T19:41:19+00:00", "post": "2010-06-11-international-pynchon-week-2010-day-3.md", "status": "published", "id": "dvbs1-fdf09", "live_url": "https://works.hcommons.org/records/dvbs1-fdf09", "collection": "included"}
{"time": "2026-09-01T19:41:34+00:00", "post": "2010-06-11-international-pynchon-week-day-2.md", "status": "published", "id": "sx1rd-pee71", "live_url": "https://works.hcommons.org/records/sx1rd-pee71", "collection": "included"}
{"time": "2026-09-01T19:41:48+00:00", "post": "2010-06-22-my-navy-days-with-thomas-ruggles-pynchon.md", "status": "published", "id": "ssvjp-w9a58", "live_url": "https://works.hcommons.org/records/ssvjp-w9a58", "collection": "included"}
{"time": "2026-09-01T19:42:02+00:00", "post": "2010-07-02-some-brief-thoughts-on-slavoj-zizek-at-lse.md", "status": "published", "id": "vhnzr-9bn18", "live_url": "https://works.hcommons.org/records/vhnzr-9bn18", "collection": "included"}
{"time": "2026-09-01T19:42:17+00:00", "post": "2010-07-22-plagiarism-by-semiotexte-translations.md", "status": "published", "id": "pwzj9-14861", "live_url": "https://works.hcommons.org/records/pwzj9-14861", "collection": "included"}
{"time": "2026-09-01T19:42:30+00:00", "post": "2010-08-15-htc-wildfire-stage-1-soft-root.md", "status": "published", "id": "dd62x-3bh86", "live_url": "https://works.hcommons.org/records/dd62x-3bh86", "collection": "included"}
{"time": "2026-09-01T19:42:44+00:00", "post": "2010-09-01-upcoming-journal-publishing-workshop.md", "status": "published", "id": "pzezn-7ph65", "live_url": "https://works.hcommons.org/records/pzezn-7ph65", "collection": "included"}
{"time": "2026-09-01T19:42:59+00:00", "post": "2010-09-08-conditional-css-in-open-journalconference-systems.md", "status": "published", "id": "9w2r8-f3t77", "live_url": "https://works.hcommons.org/records/9w2r8-f3t77", "collection": "included"}
{"time": "2026-09-01T19:43:13+00:00", "post": "2010-09-17-first-fictions-conference.md", "status": "published", "id": "ss5g6-yqq10", "live_url": "https://works.hcommons.org/records/ss5g6-yqq10", "collection": "included"}
{"time": "2026-09-01T19:43:27+00:00", "post": "2010-09-20-picture-this-postcards-and-letters-beyond-text.md", "status": "published", "id": "8e53s-8z104", "live_url": "https://works.hcommons.org/records/8e53s-8z104", "collection": "included"}
{"time": "2026-09-01T19:43:42+00:00", "post": "2010-09-28-speaking-of-open-access.md", "status": "published", "id": "av7w9-04014", "live_url": "https://works.hcommons.org/records/av7w9-04014", "collection": "included"}
{"time": "2026-09-01T19:43:56+00:00", "post": "2010-10-09-where-to-start-with-thomas-pynchon.md", "status": "published", "id": "cz7sq-n7d63", "live_url": "https://works.hcommons.org/records/cz7sq-n7d63", "collection": "included"}
{"time": "2026-09-01T19:44:10+00:00", "post": "2010-10-24-notes-and-presentation-from-my-open-access-talk.md", "status": "published", "id": "p9zc5-myy74", "live_url": "https://works.hcommons.org/records/p9zc5-myy74", "collection": "included"}
{"time": "2026-09-01T19:44:25+00:00", "post": "2010-10-27-using-british-library-wifi-when-dhcp-fails.md", "status": "published", "id": "438fh-yv646", "live_url": "https://works.hcommons.org/records/438fh-yv646", "collection": "included"}
{"time": "2026-09-01T19:56:20+00:00", "post": "2010-11-01-problematic-indexing-in-paul-rabinows-edited-foucault-volume-ethics.md", "status": "published", "id": "28f33-7qh57", "live_url": "https://works.hcommons.org/records/28f33-7qh57", "collection": "included"}
{"time": "2026-09-01T19:56:37+00:00", "post": "2010-11-02-a-few-notes-on-some-of-jacques-derridas-writings.md", "status": "published", "id": "ex8xj-mmx21", "live_url": "https://works.hcommons.org/records/ex8xj-mmx21", "collection": "included"}
{"time": "2026-09-01T19:56:53+00:00", "post": "2010-11-04-the-problems-of-copyleft-twitter-and-tweets.md", "status": "published", "id": "rcktk-bnf23", "live_url": "https://works.hcommons.org/records/rcktk-bnf23", "collection": "included"}
{"time": "2026-09-01T19:57:07+00:00", "post": "2010-11-09-demo-2010.md", "status": "published", "id": "wcswy-56878", "live_url": "https://works.hcommons.org/records/wcswy-56878", "collection": "included"}
{"time": "2026-09-01T19:57:22+00:00", "post": "2010-11-14-online-crossword-helper-httpana-grammatic-org.md", "status": "published", "id": "9nxf2-2t746", "live_url": "https://works.hcommons.org/records/9nxf2-2t746", "collection": "included"}
{"time": "2026-09-01T19:57:36+00:00", "post": "2010-11-16-wireless-when-housesitting-airmon-ng.md", "status": "published", "id": "zg5t5-5qc98", "live_url": "https://works.hcommons.org/records/zg5t5-5qc98", "collection": "included"}
{"time": "2026-09-01T19:57:51+00:00", "post": "2010-11-19-rockaby-text-annotation-software-gpl-alpha-announcement.md", "status": "published", "id": "rckks-88e76", "live_url": "https://works.hcommons.org/records/rckks-88e76", "collection": "included"}
{"time": "2026-09-01T19:58:07+00:00", "post": "2010-11-19-userspace-responsiveness-bashrc-alternative-ubuntu-10-10-working.md", "status": "published", "id": "1ny0c-jac12", "live_url": "https://works.hcommons.org/records/1ny0c-jac12", "collection": "included"}
{"time": "2026-09-01T19:58:21+00:00", "post": "2010-11-22-vince-cables-orwell-esque-doublethink.md", "status": "published", "id": "bd31v-00a20", "live_url": "https://works.hcommons.org/records/bd31v-00a20", "collection": "included"}
{"time": "2026-09-01T19:58:35+00:00", "post": "2010-11-24-fixing-headphone-jack-on-toshiba-satellite-c650d-under-ubuntu-linux-maverick.md", "status": "published", "id": "4y941-c4w25", "live_url": "https://works.hcommons.org/records/4y941-c4w25", "collection": "included"}
{"time": "2026-09-01T19:58:48+00:00", "post": "2010-12-01-alternativecomplementary-medicine-and-mass-anecdotal-evidence-as-theological-in-structure.md", "status": "published", "id": "r3jjx-89t93", "live_url": "https://works.hcommons.org/records/r3jjx-89t93", "collection": "included"}
{"time": "2026-09-01T19:59:02+00:00", "post": "2010-12-01-researchers-libraries-and-publishers-what-does-the-future-hold.md", "status": "published", "id": "vrej3-m1146", "live_url": "https://works.hcommons.org/records/vrej3-m1146", "collection": "included"}
{"time": "2026-09-01T19:59:16+00:00", "post": "2010-12-02-rockaby-refactoring-and-abstraction.md", "status": "published", "id": "w8ntj-we509", "live_url": "https://works.hcommons.org/records/w8ntj-we509", "collection": "included"}
{"time": "2026-09-01T19:59:30+00:00", "post": "2010-12-03-wikileaks-is-about-capitalist-paradigm-shift-not-single-government-overthrow.md", "status": "published", "id": "13zhs-fqf67", "live_url": "https://works.hcommons.org/records/13zhs-fqf67", "collection": "included"}
{"time": "2026-09-01T19:59:44+00:00", "post": "2010-12-08-converting-zotero-documents-to-mendeley.md", "status": "published", "id": "2fz6g-yrc84", "live_url": "https://works.hcommons.org/records/2fz6g-yrc84", "collection": "included"}
{"time": "2026-09-01T19:59:59+00:00", "post": "2010-12-13-djiscography-a-django-based-discography-generator.md", "status": "published", "id": "6yhz9-gbm50", "live_url": "https://works.hcommons.org/records/6yhz9-gbm50", "collection": "included"}
{"time": "2026-09-01T20:00:15+00:00", "post": "2010-12-14-our-duty-to-minorities.md", "status": "published", "id": "nt0fj-hte29", "live_url": "https://works.hcommons.org/records/nt0fj-hte29", "collection": "included"}
{"time": "2026-09-01T20:00:28+00:00", "post": "2010-12-15-the-net-was-never-free-from-commercial-interest-its-not-a-new-threat-to-democratic-speech.md", "status": "published", "id": "khk4g-zc661", "live_url": "https://works.hcommons.org/records/khk4g-zc661", "collection": "included"}
{"time": "2026-09-01T20:00:44+00:00", "post": "2010-12-15-using-producteev-to-manage-overbearing-inboxes.md", "status": "published", "id": "4nhk5-rrz44", "live_url": "https://works.hcommons.org/records/4nhk5-rrz44", "collection": "included"}
{"time": "2026-09-01T20:00:58+00:00", "post": "2010-12-20-mendeley-android-client-first-preview-and-oauth-problem.md", "status": "published", "id": "9yhar-5ca46", "live_url": "https://works.hcommons.org/records/9yhar-5ca46", "collection": "included"}
{"time": "2026-09-01T20:01:13+00:00", "post": "2010-12-30-using-unison-to-synchronize-and-backup-your-work-part-1.md", "status": "published", "id": "45b4g-rak53", "live_url": "https://works.hcommons.org/records/45b4g-rak53", "collection": "included"}
{"time": "2026-09-01T20:01:27+00:00", "post": "2011-01-04-mendeley-android-client-progress-w-video-source-and-apk.md", "status": "published", "id": "jt2kd-y3v51", "live_url": "https://works.hcommons.org/records/jt2kd-y3v51", "collection": "included"}
{"time": "2026-09-01T20:01:41+00:00", "post": "2011-01-04-oauth-for-mendeley-on-android-solved-and-a-bug.md", "status": "published", "id": "msbg1-nq265", "live_url": "https://works.hcommons.org/records/msbg1-nq265", "collection": "included"}
{"time": "2026-09-01T20:01:57+00:00", "post": "2011-01-05-mendley-android-client-now-implemented-as-a-user-account-with-sync.md", "status": "published", "id": "10msc-sgb68", "live_url": "https://works.hcommons.org/records/10msc-sgb68", "collection": "included"}
{"time": "2026-09-01T20:02:11+00:00", "post": "2011-01-08-automated-cpanel-backups-with-scp.md", "status": "published", "id": "vv91e-fy006", "live_url": "https://works.hcommons.org/records/vv91e-fy006", "collection": "included"}
{"time": "2026-09-01T20:02:25+00:00", "post": "2011-01-09-android-rom-update-utility-extractor-for-linux.md", "status": "published", "id": "m87tw-hfj05", "live_url": "https://works.hcommons.org/records/m87tw-hfj05", "collection": "included"}
{"time": "2026-09-01T20:02:40+00:00", "post": "2011-01-11-mendeley-for-android-screenshot-of-collection-display.md", "status": "published", "id": "c724z-5qj89", "live_url": "https://works.hcommons.org/records/c724z-5qj89", "collection": "included"}
{"time": "2026-09-01T20:02:54+00:00", "post": "2011-01-11-sussex-research-hive-seminars.md", "status": "published", "id": "hhnt4-wnk98", "live_url": "https://works.hcommons.org/records/hhnt4-wnk98", "collection": "included"}
{"time": "2026-09-01T20:03:08+00:00", "post": "2011-01-13-publication-e2-80-98local-transcendence-postmodern-historiography-and-the-database-by-alan-liu-e2-80-99-textual-practice-24-6-december-2010.md", "status": "published", "id": "gf5g7-wny88", "live_url": "https://works.hcommons.org/records/gf5g7-wny88", "collection": "included"}
{"time": "2026-09-01T20:03:22+00:00", "post": "2011-01-14-getting-a-custom-sync-service-and-adapter-to-show-up-under-data-and-synchronization-on-android.md", "status": "published", "id": "8mn20-j9706", "live_url": "https://works.hcommons.org/records/8mn20-j9706", "collection": "included"}
{"time": "2026-09-01T20:03:39+00:00", "post": "2011-01-15-bbc-news-fathoming-financial-terms.md", "status": "published", "id": "j5b9n-zx122", "live_url": "https://works.hcommons.org/records/j5b9n-zx122", "collection": "included"}
{"time": "2026-09-01T20:04:00+00:00", "post": "2011-01-18-the-botnet-webs-of-hegemonyzombies-who-publish.md", "status": "published", "id": "yp9xp-q4273", "live_url": "https://works.hcommons.org/records/yp9xp-q4273", "collection": "included"}
{"time": "2026-09-01T20:04:21+00:00", "post": "2011-01-19-rockaby-mission-statement-and-implementation-plans.md", "status": "published", "id": "4t5tz-nn167", "live_url": "https://works.hcommons.org/records/4t5tz-nn167", "collection": "included"}
{"time": "2026-09-01T20:04:38+00:00", "post": "2011-01-21-ocz-revodrive-on-abit-fatal1ty-fp-in9-sli.md", "status": "published", "id": "v9z44-31a10", "live_url": "https://works.hcommons.org/records/v9z44-31a10", "collection": "included"}
{"time": "2026-09-01T20:04:53+00:00", "post": "2011-01-21-picture-this-postcards-competition.md", "status": "published", "id": "2kfsz-70c76", "live_url": "https://works.hcommons.org/records/2kfsz-70c76", "collection": "included"}
{"time": "2026-09-01T20:05:07+00:00", "post": "2011-01-24-mendeley-for-android-progress-update.md", "status": "published", "id": "sszbn-ds593", "live_url": "https://works.hcommons.org/records/sszbn-ds593", "collection": "included"}
{"time": "2026-09-01T20:05:22+00:00", "post": "2011-01-26-what-has-social-media-ever-done-for-me.md", "status": "published", "id": "x58p2-d4740", "live_url": "https://works.hcommons.org/records/x58p2-d4740", "collection": "included"}
{"time": "2026-09-01T20:05:38+00:00", "post": "2011-01-27-ssl-enabled.md", "status": "published", "id": "59anz-j1b11", "live_url": "https://works.hcommons.org/records/59anz-j1b11", "collection": "included"}
{"time": "2026-09-01T20:05:53+00:00", "post": "2011-01-28-a-statistical-history-of-uk-pynchon-doctorates.md", "status": "published", "id": "0brn2-egz30", "live_url": "https://works.hcommons.org/records/0brn2-egz30", "collection": "included"}
{"time": "2026-09-01T20:06:06+00:00", "post": "2011-01-31-pynchon-reference-in-the-economist.md", "status": "published", "id": "4nzga-ret69", "live_url": "https://works.hcommons.org/records/4nzga-ret69", "collection": "included"}
{"time": "2026-09-01T20:06:21+00:00", "post": "2011-02-02-on-phdchat-call-for-collaborationhistory-overview-themes-and-response.md", "status": "published", "id": "sybga-7px79", "live_url": "https://works.hcommons.org/records/sybga-7px79", "collection": "included"}
{"time": "2026-09-01T20:06:35+00:00", "post": "2011-02-03-sa4qe-2011-spreading-the-word-of-russell-hoban.md", "status": "published", "id": "mq7cp-sc404", "live_url": "https://works.hcommons.org/records/mq7cp-sc404", "collection": "included"}
{"time": "2026-09-01T20:06:49+00:00", "post": "2011-02-03-the-big-society-and-mythical-structure.md", "status": "published", "id": "qen7y-nmc98", "live_url": "https://works.hcommons.org/records/qen7y-nmc98", "collection": "included"}
{"time": "2026-09-01T20:07:05+00:00", "post": "2011-02-04-judith-butler-at-sussex-on-arendt-cohabitation-and-the-dispersion-of-sovereignty.md", "status": "published", "id": "e1wgz-56435", "live_url": "https://works.hcommons.org/records/e1wgz-56435", "collection": "included"}
{"time": "2026-09-01T20:07:21+00:00", "post": "2011-02-05-sa4qe2011-the-drops.md", "status": "published", "id": "g117v-fyp78", "live_url": "https://works.hcommons.org/records/g117v-fyp78", "collection": "included"}
{"time": "2026-09-01T20:07:35+00:00", "post": "2011-02-07-david-leigh-and-luke-hardings-wikileaks-inside-julian-assanges-war-on-secrecy.md", "status": "published", "id": "et8h3-rer55", "live_url": "https://works.hcommons.org/records/et8h3-rer55", "collection": "included"}
{"time": "2026-09-01T20:07:49+00:00", "post": "2011-02-08-cfp-first-conference-of-the-uk-academic-pynchon-network.md", "status": "published", "id": "w98y9-bk205", "live_url": "https://works.hcommons.org/records/w98y9-bk205", "collection": "included"}
{"time": "2026-09-01T20:08:04+00:00", "post": "2011-02-09-android-and-eduroam.md", "status": "published", "id": "r69kq-fas16", "live_url": "https://works.hcommons.org/records/r69kq-fas16", "collection": "included"}
{"time": "2026-09-01T20:08:18+00:00", "post": "2011-02-14-the-analytic-of-patriotism-on-greg-mitchells-the-age-of-wikileaks.md", "status": "published", "id": "tz8aj-ywa73", "live_url": "https://works.hcommons.org/records/tz8aj-ywa73", "collection": "included"}
{"time": "2026-09-01T20:08:33+00:00", "post": "2011-02-16-russell-hoban-in-conversation-with-will-self-at-the-british-library.md", "status": "published", "id": "r76az-cez92", "live_url": "https://works.hcommons.org/records/r76az-cez92", "collection": "included"}
{"time": "2026-09-01T20:08:47+00:00", "post": "2011-02-18-open-hardware-the-netgear-wnr3500l.md", "status": "published", "id": "sz79g-xek65", "live_url": "https://works.hcommons.org/records/sz79g-xek65", "collection": "included"}
{"time": "2026-09-01T20:09:01+00:00", "post": "2011-02-18-prisoner-rights-overcriminalisation-and-reform-in-democracy.md", "status": "published", "id": "r20p6-6pq86", "live_url": "https://works.hcommons.org/records/r20p6-6pq86", "collection": "included"}
{"time": "2026-09-01T20:09:15+00:00", "post": "2011-02-21-mendeley-for-android-update.md", "status": "published", "id": "t1g4g-rny19", "live_url": "https://works.hcommons.org/records/t1g4g-rny19", "collection": "included"}
{"time": "2026-09-01T20:09:29+00:00", "post": "2011-02-22-on-daniel-domscheit-bergs-inside-wikileaks-my-time-with-julian-assange-at-the-worlds-most-dangerous-website.md", "status": "published", "id": "ftp3m-b0984", "live_url": "https://works.hcommons.org/records/ftp3m-b0984", "collection": "included"}
{"time": "2026-09-01T20:09:43+00:00", "post": "2011-03-04-in-dubio-contra-reum-a-definition.md", "status": "published", "id": "729gv-7kx56", "live_url": "https://works.hcommons.org/records/729gv-7kx56", "collection": "included"}
{"time": "2026-09-01T20:09:57+00:00", "post": "2011-03-07-what-is-thomas-pynchons-gravitys-rainbow-about.md", "status": "published", "id": "0f47f-ksb18", "live_url": "https://works.hcommons.org/records/0f47f-ksb18", "collection": "included"}
{"time": "2026-09-01T20:10:11+00:00", "post": "2011-03-09-richard-stallman-at-the-university-of-sussex.md", "status": "published", "id": "0tcpv-qcg37", "live_url": "https://works.hcommons.org/records/0tcpv-qcg37", "collection": "included"}
{"time": "2026-09-01T20:10:27+00:00", "post": "2011-03-11-getting-published-in-academia.md", "status": "published", "id": "cf0bm-0a677", "live_url": "https://works.hcommons.org/records/cf0bm-0a677", "collection": "included"}
{"time": "2026-09-01T20:10:41+00:00", "post": "2011-03-11-the-gaz-pearce-award.md", "status": "published", "id": "h24et-xa053", "live_url": "https://works.hcommons.org/records/h24et-xa053", "collection": "included"}
{"time": "2026-09-01T20:10:56+00:00", "post": "2011-03-11-uk-pynchon-network-site-up-and-programme-announced.md", "status": "published", "id": "8s6sp-bnt23", "live_url": "https://works.hcommons.org/records/8s6sp-bnt23", "collection": "included"}
{"time": "2026-09-01T20:11:11+00:00", "post": "2011-03-14-things-to-do-when-you-get-a-new-android-phone.md", "status": "published", "id": "78wzm-1dy85", "live_url": "https://works.hcommons.org/records/78wzm-1dy85", "collection": "included"}
{"time": "2026-09-01T20:11:26+00:00", "post": "2011-03-15-unreasonable-fees-by-which-metric.md", "status": "published", "id": "vkm6m-yhz17", "live_url": "https://works.hcommons.org/records/vkm6m-yhz17", "collection": "included"}
{"time": "2026-09-01T20:11:42+00:00", "post": "2011-03-17-conference-paper-the-f-word-2011-04-01-university-of-durham.md", "status": "published", "id": "2jzxw-mc889", "live_url": "https://works.hcommons.org/records/2jzxw-mc889", "collection": "included"}
{"time": "2026-09-01T20:11:56+00:00", "post": "2011-03-17-designing-a-uk-undergraduate-english-literature-course.md", "status": "published", "id": "54qdt-re405", "live_url": "https://works.hcommons.org/records/54qdt-re405", "collection": "included"}
{"time": "2026-09-01T20:12:13+00:00", "post": "2011-03-23-picture-this-postcards-exhibition.md", "status": "published", "id": "we3w2-bdg60", "live_url": "https://works.hcommons.org/records/we3w2-bdg60", "collection": "included"}
{"time": "2026-09-01T20:12:30+00:00", "post": "2011-03-25-upcoming-workshop-using-twitter-for-research.md", "status": "published", "id": "nz82n-6rm91", "live_url": "https://works.hcommons.org/records/nz82n-6rm91", "collection": "included"}
{"time": "2026-09-01T20:12:47+00:00", "post": "2011-04-02-my-recent-work-at-berfrois.md", "status": "published", "id": "994jt-3d135", "live_url": "https://works.hcommons.org/records/994jt-3d135", "collection": "included"}
{"time": "2026-09-01T20:13:03+00:00", "post": "2011-04-03-exactly-half-way-through-my-phd-timetable.md", "status": "published", "id": "hyzw6-6a807", "live_url": "https://works.hcommons.org/records/hyzw6-6a807", "collection": "included"}
{"time": "2026-09-01T20:13:18+00:00", "post": "2011-04-03-installing-zotero-on-ubuntu-natty-11-04beta.md", "status": "published", "id": "aek2d-hb668", "live_url": "https://works.hcommons.org/records/aek2d-hb668", "collection": "included"}
{"time": "2026-09-01T20:13:34+00:00", "post": "2011-04-05-conference-paper-e2-80-9cthe-drivers-whip-is-an-evil-thing-e2-80-9d-enlightenment-as-mass-enslavement-in-the-works-of-thomas-pynchon-2011-06-17-university-of-portsmouth.md", "status": "published", "id": "510fw-s6p12", "live_url": "https://works.hcommons.org/records/510fw-s6p12", "collection": "included"}
{"time": "2026-09-01T20:13:48+00:00", "post": "2011-04-05-ubuntu-natty-beta-1-my-upgrade-experience.md", "status": "published", "id": "wbd4j-rpa22", "live_url": "https://works.hcommons.org/records/wbd4j-rpa22", "collection": "included"}
{"time": "2026-09-01T20:14:04+00:00", "post": "2011-04-08-speaking-plainly.md", "status": "published", "id": "k5x33-y1r43", "live_url": "https://works.hcommons.org/records/k5x33-y1r43", "collection": "included"}
{"time": "2026-09-01T20:14:18+00:00", "post": "2011-04-11-delay-to-report-on-first-ukpn-meeting.md", "status": "published", "id": "m0nsb-cwg34", "live_url": "https://works.hcommons.org/records/m0nsb-cwg34", "collection": "included"}
{"time": "2026-09-01T20:14:34+00:00", "post": "2011-04-13-how-not-to-apply-to-give-a-conference-paper.md", "status": "published", "id": "ag55q-0e137", "live_url": "https://works.hcommons.org/records/ag55q-0e137", "collection": "included"}
{"time": "2026-09-01T20:14:48+00:00", "post": "2011-04-13-publication-review-of-joe-moran-interdisciplinarity-2nd-edition-rupkatha-3-1-april-2011.md", "status": "published", "id": "mh75n-3v963", "live_url": "https://works.hcommons.org/records/mh75n-3v963", "collection": "included"}
{"time": "2026-09-01T20:15:02+00:00", "post": "2011-04-14-live-qa-life-after-a-phd-friday-15th-april-2011-13-00-16-00.md", "status": "published", "id": "enmj8-hp633", "live_url": "https://works.hcommons.org/records/enmj8-hp633", "collection": "included"}
{"time": "2026-09-01T20:15:17+00:00", "post": "2011-04-14-pynchon-in-public-day-2011.md", "status": "published", "id": "ry0k8-8z431", "live_url": "https://works.hcommons.org/records/ry0k8-8z431", "collection": "included"}
{"time": "2026-09-01T20:15:32+00:00", "post": "2011-04-16-david-foster-wallaces-the-pale-king-bonnie-nadell-and-michael-pietsch-at-foyles.md", "status": "published", "id": "as48m-5tx79", "live_url": "https://works.hcommons.org/records/as48m-5tx79", "collection": "included"}
{"time": "2026-09-01T20:15:46+00:00", "post": "2011-04-21-crossword-helper-for-android.md", "status": "published", "id": "rgdq0-35h87", "live_url": "https://works.hcommons.org/records/rgdq0-35h87", "collection": "included"}
{"time": "2026-09-01T20:16:01+00:00", "post": "2011-04-24-romeo-castellucci-societas-raffaello-sanzios-on-the-concept-of-the-face-regarding-the-son-of-god.md", "status": "published", "id": "gaqbh-yzr55", "live_url": "https://works.hcommons.org/records/gaqbh-yzr55", "collection": "included"}
{"time": "2026-09-01T20:16:15+00:00", "post": "2011-04-28-guardian-qa-summary-life-after-a-phd.md", "status": "published", "id": "x81xz-mmn78", "live_url": "https://works.hcommons.org/records/x81xz-mmn78", "collection": "included"}
{"time": "2026-09-01T20:16:29+00:00", "post": "2011-04-28-my-ahea-success-featured-in-rustle.md", "status": "published", "id": "ga1em-9a380", "live_url": "https://works.hcommons.org/records/ga1em-9a380", "collection": "included"}
{"time": "2026-09-01T20:16:44+00:00", "post": "2011-05-04-weve-met-before-havent-we-spatio-temporal-distortion-in-david-lynchs-lost-highway.md", "status": "published", "id": "17d96-w9q29", "live_url": "https://works.hcommons.org/records/17d96-w9q29", "collection": "included"}
{"time": "2026-09-01T20:16:58+00:00", "post": "2011-05-06-on-pynchon-and-privacy.md", "status": "published", "id": "e8vwq-6b483", "live_url": "https://works.hcommons.org/records/e8vwq-6b483", "collection": "included"}
{"time": "2026-09-01T20:17:13+00:00", "post": "2011-05-16-photograph-and-interview-in-the-guardian.md", "status": "published", "id": "wm318-hy533", "live_url": "https://works.hcommons.org/records/wm318-hy533", "collection": "included"}
{"time": "2026-09-01T20:17:27+00:00", "post": "2011-05-18-guarding-your-academic-ideas.md", "status": "published", "id": "pwnxq-c5q91", "live_url": "https://works.hcommons.org/records/pwnxq-c5q91", "collection": "included"}
{"time": "2026-09-01T20:17:41+00:00", "post": "2011-05-20-osama-bin-laden-and-nuremberg-precedent.md", "status": "published", "id": "facrg-54a47", "live_url": "https://works.hcommons.org/records/facrg-54a47", "collection": "included"}
{"time": "2026-09-01T20:17:55+00:00", "post": "2011-05-23-using-twitter-for-research.md", "status": "published", "id": "wgpp4-pkm53", "live_url": "https://works.hcommons.org/records/wgpp4-pkm53", "collection": "included"}
{"time": "2026-09-01T20:18:09+00:00", "post": "2011-05-25-the-rhetoric-of-fighting-illness-and-disability.md", "status": "published", "id": "txn0j-1ff58", "live_url": "https://works.hcommons.org/records/txn0j-1ff58", "collection": "included"}
{"time": "2026-09-01T20:18:24+00:00", "post": "2011-05-27-academic-businesss-cards.md", "status": "published", "id": "v1zsg-8k116", "live_url": "https://works.hcommons.org/records/v1zsg-8k116", "collection": "included"}
{"time": "2026-09-01T20:18:39+00:00", "post": "2011-05-30-moving-from-ubuntu-to-fedora.md", "status": "published", "id": "prh5m-83187", "live_url": "https://works.hcommons.org/records/prh5m-83187", "collection": "included"}
{"time": "2026-09-01T20:18:54+00:00", "post": "2011-06-01-william-gibson-cory-doctorow-diane-coyle-and-mark-stevenson-at-the-british-library.md", "status": "published", "id": "ffbb0-16v97", "live_url": "https://works.hcommons.org/records/ffbb0-16v97", "collection": "included"}
{"time": "2026-09-01T20:19:09+00:00", "post": "2011-06-07-a-brief-intro-pynchon-bibliography-biographical-and-gravitys-rainbow.md", "status": "published", "id": "b7k0j-p9k55", "live_url": "https://works.hcommons.org/records/b7k0j-p9k55", "collection": "included"}
{"time": "2026-09-01T20:19:24+00:00", "post": "2011-06-08-six-lines-to-get-sun-java-running-on-fedora-15-x64.md", "status": "published", "id": "15cj1-cd029", "live_url": "https://works.hcommons.org/records/15cj1-cd029", "collection": "included"}
{"time": "2026-09-01T20:19:39+00:00", "post": "2011-06-13-more-pynchonalia.md", "status": "published", "id": "fte6v-f3227", "live_url": "https://works.hcommons.org/records/fte6v-f3227", "collection": "included"}
{"time": "2026-09-01T20:19:54+00:00", "post": "2011-06-14-upcoming-workshop-inbox-zero-and-tech-task-lists-getting-things-done.md", "status": "published", "id": "aw1g1-p4076", "live_url": "https://works.hcommons.org/records/aw1g1-p4076", "collection": "included"}
{"time": "2026-09-01T20:20:10+00:00", "post": "2011-06-15-media-piece-taking-back-the-university-the-guardian.md", "status": "published", "id": "0hmn7-9d776", "live_url": "https://works.hcommons.org/records/0hmn7-9d776", "collection": "included"}
{"time": "2026-09-01T20:20:24+00:00", "post": "2011-06-16-conference-paper-geo-specificity-of-enlightenment-in-mason-dixon-2011-06-24-university-of-glasgow.md", "status": "published", "id": "dsht4-2dr41", "live_url": "https://works.hcommons.org/records/dsht4-2dr41", "collection": "included"}
{"time": "2026-09-01T20:20:38+00:00", "post": "2011-06-20-cfp-excursions-journal-states-of-emergence-states-of-emergency.md", "status": "published", "id": "441gj-2c212", "live_url": "https://works.hcommons.org/records/441gj-2c212", "collection": "included"}
{"time": "2026-09-01T20:20:54+00:00", "post": "2011-06-21-excursions-vol-2-issue-1-virus-2011.md", "status": "published", "id": "dhed3-2z794", "live_url": "https://works.hcommons.org/records/dhed3-2z794", "collection": "included"}
{"time": "2026-09-01T20:21:08+00:00", "post": "2011-06-22-angry-young-academics-the-directors-cut.md", "status": "published", "id": "x430r-qdy13", "live_url": "https://works.hcommons.org/records/x430r-qdy13", "collection": "included"}
{"time": "2026-09-01T20:21:22+00:00", "post": "2011-06-24-the-8th-biennial-symbiosis-conference-day-1.md", "status": "published", "id": "kb34p-0pe71", "live_url": "https://works.hcommons.org/records/kb34p-0pe71", "collection": "included"}
{"time": "2026-09-01T20:21:37+00:00", "post": "2011-06-25-the-8th-biennial-symbiosis-conference-day-2.md", "status": "published", "id": "6785y-rbc81", "live_url": "https://works.hcommons.org/records/6785y-rbc81", "collection": "included"}
{"time": "2026-09-01T20:21:52+00:00", "post": "2011-06-26-the-8th-biennial-symbiosis-conference-day-3.md", "status": "published", "id": "wxqrm-s6907", "live_url": "https://works.hcommons.org/records/wxqrm-s6907", "collection": "included"}
{"time": "2026-09-01T20:22:06+00:00", "post": "2011-06-27-enslavement-conference-portsmouth-17th-june-2011.md", "status": "published", "id": "nfxcg-2m503", "live_url": "https://works.hcommons.org/records/nfxcg-2m503", "collection": "included"}
{"time": "2026-09-01T20:22:21+00:00", "post": "2011-06-28-is-academic-work-commercial-how-does-this-affect-libre-licensing.md", "status": "published", "id": "2a5vs-qfe98", "live_url": "https://works.hcommons.org/records/2a5vs-qfe98", "collection": "included"}
{"time": "2026-09-01T20:22:36+00:00", "post": "2011-06-28-uk-he-white-paper-day.md", "status": "published", "id": "eh068-z4w16", "live_url": "https://works.hcommons.org/records/eh068-z4w16", "collection": "included"}
{"time": "2026-09-01T20:22:50+00:00", "post": "2011-07-05-dropbox-youve-missed-the-real-problem.md", "status": "published", "id": "cn7d4-njp33", "live_url": "https://works.hcommons.org/records/cn7d4-njp33", "collection": "included"}
{"time": "2026-09-01T20:23:06+00:00", "post": "2011-07-06-a-thomas-pynchon-tattoo-recruit.md", "status": "published", "id": "gpjp2-ze535", "live_url": "https://works.hcommons.org/records/gpjp2-ze535", "collection": "included"}
{"time": "2026-09-01T20:23:20+00:00", "post": "2011-07-08-britain-or-america-for-the-phd-in-english.md", "status": "published", "id": "xs2sw-pfd43", "live_url": "https://works.hcommons.org/records/xs2sw-pfd43", "collection": "included"}
{"time": "2026-09-01T20:23:34+00:00", "post": "2011-07-11-change-of-license-all-content-now-cc-by.md", "status": "published", "id": "5yr30-31b66", "live_url": "https://works.hcommons.org/records/5yr30-31b66", "collection": "included"}
{"time": "2026-09-01T20:23:49+00:00", "post": "2011-07-11-orbit-writing-around-pynchon.md", "status": "published", "id": "n743k-1wg39", "live_url": "https://works.hcommons.org/records/n743k-1wg39", "collection": "included"}
{"time": "2026-09-01T20:24:03+00:00", "post": "2011-07-21-i-have-nothing-to-do-with-this-dissertation-writing-service.md", "status": "published", "id": "7zzyt-ww495", "live_url": "https://works.hcommons.org/records/7zzyt-ww495", "collection": "included"}
{"time": "2026-09-01T20:24:17+00:00", "post": "2011-07-22-using-elliptical-curve-cryptography-in-openssh.md", "status": "published", "id": "hktfr-sjg51", "live_url": "https://works.hcommons.org/records/hktfr-sjg51", "collection": "included"}
{"time": "2026-09-01T20:24:33+00:00", "post": "2011-07-30-thoughts-from-calling-all-agents-the-first-symposium-on-the-work-of-tom-mccarthy.md", "status": "published", "id": "p5j6w-w2023", "live_url": "https://works.hcommons.org/records/p5j6w-w2023", "collection": "included"}
{"time": "2026-09-01T20:24:48+00:00", "post": "2011-08-02-britain-or-america-for-the-phd-in-english-part-2.md", "status": "published", "id": "ehydm-skt62", "live_url": "https://works.hcommons.org/records/ehydm-skt62", "collection": "included"}
{"time": "2026-09-01T20:25:03+00:00", "post": "2011-08-03-conference-paper-it-sures-hell-looked-like-war-terrorism-and-the-cold-war-in-thomas-pynchons-against-the-day-and-don-delillos-underworld-2010-06-09-university-of-lublin.md", "status": "published", "id": "4fy3w-krh91", "live_url": "https://works.hcommons.org/records/4fy3w-krh91", "collection": "included"}
{"time": "2026-09-01T20:25:17+00:00", "post": "2011-08-04-conference-paper-autosubversive-practices-in-academic-publishing-uksg-2012-03-26.md", "status": "published", "id": "x2td1-g0s09", "live_url": "https://works.hcommons.org/records/x2td1-g0s09", "collection": "included"}
{"time": "2026-09-01T20:25:31+00:00", "post": "2011-08-08-encrypted-partition-recovery-on-ubuntu-10-10.md", "status": "published", "id": "j40fy-tbd25", "live_url": "https://works.hcommons.org/records/j40fy-tbd25", "collection": "included"}
{"time": "2026-09-01T20:25:45+00:00", "post": "2011-08-19-postgraduate-publishing.md", "status": "published", "id": "2t9tj-q8s78", "live_url": "https://works.hcommons.org/records/2t9tj-q8s78", "collection": "included"}
{"time": "2026-09-01T20:26:00+00:00", "post": "2011-08-26-satchmo-payment-modules.md", "status": "published", "id": "r7mn8-4jr57", "live_url": "https://works.hcommons.org/records/r7mn8-4jr57", "collection": "included"}
{"time": "2026-09-01T20:26:15+00:00", "post": "2011-08-27-hefce-board-appointments-learning-through-argos.md", "status": "published", "id": "p3a14-27080", "live_url": "https://works.hcommons.org/records/p3a14-27080", "collection": "included"}
{"time": "2026-09-01T20:26:29+00:00", "post": "2011-08-31-guest-post-at-phd2published.md", "status": "published", "id": "cftba-22446", "live_url": "https://works.hcommons.org/records/cftba-22446", "collection": "included"}
{"time": "2026-09-01T20:26:43+00:00", "post": "2011-09-02-immanent-critique-of-closed-access-publication.md", "status": "published", "id": "2j19c-rv542", "live_url": "https://works.hcommons.org/records/2j19c-rv542", "collection": "included"}
{"time": "2026-09-01T20:26:57+00:00", "post": "2011-09-03-installing-zotero-on-ubuntu-oneiric-11-10beta.md", "status": "published", "id": "ee8p7-10p43", "live_url": "https://works.hcommons.org/records/ee8p7-10p43", "collection": "included"}
{"time": "2026-09-01T20:27:11+00:00", "post": "2011-09-06-adorno-terminology-intentio-recta-and-intention-obliqua.md", "status": "published", "id": "h5pkb-whq34", "live_url": "https://works.hcommons.org/records/h5pkb-whq34", "collection": "included"}
{"time": "2026-09-01T20:27:25+00:00", "post": "2011-09-06-is-it-worth-presenting-at-postgraduate-conferences.md", "status": "published", "id": "2ad0z-vwt91", "live_url": "https://works.hcommons.org/records/2ad0z-vwt91", "collection": "included"}
{"time": "2026-09-01T20:27:39+00:00", "post": "2011-09-08-troy-davis-innocence-and-execution-if-this-is-a-man.md", "status": "published", "id": "gj56r-h7322", "live_url": "https://works.hcommons.org/records/gj56r-h7322", "collection": "included"}
{"time": "2026-09-01T20:27:54+00:00", "post": "2011-09-14-publishing-articles-in-pdf-via-xmlxslt-using-open-journal-systems-2-3-6.md", "status": "published", "id": "1mtcz-r2b17", "live_url": "https://works.hcommons.org/records/1mtcz-r2b17", "collection": "included"}
{"time": "2026-09-01T20:28:09+00:00", "post": "2011-09-17-writing-a-plugin-for-open-journal-systems-part-1.md", "status": "published", "id": "1erjj-y8505", "live_url": "https://works.hcommons.org/records/1erjj-y8505", "collection": "included"}
{"time": "2026-09-01T20:28:23+00:00", "post": "2011-09-22-words-in-memory-of-troy-davis.md", "status": "published", "id": "48nhy-b0357", "live_url": "https://works.hcommons.org/records/48nhy-b0357", "collection": "included"}
{"time": "2026-09-01T20:28:38+00:00", "post": "2011-09-25-64bit-gnulinux-and-webcams-logitech-quickcam-express.md", "status": "published", "id": "m295j-4ew02", "live_url": "https://works.hcommons.org/records/m295j-4ew02", "collection": "included"}
{"time": "2026-09-01T20:28:51+00:00", "post": "2011-09-25-writing-a-plugin-for-open-journal-systems-part-2.md", "status": "published", "id": "9s3ww-cdk62", "live_url": "https://works.hcommons.org/records/9s3ww-cdk62", "collection": "included"}
{"time": "2026-09-01T20:29:06+00:00", "post": "2011-09-27-academia-edtech-blogging-and-twitter-enough-with-the-meta-already.md", "status": "published", "id": "zjs22-xsq57", "live_url": "https://works.hcommons.org/records/zjs22-xsq57", "collection": "included"}
{"time": "2026-09-01T20:29:20+00:00", "post": "2011-09-30-adorno-benjamin-and-wittgenstein-knowledge-is-not-property.md", "status": "published", "id": "9333d-spg83", "live_url": "https://works.hcommons.org/records/9333d-spg83", "collection": "included"}
{"time": "2026-09-01T20:29:34+00:00", "post": "2011-10-06-the-nobel-prize-for-literature-2011-hoax.md", "status": "published", "id": "k9y04-j0903", "live_url": "https://works.hcommons.org/records/k9y04-j0903", "collection": "included"}
{"time": "2026-09-01T20:29:47+00:00", "post": "2011-10-12-the-werritty-feasel.md", "status": "published", "id": "56s67-s6m59", "live_url": "https://works.hcommons.org/records/56s67-s6m59", "collection": "included"}
{"time": "2026-09-01T20:30:00+00:00", "post": "2011-10-15-happy-85th-birthday-michel-foucault.md", "status": "published", "id": "fzv3m-f2k10", "live_url": "https://works.hcommons.org/records/fzv3m-f2k10", "collection": "included"}
{"time": "2026-09-01T20:30:14+00:00", "post": "2011-10-17-donne-it-wrong-holy-sonnet-numbering-confusion.md", "status": "published", "id": "ea4fv-x8v85", "live_url": "https://works.hcommons.org/records/ea4fv-x8v85", "collection": "included"}
{"time": "2026-09-01T20:30:28+00:00", "post": "2011-10-21-reading-the-my-marxist-feminist-dialectic-brings-all-the-boys-to-the-yard-t-shirt.md", "status": "published", "id": "qt10g-ztq05", "live_url": "https://works.hcommons.org/records/qt10g-ztq05", "collection": "included"}
{"time": "2026-09-01T20:30:43+00:00", "post": "2011-10-24-pynchons-friends-in-gravitys-rainbow.md", "status": "published", "id": "w4qk0-z0j02", "live_url": "https://works.hcommons.org/records/w4qk0-z0j02", "collection": "included"}
{"time": "2026-09-01T20:30:56+00:00", "post": "2011-10-25-open-access-week-at-the-university-of-sussex.md", "status": "published", "id": "5s5n8-1qx71", "live_url": "https://works.hcommons.org/records/5s5n8-1qx71", "collection": "included"}
{"time": "2026-09-01T20:31:10+00:00", "post": "2011-10-30-booting-ubuntu-from-devices-invisible-to-grub2.md", "status": "published", "id": "fgadn-5ya32", "live_url": "https://works.hcommons.org/records/fgadn-5ya32", "collection": "included"}
{"time": "2026-09-01T20:31:25+00:00", "post": "2011-11-02-a-dissenting-voice-on-acbowrimo.md", "status": "published", "id": "32k0a-05561", "live_url": "https://works.hcommons.org/records/32k0a-05561", "collection": "included"}
{"time": "2026-09-01T20:31:39+00:00", "post": "2011-11-02-complaint-over-the-closure-of-the-british-library-to-accomodate-a-visit-from-the-queen.md", "status": "published", "id": "93q2r-3m254", "live_url": "https://works.hcommons.org/records/93q2r-3m254", "collection": "included"}
{"time": "2026-09-01T20:31:53+00:00", "post": "2011-11-05-brian-lobel-ball-and-other-funny-stories-about-cancer.md", "status": "published", "id": "d4e0w-dzt59", "live_url": "https://works.hcommons.org/records/d4e0w-dzt59", "collection": "included"}
{"time": "2026-09-01T20:32:07+00:00", "post": "2011-11-07-simon-f-davies-open-educational-resource-on-literary-terms.md", "status": "published", "id": "4e394-j6565", "live_url": "https://works.hcommons.org/records/4e394-j6565", "collection": "included"}
{"time": "2026-09-01T20:32:22+00:00", "post": "2011-11-18-guest-post-on-google-scholar-citations.md", "status": "published", "id": "g0xyg-qpe94", "live_url": "https://works.hcommons.org/records/g0xyg-qpe94", "collection": "included"}
{"time": "2026-09-01T20:32:36+00:00", "post": "2011-11-19-netids-development-restarted-participants-wanted.md", "status": "published", "id": "83k2z-8ng09", "live_url": "https://works.hcommons.org/records/83k2z-8ng09", "collection": "included"}
{"time": "2026-09-01T20:32:51+00:00", "post": "2011-11-28-forthcoming-workshops-academic-websites-protecting-your-assets.md", "status": "published", "id": "3375z-yrd46", "live_url": "https://works.hcommons.org/records/3375z-yrd46", "collection": "included"}
{"time": "2026-09-01T20:33:06+00:00", "post": "2011-12-01-first-fictions-launch-weekend-20-22-january-2012.md", "status": "published", "id": "rt9w8-rds71", "live_url": "https://works.hcommons.org/records/rt9w8-rds71", "collection": "included"}
{"time": "2026-09-01T20:33:21+00:00", "post": "2011-12-02-dialectic-of-enlightenment-2011.md", "status": "published", "id": "fk6an-h3t74", "live_url": "https://works.hcommons.org/records/fk6an-h3t74", "collection": "included"}
{"time": "2026-09-01T20:33:35+00:00", "post": "2011-12-02-global-and-historical-reasons-why-it-is-utterly-innapropriate-even-to-joke-about-killing-trade-unionists.md", "status": "published", "id": "nhkc1-33129", "live_url": "https://works.hcommons.org/records/nhkc1-33129", "collection": "included"}
{"time": "2026-09-01T20:33:49+00:00", "post": "2011-12-07-support-war-child-and-see-laurent-gardnerbooka-shadeleftfield-live-april-2012.md", "status": "published", "id": "ap47q-ya748", "live_url": "https://works.hcommons.org/records/ap47q-ya748", "collection": "included"}
{"time": "2026-09-01T20:34:03+00:00", "post": "2011-12-12-publication-historical-sources-for-pynchon-e2-80-99s-peter-pinguid-society-pynchon-notes-56-57-spring-fall-2009-pp-242-245.md", "status": "published", "id": "c1rxx-zz569", "live_url": "https://works.hcommons.org/records/c1rxx-zz569", "collection": "included"}
{"time": "2026-09-01T20:34:17+00:00", "post": "2011-12-13-a-minor-correction-to-anne-mangels-maxwells-demon-entropy-information-the-crying-of-lot-49.md", "status": "published", "id": "fr3n2-txk30", "live_url": "https://works.hcommons.org/records/fr3n2-txk30", "collection": "included"}
{"time": "2026-09-01T20:34:31+00:00", "post": "2011-12-16-mexmlgalley-now-supporting-image-insertion-ojs-xml-to-pdf.md", "status": "published", "id": "cya1f-1m465", "live_url": "https://works.hcommons.org/records/cya1f-1m465", "collection": "included"}
{"time": "2026-09-01T20:34:47+00:00", "post": "2011-12-22-guest-piece-in-the-guardian-secondary-schools-are-not-adequately-preparing-students-for-higher-education.md", "status": "published", "id": "ztxcy-v8t46", "live_url": "https://works.hcommons.org/records/ztxcy-v8t46", "collection": "included"}
{"time": "2026-09-01T20:35:01+00:00", "post": "2011-12-30-2012-year-of-the-phd-completion-guardian-higher-education-top-10-posts-of-2011.md", "status": "published", "id": "5y856-7mq78", "live_url": "https://works.hcommons.org/records/5y856-7mq78", "collection": "included"}
{"time": "2026-09-01T20:35:17+00:00", "post": "2011-12-30-account-aggregation-with-uk-banks-and-a-free-software-lloyds-tsb-scraper.md", "status": "published", "id": "a4sqx-n4555", "live_url": "https://works.hcommons.org/records/a4sqx-n4555", "collection": "included"}
{"time": "2026-09-01T20:35:34+00:00", "post": "2012-01-03-the-only-known-inscribed-pynchon-book-with-a-presentation-letter.md", "status": "published", "id": "gg8pp-j4a44", "live_url": "https://works.hcommons.org/records/gg8pp-j4a44", "collection": "included"}
{"time": "2026-09-01T20:35:50+00:00", "post": "2012-01-06-adorno-terminology-ce-ac-ce-bb-ce-bb-ce-bf-ce-b3-ce-ad-ce-bd-ce-bf-cf-82.md", "status": "published", "id": "0mv74-qj870", "live_url": "https://works.hcommons.org/records/0mv74-qj870", "collection": "included"}
{"time": "2026-09-01T20:36:06+00:00", "post": "2012-01-06-adorno-terminology-cf-87-cf-89-cf-81-ce-b9-cf-83-ce-bc-e1-bd-b9-cf-82-chorismos.md", "status": "published", "id": "hc8ed-nej19", "live_url": "https://works.hcommons.org/records/hc8ed-nej19", "collection": "included"}
{"time": "2026-09-01T20:36:20+00:00", "post": "2012-01-07-adorno-greek-lexicon-project.md", "status": "published", "id": "bdbwm-b3s96", "live_url": "https://works.hcommons.org/records/bdbwm-b3s96", "collection": "included"}
{"time": "2026-09-01T20:36:34+00:00", "post": "2012-01-07-adorno-terminology-ce-b8-ce-ad-cf-83-ce-b5-ce-b9.md", "status": "published", "id": "b5egc-s7d14", "live_url": "https://works.hcommons.org/records/b5egc-s7d14", "collection": "included"}
{"time": "2026-09-01T20:36:49+00:00", "post": "2012-01-07-adorno-terminology-ce-ba-ce-b1-ce-b9-cf-81-ce-bf-cf-82.md", "status": "published", "id": "hmmdy-mh066", "live_url": "https://works.hcommons.org/records/hmmdy-mh066", "collection": "included"}
{"time": "2026-09-01T20:37:02+00:00", "post": "2012-01-09-adorno-terminology-ce-b7-ce-b4-ce-bf-ce-bd-ce-b7.md", "status": "published", "id": "etycn-szq40", "live_url": "https://works.hcommons.org/records/etycn-szq40", "collection": "included"}
{"time": "2026-09-01T20:37:16+00:00", "post": "2012-01-09-its-not-p-t-anderson-but-someone-has-started-an-inherent-vice-adaptation.md", "status": "published", "id": "8ba46-qdz47", "live_url": "https://works.hcommons.org/records/8ba46-qdz47", "collection": "included"}
{"time": "2026-09-01T20:37:30+00:00", "post": "2012-01-09-pynchon-character-etymology-etienne-cherdlu.md", "status": "published", "id": "4ev5q-1rg69", "live_url": "https://works.hcommons.org/records/4ev5q-1rg69", "collection": "included"}
{"time": "2026-09-01T20:37:43+00:00", "post": "2012-01-10-adorno-terminology-ce-b5-cf-80-ce-bf-cf-87-ce-b7-misprint-of-ce-b1-cf-80-ce-bf-cf-87-ce-ae.md", "status": "published", "id": "y65s7-gww35", "live_url": "https://works.hcommons.org/records/y65s7-gww35", "collection": "included"}
{"time": "2026-09-01T20:37:57+00:00", "post": "2012-01-11-adnorno-terminology-ce-b8-ce-b1-cf-85-ce-bc-ce-b1-ce-b6-ce-b5-ce-b9v.md", "status": "published", "id": "5th7h-nrt74", "live_url": "https://works.hcommons.org/records/5th7h-nrt74", "collection": "included"}
{"time": "2026-09-01T20:38:11+00:00", "post": "2012-01-11-adorno-terminology-ce-ba-ce-b1-cf-84-ce-b5-ce-be-ce-bf-cf-87-ce-b7-ce-bd.md", "status": "published", "id": "r7rta-ndw44", "live_url": "https://works.hcommons.org/records/r7rta-ndw44", "collection": "included"}
{"time": "2026-09-01T20:38:25+00:00", "post": "2012-01-11-adorno-terminology-e1-bc-80-ce-b3-cf-8e-ce-bd-agon.md", "status": "published", "id": "d0jh6-3xn36", "live_url": "https://works.hcommons.org/records/d0jh6-3xn36", "collection": "included"}
{"time": "2026-09-01T20:38:39+00:00", "post": "2012-01-13-adorno-terminology-cf-84-ce-ad-cf-87-ce-bd-ce-b7.md", "status": "published", "id": "k9bxn-vbe84", "live_url": "https://works.hcommons.org/records/k9bxn-vbe84", "collection": "included"}
{"time": "2026-09-01T20:38:53+00:00", "post": "2012-01-13-adorno-terminology-cf-84-ce-bf-ce-b4-ce-b5-cf-84-ce-b9.md", "status": "published", "id": "phw10-bnm89", "live_url": "https://works.hcommons.org/records/phw10-bnm89", "collection": "included"}
{"time": "2026-09-01T20:39:06+00:00", "post": "2012-01-14-joe-ortons-defaced-books-at-the-islington-museum.md", "status": "published", "id": "2bfyg-dc790", "live_url": "https://works.hcommons.org/records/2bfyg-dc790", "collection": "included"}
{"time": "2026-09-01T20:39:20+00:00", "post": "2012-01-17-adorno-terminology-ce-b6-e1-bf-b7-ce-bf-ce-bd-cf-80-ce-bf-ce-bb-ce-b9-cf-84-ce-b9-ce-ba-cf-8c-ce-bd.md", "status": "published", "id": "0fj6w-8fm45", "live_url": "https://works.hcommons.org/records/0fj6w-8fm45", "collection": "included"}
{"time": "2026-09-01T20:39:33+00:00", "post": "2012-01-18-a-complete-list-of-the-ancient-greek-terms-in-adornos-aesthetic-theory.md", "status": "published", "id": "aa51n-qe073", "live_url": "https://works.hcommons.org/records/aa51n-qe073", "collection": "included"}
{"time": "2026-09-01T20:39:48+00:00", "post": "2012-01-23-ive-gone-to-ipv6.md", "status": "published", "id": "3bpss-x5r31", "live_url": "https://works.hcommons.org/records/3bpss-x5r31", "collection": "included"}
{"time": "2026-09-01T20:40:02+00:00", "post": "2012-01-23-protecting-your-assets-backing-up-your-academic-work.md", "status": "published", "id": "cgexa-76697", "live_url": "https://works.hcommons.org/records/cgexa-76697", "collection": "included"}
{"time": "2026-09-01T20:40:16+00:00", "post": "2012-01-24-first-fictions-festival-at-sussex.md", "status": "published", "id": "1nkdw-mz503", "live_url": "https://works.hcommons.org/records/1nkdw-mz503", "collection": "included"}
{"time": "2026-09-01T20:40:31+00:00", "post": "2012-01-26-adorno-terminology-ce-b1-cf-81-cf-87-ce-b1-ce-af.md", "status": "published", "id": "ah7cs-3k812", "live_url": "https://works.hcommons.org/records/ah7cs-3k812", "collection": "included"}
{"time": "2026-09-01T20:40:45+00:00", "post": "2012-01-27-first-draft-of-my-ph-d-is-done.md", "status": "published", "id": "jwdqj-51j21", "live_url": "https://works.hcommons.org/records/jwdqj-51j21", "collection": "included"}
{"time": "2026-09-01T20:40:59+00:00", "post": "2012-02-02-project-idearequest-for-comment-opendoi.md", "status": "published", "id": "8dart-47q76", "live_url": "https://works.hcommons.org/records/8dart-47q76", "collection": "included"}
{"time": "2026-09-01T20:41:14+00:00", "post": "2012-02-03-dois-what-you-need-to-know.md", "status": "published", "id": "53g2a-q4g94", "live_url": "https://works.hcommons.org/records/53g2a-q4g94", "collection": "included"}
{"time": "2026-09-01T20:41:28+00:00", "post": "2012-02-04-more-thoughts-on-metrics-link-rot-canonical-urls.md", "status": "published", "id": "frys2-1sw65", "live_url": "https://works.hcommons.org/records/frys2-1sw65", "collection": "included"}
{"time": "2026-09-01T20:41:42+00:00", "post": "2012-02-06-doing-a-ph-d-using-only-free-open-source-software.md", "status": "published", "id": "t0f5x-31c61", "live_url": "https://works.hcommons.org/records/t0f5x-31c61", "collection": "included"}
{"time": "2026-09-01T20:41:56+00:00", "post": "2012-02-09-wordpress-for-academics.md", "status": "published", "id": "4rfzc-38q09", "live_url": "https://works.hcommons.org/records/4rfzc-38q09", "collection": "included"}
{"time": "2026-09-01T20:42:11+00:00", "post": "2012-02-10-conference-paper-thomas-pynchon-david-foster-wallace-and-twenty-first-century-utopianism-16-18-july-2012-university-of-lincoln.md", "status": "published", "id": "mds6j-cft30", "live_url": "https://works.hcommons.org/records/mds6j-cft30", "collection": "included"}
{"time": "2026-09-01T20:42:25+00:00", "post": "2012-02-16-teaching-undergraduates-to-use-secondary-sources.md", "status": "published", "id": "yxb2m-2j670", "live_url": "https://works.hcommons.org/records/yxb2m-2j670", "collection": "included"}
{"time": "2026-09-01T20:42:39+00:00", "post": "2012-02-22-copyright-and-academia-particularly-for-ph-d.md", "status": "published", "id": "mx70n-gct91", "live_url": "https://works.hcommons.org/records/mx70n-gct91", "collection": "included"}
{"time": "2026-09-01T20:42:54+00:00", "post": "2012-02-24-my-review-of-the-cambridge-companion-to-thomas-pynchon-at-berfrois.md", "status": "published", "id": "sjb01-r3614", "live_url": "https://works.hcommons.org/records/sjb01-r3614", "collection": "included"}
{"time": "2026-09-01T20:43:10+00:00", "post": "2012-02-27-podcast-on-open-source-open-access-publishing.md", "status": "published", "id": "jqppg-s2m48", "live_url": "https://works.hcommons.org/records/jqppg-s2m48", "collection": "included"}
{"time": "2026-09-01T20:43:24+00:00", "post": "2012-03-08-doctoral-thesis-editing-cutting-words.md", "status": "published", "id": "2hzyy-fqj02", "live_url": "https://works.hcommons.org/records/2hzyy-fqj02", "collection": "included"}
{"time": "2026-09-01T20:43:38+00:00", "post": "2012-03-09-for-attn-david-cameron-and-andrew-lansley.md", "status": "published", "id": "hcv5n-xn365", "live_url": "https://works.hcommons.org/records/hcv5n-xn365", "collection": "included"}
{"time": "2026-09-01T20:43:52+00:00", "post": "2012-03-10-jake-wilson-alls-well-website-and-music-up.md", "status": "published", "id": "zk95n-6j839", "live_url": "https://works.hcommons.org/records/zk95n-6j839", "collection": "included"}
{"time": "2026-09-01T20:44:07+00:00", "post": "2012-03-11-talawas-waiting-for-godot.md", "status": "published", "id": "1q150-hrs09", "live_url": "https://works.hcommons.org/records/1q150-hrs09", "collection": "included"}
{"time": "2026-09-01T20:44:25+00:00", "post": "2012-03-14-conference-paper-thomas-pynchon-materialism-and-negative-dialectics-28-29-may-2012-northumbria-university.md", "status": "published", "id": "mpr76-8rf30", "live_url": "https://works.hcommons.org/records/mpr76-8rf30", "collection": "included"}
{"time": "2026-09-01T20:44:40+00:00", "post": "2012-03-18-wikipedia-stats-visualized.md", "status": "published", "id": "4dzhk-fdg03", "live_url": "https://works.hcommons.org/records/4dzhk-fdg03", "collection": "included"}
{"time": "2026-09-01T20:44:55+00:00", "post": "2012-03-24-finishing-a-uk-ph-d-within-3-years.md", "status": "published", "id": "r7qfm-28j96", "live_url": "https://works.hcommons.org/records/r7qfm-28j96", "collection": "included"}
{"time": "2026-09-01T20:45:10+00:00", "post": "2012-03-30-the-problems-for-small-open-access-journals-in-terms-of-digital-preservation.md", "status": "published", "id": "kp4vf-gdc63", "live_url": "https://works.hcommons.org/records/kp4vf-gdc63", "collection": "included"}
{"time": "2026-09-01T20:45:23+00:00", "post": "2012-04-02-my-day-as-a-higher-ed-researcher.md", "status": "published", "id": "w36bp-e3j14", "live_url": "https://works.hcommons.org/records/w36bp-e3j14", "collection": "included"}
{"time": "2026-09-01T20:45:37+00:00", "post": "2012-04-03-i-am-joining-the-oapen-uk-open-access-monograph-steering-group.md", "status": "published", "id": "5mw1h-7jb45", "live_url": "https://works.hcommons.org/records/5mw1h-7jb45", "collection": "included"}
{"time": "2026-09-01T20:45:51+00:00", "post": "2012-04-04-uksg-conference-photos-and-slides.md", "status": "published", "id": "3yqq0-1d488", "live_url": "https://works.hcommons.org/records/3yqq0-1d488", "collection": "included"}
{"time": "2026-09-01T20:46:05+00:00", "post": "2012-04-05-new-york-times-writes-about-my-ph-d-thesis-work.md", "status": "published", "id": "sxpsj-4jm53", "live_url": "https://works.hcommons.org/records/sxpsj-4jm53", "collection": "included"}
{"time": "2026-09-01T20:46:19+00:00", "post": "2012-04-09-the-future-of-academic-publishing-qa.md", "status": "published", "id": "9t0pq-8ff57", "live_url": "https://works.hcommons.org/records/9t0pq-8ff57", "collection": "included"}
{"time": "2026-09-01T20:46:33+00:00", "post": "2012-04-11-starting-a-digital-humanities-project-epilog.md", "status": "published", "id": "cvmkx-8ph71", "live_url": "https://works.hcommons.org/records/cvmkx-8ph71", "collection": "included"}
{"time": "2026-09-01T20:46:47+00:00", "post": "2012-04-11-video-of-my-uksglive-presentation-on-the-future-of-academic-publishing.md", "status": "published", "id": "335dg-7fd81", "live_url": "https://works.hcommons.org/records/335dg-7fd81", "collection": "included"}
{"time": "2026-09-01T20:47:02+00:00", "post": "2012-04-23-teaching-post-millennial-literature-a-hea-and-university-of-brighton-symposium.md", "status": "published", "id": "h53k1-9v209", "live_url": "https://works.hcommons.org/records/h53k1-9v209", "collection": "included"}
{"time": "2026-09-01T20:47:16+00:00", "post": "2012-04-28-contemporary-fiction-research-seminar-write-up-martin-amis-money-2012-04-28.md", "status": "published", "id": "wttsr-v8b95", "live_url": "https://works.hcommons.org/records/wttsr-v8b95", "collection": "included"}
{"time": "2026-09-01T20:47:30+00:00", "post": "2012-04-30-pynchon-in-public-day-2012-our-meetup-details.md", "status": "published", "id": "h1y37-9fw22", "live_url": "https://works.hcommons.org/records/h1y37-9fw22", "collection": "included"}
{"time": "2026-09-01T20:47:44+00:00", "post": "2012-05-02-an-update-on-orbit-1-1.md", "status": "published", "id": "qx3x1-99m04", "live_url": "https://works.hcommons.org/records/qx3x1-99m04", "collection": "included"}
{"time": "2026-09-01T20:47:59+00:00", "post": "2012-05-05-excursions-journal-vol-3-launch-party.md", "status": "published", "id": "q0t20-g2w49", "live_url": "https://works.hcommons.org/records/q0t20-g2w49", "collection": "included"}
{"time": "2026-09-01T20:48:14+00:00", "post": "2012-05-12-day-1-of-twenty-first-century-literature-conference-at-birkbeck.md", "status": "published", "id": "dqsza-bah51", "live_url": "https://works.hcommons.org/records/dqsza-bah51", "collection": "included"}
{"time": "2026-09-01T20:48:27+00:00", "post": "2012-05-13-the-ontological-problems-of-contemporary-fiction-studies-are-actually-its-ontological-prerequsites.md", "status": "published", "id": "g29ht-39t55", "live_url": "https://works.hcommons.org/records/g29ht-39t55", "collection": "included"}
{"time": "2026-09-01T20:48:42+00:00", "post": "2012-05-19-thinking-feeling-conference-at-the-university-of-sussex.md", "status": "published", "id": "97dds-9e810", "live_url": "https://works.hcommons.org/records/97dds-9e810", "collection": "included"}
{"time": "2026-09-01T20:48:56+00:00", "post": "2012-05-21-beware-the-next-wave-of-academic-publishing-grimness-apps.md", "status": "published", "id": "gy34q-9q028", "live_url": "https://works.hcommons.org/records/gy34q-9q028", "collection": "included"}
{"time": "2026-09-01T20:49:11+00:00", "post": "2012-05-21-day-2-of-twenty-first-century-literature-conference-at-birkbeck.md", "status": "published", "id": "jdf8d-n2921", "live_url": "https://works.hcommons.org/records/jdf8d-n2921", "collection": "included"}
{"time": "2026-09-01T20:49:27+00:00", "post": "2012-05-21-sussex-southampton-initiative-sushi-an-interdisciplinary-fusion.md", "status": "published", "id": "hf290-qv757", "live_url": "https://works.hcommons.org/records/hf290-qv757", "collection": "included"}
{"time": "2026-09-01T20:49:41+00:00", "post": "2012-06-06-metadata-handling-for-open-access-journal-pdfs.md", "status": "published", "id": "7jwce-3kv65", "live_url": "https://works.hcommons.org/records/7jwce-3kv65", "collection": "included"}
{"time": "2026-09-01T20:50:00+00:00", "post": "2012-06-08-is-this-a-picture-of-thomas-pynchon-aged-51.md", "status": "published", "id": "a9km7-z4k26", "live_url": "https://works.hcommons.org/records/a9km7-z4k26", "collection": "included"}
{"time": "2026-09-01T20:50:15+00:00", "post": "2012-06-12-another-adorno-against-wittgenstein-moment.md", "status": "published", "id": "npggm-1gt53", "live_url": "https://works.hcommons.org/records/npggm-1gt53", "collection": "included"}
{"time": "2026-09-01T20:50:31+00:00", "post": "2012-06-24-another-great-source-for-free-images-to-use-in-blogging.md", "status": "published", "id": "nqdmx-k9v43", "live_url": "https://works.hcommons.org/records/nqdmx-k9v43", "collection": "included"}
{"time": "2026-09-01T20:50:45+00:00", "post": "2012-06-25-international-pynchon-week-2013-conference-website-and-cfp.md", "status": "published", "id": "12vmm-4h087", "live_url": "https://works.hcommons.org/records/12vmm-4h087", "collection": "included"}
{"time": "2026-09-01T20:51:00+00:00", "post": "2012-06-25-our-epistemic-gap-actually-we-need-to-re-think-unemployment-underemployment-and-benefits-entirely.md", "status": "published", "id": "4afqt-18a39", "live_url": "https://works.hcommons.org/records/4afqt-18a39", "collection": "included"}
{"time": "2026-09-01T20:51:14+00:00", "post": "2012-06-28-submitted-my-ph-d-in-memory-of-my-grandfather-john-gray-10021920-14062012.md", "status": "published", "id": "99spr-q6423", "live_url": "https://works.hcommons.org/records/99spr-q6423", "collection": "included"}
{"time": "2026-09-01T20:51:28+00:00", "post": "2012-06-28-the-part-of-the-open-access-debate-that-is-irritatingly-ignored.md", "status": "published", "id": "s86kf-j8j98", "live_url": "https://works.hcommons.org/records/s86kf-j8j98", "collection": "included"}
{"time": "2026-09-01T20:51:43+00:00", "post": "2012-07-03-teaching-post-millenial-fiction-conference-archive.md", "status": "published", "id": "kre0t-vsn81", "live_url": "https://works.hcommons.org/records/kre0t-vsn81", "collection": "included"}
{"time": "2026-09-01T20:52:03+00:00", "post": "2012-07-05-signing-over-copyright-vs-licensing-your-journal-articles.md", "status": "published", "id": "gxwc8-j3173", "live_url": "https://works.hcommons.org/records/gxwc8-j3173", "collection": "included"}
{"time": "2026-09-01T20:52:22+00:00", "post": "2012-07-09-orbit-writing-around-pynchon-is-live.md", "status": "published", "id": "tgwpc-aer54", "live_url": "https://works.hcommons.org/records/tgwpc-aer54", "collection": "included"}
{"time": "2026-09-01T20:52:36+00:00", "post": "2012-07-09-publication-tear-it-down-build-it-up-the-research-output-team-or-the-library-as-publisher-insights-25-2-july-2012-pp-158-162.md", "status": "published", "id": "bhz29-k9x41", "live_url": "https://works.hcommons.org/records/bhz29-k9x41", "collection": "included"}
{"time": "2026-09-01T20:52:50+00:00", "post": "2012-07-10-starting-an-open-access-journal-a-step-by-step-guide-part-1.md", "status": "published", "id": "br61b-sdp26", "live_url": "https://works.hcommons.org/records/br61b-sdp26", "collection": "included"}
{"time": "2026-09-01T20:53:05+00:00", "post": "2012-07-11-starting-an-open-access-journal-a-step-by-step-guide-part-2.md", "status": "published", "id": "t1g1f-p3v43", "live_url": "https://works.hcommons.org/records/t1g1f-p3v43", "collection": "included"}
{"time": "2026-09-01T20:53:20+00:00", "post": "2012-07-12-starting-an-open-access-journal-a-step-by-step-guide-part-3.md", "status": "published", "id": "5y7yf-fzc20", "live_url": "https://works.hcommons.org/records/5y7yf-fzc20", "collection": "included"}
{"time": "2026-09-01T20:53:34+00:00", "post": "2012-07-13-orbit-writing-around-pynchon-is-now-digitally-preserved-by-clockss.md", "status": "published", "id": "n5mcp-8bw19", "live_url": "https://works.hcommons.org/records/n5mcp-8bw19", "collection": "included"}
{"time": "2026-09-01T20:53:48+00:00", "post": "2012-07-13-starting-an-open-access-journal-a-step-by-step-guide-part-4.md", "status": "published", "id": "60kr4-qgk16", "live_url": "https://works.hcommons.org/records/60kr4-qgk16", "collection": "included"}
{"time": "2026-09-01T20:54:02+00:00", "post": "2012-07-13-starting-an-open-access-journal-a-step-by-step-guide-part-5.md", "status": "published", "id": "2ah70-ywh87", "live_url": "https://works.hcommons.org/records/2ah70-ywh87", "collection": "included"}
{"time": "2026-09-01T20:54:17+00:00", "post": "2012-07-13-starting-an-open-access-journal-a-step-by-step-guide-table-of-contents.md", "status": "published", "id": "4fmcv-2tm40", "live_url": "https://works.hcommons.org/records/4fmcv-2tm40", "collection": "included"}
{"time": "2026-09-01T20:54:32+00:00", "post": "2012-07-16-gold-open-access-does-not-mean-author-pays.md", "status": "published", "id": "f1xb7-ge889", "live_url": "https://works.hcommons.org/records/f1xb7-ge889", "collection": "included"}
{"time": "2026-09-01T20:54:47+00:00", "post": "2012-07-19-the-undervalued-book-collection-and-peer-review.md", "status": "published", "id": "k93y5-krc81", "live_url": "https://works.hcommons.org/records/k93y5-krc81", "collection": "included"}
{"time": "2026-09-01T20:55:01+00:00", "post": "2012-07-19-thomas-pynchon-david-foster-wallace-and-21st-century-utopianism-presentation.md", "status": "published", "id": "tfbjc-xq036", "live_url": "https://works.hcommons.org/records/tfbjc-xq036", "collection": "included"}
{"time": "2026-09-01T20:55:15+00:00", "post": "2012-07-20-post-submission-weirdness.md", "status": "published", "id": "mv69q-p3p36", "live_url": "https://works.hcommons.org/records/mv69q-p3p36", "collection": "included"}
{"time": "2026-09-01T20:55:30+00:00", "post": "2012-07-24-mythbusting-a-proposed-list-60-things-journal-publishers-do.md", "status": "published", "id": "m3yd5-98m40", "live_url": "https://works.hcommons.org/records/m3yd5-98m40", "collection": "included"}
{"time": "2026-09-01T20:55:44+00:00", "post": "2012-08-01-perverse-advert-for-bite-keep-calm-about-university-fees.md", "status": "published", "id": "j5p2v-b8462", "live_url": "https://works.hcommons.org/records/j5p2v-b8462", "collection": "included"}
{"time": "2026-09-01T20:55:59+00:00", "post": "2012-08-02-impossible-objects-preservation-and-extinction-on-the-first-folio.md", "status": "published", "id": "acsbn-kkf35", "live_url": "https://works.hcommons.org/records/acsbn-kkf35", "collection": "included"}
{"time": "2026-09-01T20:56:13+00:00", "post": "2012-08-02-more-unpaid-academic-positions-and-apparent-culture-of-entitlement.md", "status": "published", "id": "cezja-7nw59", "live_url": "https://works.hcommons.org/records/cezja-7nw59", "collection": "included"}
{"time": "2026-09-01T20:56:27+00:00", "post": "2012-08-05-e-books-copyright-infringement-theft-materiality-and-the-virtual.md", "status": "published", "id": "38zwt-qjs06", "live_url": "https://works.hcommons.org/records/38zwt-qjs06", "collection": "included"}
{"time": "2026-09-01T20:56:42+00:00", "post": "2012-08-07-on-blog-inequality-in-scholarly-research.md", "status": "published", "id": "tm6kz-cdt81", "live_url": "https://works.hcommons.org/records/tm6kz-cdt81", "collection": "included"}
{"time": "2026-09-01T20:56:56+00:00", "post": "2012-08-14-what-app-net-has-to-teach-scholarly-publishing-altruism-has-been-forgotten-and-everything-is-a-product.md", "status": "published", "id": "tjs8s-3ab21", "live_url": "https://works.hcommons.org/records/tjs8s-3ab21", "collection": "included"}
{"time": "2026-09-01T20:57:10+00:00", "post": "2012-08-23-brief-interviews-with-hideous-men-live-stage-version-at-the-ica.md", "status": "published", "id": "nzszm-5ty42", "live_url": "https://works.hcommons.org/records/nzszm-5ty42", "collection": "included"}
{"time": "2026-09-01T20:57:24+00:00", "post": "2012-08-23-the-real-problem-with-this-mode-of-curbing-grade-inflation.md", "status": "published", "id": "qrpw8-a0c86", "live_url": "https://works.hcommons.org/records/qrpw8-a0c86", "collection": "included"}
{"time": "2026-09-01T20:57:38+00:00", "post": "2012-08-31-open-access-needs-terminology-to-distinguish-between-funding-models-platinum-oagold-non-apc.md", "status": "published", "id": "vrwgz-p3m38", "live_url": "https://works.hcommons.org/records/vrwgz-p3m38", "collection": "included"}
{"time": "2026-09-01T20:57:52+00:00", "post": "2012-09-02-publication-whose-line-is-it-anyway-enlightenment-revolution-and-ipseic-ethics-in-the-works-of-thomas-pynchon-textual-practice-26-5.md", "status": "published", "id": "gr3jv-r4a47", "live_url": "https://works.hcommons.org/records/gr3jv-r4a47", "collection": "included"}
{"time": "2026-09-01T20:58:06+00:00", "post": "2012-09-02-re-decentralizing-the-web.md", "status": "published", "id": "8zqhc-dah88", "live_url": "https://works.hcommons.org/records/8zqhc-dah88", "collection": "included"}
{"time": "2026-09-01T20:58:20+00:00", "post": "2012-09-03-conference-on-china-mieville-weird-council.md", "status": "published", "id": "hrw14-7cm86", "live_url": "https://works.hcommons.org/records/hrw14-7cm86", "collection": "included"}
{"time": "2026-09-01T20:58:34+00:00", "post": "2012-09-03-quibbling-with-the-lrb-over-hackers.md", "status": "published", "id": "rrarf-raj64", "live_url": "https://works.hcommons.org/records/rrarf-raj64", "collection": "included"}
{"time": "2026-09-01T20:58:48+00:00", "post": "2012-09-04-karl-marx-that-sly-old-racist.md", "status": "published", "id": "m9992-yey72", "live_url": "https://works.hcommons.org/records/m9992-yey72", "collection": "included"}
{"time": "2026-09-01T20:59:02+00:00", "post": "2012-09-04-the-final-week.md", "status": "published", "id": "wyhp4-az944", "live_url": "https://works.hcommons.org/records/wyhp4-az944", "collection": "included"}
{"time": "2026-09-01T20:59:16+00:00", "post": "2012-09-05-keeping-up-with-research-in-response-to-plashingvole.md", "status": "published", "id": "ercbf-y0w35", "live_url": "https://works.hcommons.org/records/ercbf-y0w35", "collection": "included"}
{"time": "2026-09-01T20:59:30+00:00", "post": "2012-09-06-astrid-and-producteev.md", "status": "published", "id": "pv919-a2n96", "live_url": "https://works.hcommons.org/records/pv919-a2n96", "collection": "included"}
{"time": "2026-09-01T20:59:45+00:00", "post": "2012-09-06-cant-receive-emails-from-hotmail-fixing-their-buggy-dns-process.md", "status": "published", "id": "f1ceh-crt10", "live_url": "https://works.hcommons.org/records/f1ceh-crt10", "collection": "included"}
{"time": "2026-09-01T20:59:59+00:00", "post": "2012-09-06-conference-panel-pynchon-now-contemporary-fiction-research-seminar.md", "status": "published", "id": "kzmc6-xxe60", "live_url": "https://works.hcommons.org/records/kzmc6-xxe60", "collection": "included"}
{"time": "2026-09-01T21:00:15+00:00", "post": "2012-09-08-what-will-the-humanities-do-post-finch-or-where-are-the-oa-venues.md", "status": "published", "id": "n82bz-sx764", "live_url": "https://works.hcommons.org/records/n82bz-sx764", "collection": "included"}
{"time": "2026-09-01T21:00:29+00:00", "post": "2012-09-10-by-the-time-you-read-this-i-will-be.md", "status": "published", "id": "r54km-xk261", "live_url": "https://works.hcommons.org/records/r54km-xk261", "collection": "included"}
{"time": "2026-09-01T21:00:43+00:00", "post": "2012-09-11-the-viva.md", "status": "published", "id": "g37qf-92669", "live_url": "https://works.hcommons.org/records/g37qf-92669", "collection": "included"}
{"time": "2026-09-01T21:01:05+00:00", "post": "2012-09-13-relativize-and-historicize-open-access-article-processing-charges-and-transparency.md", "status": "published", "id": "3fw2w-emz52", "live_url": "https://works.hcommons.org/records/3fw2w-emz52", "collection": "included"}
{"time": "2026-09-01T21:01:23+00:00", "post": "2012-09-16-weird-council-the-first-international-conference-on-the-works-of-china-mieville-mieville2012-storify.md", "status": "published", "id": "78rsb-26f44", "live_url": "https://works.hcommons.org/records/78rsb-26f44", "collection": "included"}
{"time": "2026-09-01T21:01:39+00:00", "post": "2012-09-18-conference-paper-opening-childrens-eyes-overloaded-forms-and-the-didactic-function-westminster-university.md", "status": "published", "id": "hbvhj-21560", "live_url": "https://works.hcommons.org/records/hbvhj-21560", "collection": "included"}
{"time": "2026-09-01T21:01:53+00:00", "post": "2012-09-22-on-the-impurity-of-the-humanities-and-critical-university-studies.md", "status": "published", "id": "ercdt-0sr58", "live_url": "https://works.hcommons.org/records/ercdt-0sr58", "collection": "included"}
{"time": "2026-09-01T21:02:07+00:00", "post": "2012-09-30-my-thoughts-on-dt-maxs-biography-of-dfw.md", "status": "published", "id": "cdhej-zt756", "live_url": "https://works.hcommons.org/records/cdhej-zt756", "collection": "included"}
{"time": "2026-09-01T21:02:21+00:00", "post": "2012-10-13-jeffrey-archers-140-character-story-and-plagiarism.md", "status": "published", "id": "wz170-9vg40", "live_url": "https://works.hcommons.org/records/wz170-9vg40", "collection": "included"}
{"time": "2026-09-01T21:02:36+00:00", "post": "2012-10-16-publication-thomas-pynchon-the-dark-passages-of-history-review-textual-practice-26-5.md", "status": "published", "id": "txvk5-y3s33", "live_url": "https://works.hcommons.org/records/txvk5-y3s33", "collection": "included"}
{"time": "2026-09-01T21:02:50+00:00", "post": "2012-10-19-crude-but-helpful-typesetting-script-from-mexml.md", "status": "published", "id": "8g8nr-xy023", "live_url": "https://works.hcommons.org/records/8g8nr-xy023", "collection": "included"}
{"time": "2026-09-01T21:03:05+00:00", "post": "2012-10-19-orbit-1-2-is-now-open-and-our-rolling-format-is-live.md", "status": "published", "id": "mcksg-gp632", "live_url": "https://works.hcommons.org/records/mcksg-gp632", "collection": "included"}
{"time": "2026-09-01T21:03:18+00:00", "post": "2012-10-21-new-orbit-review-american-postmodernist-fiction-and-the-past-by-theophilus-savvas.md", "status": "published", "id": "zjf81-1gd27", "live_url": "https://works.hcommons.org/records/zjf81-1gd27", "collection": "included"}
{"time": "2026-09-01T21:03:32+00:00", "post": "2012-10-22-the-grim-phoenix-the-new-challenges-for-open-access.md", "status": "published", "id": "t0313-bs234", "live_url": "https://works.hcommons.org/records/t0313-bs234", "collection": "included"}
{"time": "2026-09-01T21:03:48+00:00", "post": "2012-10-24-open-journal-systems-now-supports-archiving-with-clockss-out-of-the-box.md", "status": "published", "id": "mgxrb-3dr32", "live_url": "https://works.hcommons.org/records/mgxrb-3dr32", "collection": "included"}
{"time": "2026-09-01T21:04:11+00:00", "post": "2012-10-26-notes-on-adornos-the-essay-as-form.md", "status": "published", "id": "mf5d6-r7k14", "live_url": "https://works.hcommons.org/records/mf5d6-r7k14", "collection": "included"}
{"time": "2026-09-01T21:04:28+00:00", "post": "2012-11-01-cfp-feminism-influence-inheritance.md", "status": "published", "id": "0wtct-f1g73", "live_url": "https://works.hcommons.org/records/0wtct-f1g73", "collection": "included"}
{"time": "2026-09-01T21:04:43+00:00", "post": "2012-11-01-on-academic-blogging.md", "status": "published", "id": "t6d3g-scs47", "live_url": "https://works.hcommons.org/records/t6d3g-scs47", "collection": "included"}
{"time": "2026-09-01T21:04:59+00:00", "post": "2012-11-02-more-on-ojs-and-clockss.md", "status": "published", "id": "ys329-v0w55", "live_url": "https://works.hcommons.org/records/ys329-v0w55", "collection": "included"}
{"time": "2026-09-01T21:05:14+00:00", "post": "2012-11-05-publication-review-of-1q84-in-1001-books-to-read-before-you-die-london-cassell-illustrated-2012.md", "status": "published", "id": "yw85h-7gf66", "live_url": "https://works.hcommons.org/records/yw85h-7gf66", "collection": "included"}
{"time": "2026-09-01T21:05:28+00:00", "post": "2012-11-10-reviewing-with-kindness.md", "status": "published", "id": "bhrk2-xxe88", "live_url": "https://works.hcommons.org/records/bhrk2-xxe88", "collection": "included"}
{"time": "2026-09-01T21:05:44+00:00", "post": "2012-11-12-on-freedom-of-speech.md", "status": "published", "id": "zgp2w-hfb22", "live_url": "https://works.hcommons.org/records/zgp2w-hfb22", "collection": "included"}
{"time": "2026-09-01T21:05:58+00:00", "post": "2012-11-14-on-orcid-accreditation-structures-and-altmetrics.md", "status": "published", "id": "n62z5-n7115", "live_url": "https://works.hcommons.org/records/n62z5-n7115", "collection": "included"}
{"time": "2026-09-01T21:06:13+00:00", "post": "2012-11-21-judging-the-safety-of-an-open-access-journal.md", "status": "published", "id": "ngqwr-dtj40", "live_url": "https://works.hcommons.org/records/ngqwr-dtj40", "collection": "included"}
{"time": "2026-09-01T21:06:27+00:00", "post": "2012-11-29-the-clause-model-of-adornos-dialectical-sentences.md", "status": "published", "id": "qhj7x-yny61", "live_url": "https://works.hcommons.org/records/qhj7x-yny61", "collection": "included"}
{"time": "2026-09-01T21:06:41+00:00", "post": "2012-11-30-moving-on-from-sussex-and-joining-the-university-of-lincoln.md", "status": "published", "id": "6y5jj-32e97", "live_url": "https://works.hcommons.org/records/6y5jj-32e97", "collection": "included"}
{"time": "2026-09-01T21:06:55+00:00", "post": "2012-12-07-fixing-scanning-on-an-hp-photosmart-c6300-series-in-ubuntu-12-10.md", "status": "published", "id": "wc2he-eym35", "live_url": "https://works.hcommons.org/records/wc2he-eym35", "collection": "included"}
{"time": "2026-09-01T21:07:10+00:00", "post": "2012-12-11-publication-review-of-theophilius-savvas-american-postmodern-fiction-and-the-past-literature-and-history-21-2-autumn-2012-pp-106-108.md", "status": "published", "id": "frmkx-7qd60", "live_url": "https://works.hcommons.org/records/frmkx-7qd60", "collection": "included"}
{"time": "2026-09-01T21:07:25+00:00", "post": "2012-12-13-alluvium-technical-news-doi-numbers-clockss-and-mla-bibliography.md", "status": "published", "id": "ve3ad-rka27", "live_url": "https://works.hcommons.org/records/ve3ad-rka27", "collection": "included"}
{"time": "2026-09-01T21:07:39+00:00", "post": "2012-12-20-on-that-statement-by-history-journal-editors.md", "status": "published", "id": "w71yv-69d57", "live_url": "https://works.hcommons.org/records/w71yv-69d57", "collection": "included"}
{"time": "2026-09-01T21:07:54+00:00", "post": "2012-12-21-orbit-writing-around-pynchon-receives-funding-from-ludwig-maximilian-university-of-munich.md", "status": "published", "id": "z6c57-kww81", "live_url": "https://works.hcommons.org/records/z6c57-kww81", "collection": "included"}
{"time": "2026-09-01T21:08:08+00:00", "post": "2012-12-30-tech-things-i-have-learned-in-the-last-12-hours.md", "status": "published", "id": "7qgkf-q4d93", "live_url": "https://works.hcommons.org/records/7qgkf-q4d93", "collection": "included"}
{"time": "2026-09-01T21:08:23+00:00", "post": "2012-12-30-using-bumblebee-for-opteron-graphics-on-ubuntu-12-10-on-a-samsung-chronos-7-series-laptop.md", "status": "published", "id": "3rae7-5sb02", "live_url": "https://works.hcommons.org/records/3rae7-5sb02", "collection": "included"}
{"time": "2026-09-01T21:08:37+00:00", "post": "2013-01-04-new-pynchon-novel-fall-2013-bleeding-edge.md", "status": "published", "id": "tp205-y8s50", "live_url": "https://works.hcommons.org/records/tp205-y8s50", "collection": "included"}
{"time": "2026-09-01T21:08:51+00:00", "post": "2013-01-09-call-for-participants-to-build-a-plos-style-model-for-the-humanities-and-social-sciences.md", "status": "published", "id": "pcfj7-cqm30", "live_url": "https://works.hcommons.org/records/pcfj7-cqm30", "collection": "included"}
{"time": "2026-09-01T21:09:06+00:00", "post": "2013-01-13-an-update-on-the-plohss-project.md", "status": "published", "id": "yy8dt-sds74", "live_url": "https://works.hcommons.org/records/yy8dt-sds74", "collection": "included"}
{"time": "2026-09-01T21:09:28+00:00", "post": "2013-01-13-on-opposition-to-any-apc-model.md", "status": "published", "id": "85csq-8kg85", "live_url": "https://works.hcommons.org/records/85csq-8kg85", "collection": "included"}
{"time": "2026-09-01T21:09:43+00:00", "post": "2013-01-16-qa-with-me-in-library-journal-why-we-need-a-public-library-of-the-humanities-and-social-sciences.md", "status": "published", "id": "kqxqm-q4f80", "live_url": "https://works.hcommons.org/records/kqxqm-q4f80", "collection": "included"}
{"time": "2026-09-01T21:09:58+00:00", "post": "2013-01-24-conference-paper-floats-like-a-butterfly-stings-like-a-finch-adorno-utopia-and-open-access-publishing-lincoln-university.md", "status": "published", "id": "qkc3v-vad26", "live_url": "https://works.hcommons.org/records/qkc3v-vad26", "collection": "included"}
{"time": "2026-09-01T21:10:13+00:00", "post": "2013-01-29-publication-thomas-pynchon-david-foster-wallace-and-the-problems-of-metamodernism-post-millennial-post-postmodernism.md", "status": "published", "id": "dyk11-agd41", "live_url": "https://works.hcommons.org/records/dyk11-agd41", "collection": "included"}
{"time": "2026-09-01T21:10:28+00:00", "post": "2013-02-10-conference-paper-too-many-goddamn-echoes-historicizing-the-iraq-war-in-don-delillos-point-omega-birkbeck.md", "status": "published", "id": "svnw9-mtv10", "live_url": "https://works.hcommons.org/records/svnw9-mtv10", "collection": "included"}
{"time": "2026-09-01T21:10:43+00:00", "post": "2013-03-07-conference-paper-the-future-of-peer-review-university-of-sussex-14th-march-2013-12-2pm.md", "status": "published", "id": "kbajy-c2x30", "live_url": "https://works.hcommons.org/records/kbajy-c2x30", "collection": "included"}
{"time": "2026-09-01T21:10:57+00:00", "post": "2013-03-09-house-of-commons-bis-inquiry-on-open-access-evidence-published.md", "status": "published", "id": "n0npa-cve72", "live_url": "https://works.hcommons.org/records/n0npa-cve72", "collection": "included"}
{"time": "2026-09-01T21:11:13+00:00", "post": "2013-03-10-open-access-neoliberalism-impact-and-the-privatisation-of-knowledge.md", "status": "published", "id": "8kzjb-ehx91", "live_url": "https://works.hcommons.org/records/8kzjb-ehx91", "collection": "included"}
{"time": "2026-09-01T21:11:28+00:00", "post": "2013-03-15-the-future-of-peer-review.md", "status": "published", "id": "59vmg-jvs81", "live_url": "https://works.hcommons.org/records/59vmg-jvs81", "collection": "included"}
{"time": "2026-09-01T21:11:43+00:00", "post": "2013-03-22-buy-this-album-mountain-of-love-ex-alabama-3.md", "status": "published", "id": "hp499-g0990", "live_url": "https://works.hcommons.org/records/hp499-g0990", "collection": "included"}
{"time": "2026-09-01T21:11:58+00:00", "post": "2013-03-25-futurity-books-marx-labour.md", "status": "published", "id": "w7p5z-hmy94", "live_url": "https://works.hcommons.org/records/w7p5z-hmy94", "collection": "included"}
{"time": "2026-09-01T21:12:14+00:00", "post": "2013-03-26-crossref-dois-and-preparing-for-future-assignment.md", "status": "published", "id": "58aab-etg80", "live_url": "https://works.hcommons.org/records/58aab-etg80", "collection": "included"}
{"time": "2026-09-01T21:12:29+00:00", "post": "2013-03-27-modernist-intimacies-conference.md", "status": "published", "id": "pa7a1-f5e96", "live_url": "https://works.hcommons.org/records/pa7a1-f5e96", "collection": "included"}
{"time": "2026-09-01T21:12:43+00:00", "post": "2013-03-29-exposing-xml-data-for-orbit.md", "status": "published", "id": "0s0xv-mva69", "live_url": "https://works.hcommons.org/records/0s0xv-mva69", "collection": "included"}
{"time": "2026-09-01T21:12:57+00:00", "post": "2013-04-15-historical-sources-for-pynchons-peter-pinguid-society-now-available-for-download-green-open-access.md", "status": "published", "id": "ke0y6-c3w08", "live_url": "https://works.hcommons.org/records/ke0y6-c3w08", "collection": "included"}
{"time": "2026-09-01T21:13:12+00:00", "post": "2013-04-15-im-appearing-before-the-house-of-commons-bis-select-committee-into-open-access.md", "status": "published", "id": "jnmzx-1pm26", "live_url": "https://works.hcommons.org/records/jnmzx-1pm26", "collection": "included"}
{"time": "2026-09-01T21:13:27+00:00", "post": "2013-04-17-more-on-new-thomas-pynchon-novel-bleeding-edge.md", "status": "published", "id": "vtxs3-tnj70", "live_url": "https://works.hcommons.org/records/vtxs3-tnj70", "collection": "included"}
{"time": "2026-09-01T21:13:41+00:00", "post": "2013-04-21-pynchon-in-public-day-2013.md", "status": "published", "id": "y4men-v4q68", "live_url": "https://works.hcommons.org/records/y4men-v4q68", "collection": "included"}
{"time": "2026-09-01T21:13:56+00:00", "post": "2013-04-27-internationalisation-of-new-open-access-initiatives.md", "status": "published", "id": "67ap6-q6m79", "live_url": "https://works.hcommons.org/records/67ap6-q6m79", "collection": "included"}
{"time": "2026-09-01T21:14:11+00:00", "post": "2013-05-12-getting-free_cite-running-on-your-own-server.md", "status": "published", "id": "kpx76-68671", "live_url": "https://works.hcommons.org/records/kpx76-68671", "collection": "included"}
{"time": "2026-09-01T21:14:25+00:00", "post": "2013-05-21-fixing-mpd-segfault-on-ubuntu-12-10-on-arm-devices-mele-pandaboard-etc.md", "status": "published", "id": "dren2-7n344", "live_url": "https://works.hcommons.org/records/dren2-7n344", "collection": "included"}
{"time": "2026-09-01T21:14:40+00:00", "post": "2013-06-02-publication-the-botnet-webs-of-hegemonyzombies-who-publish-in-zombies-in-the-academy-bristol-intellect-2013.md", "status": "published", "id": "6yqxg-7rs16", "live_url": "https://works.hcommons.org/records/6yqxg-7rs16", "collection": "included"}
{"time": "2026-09-01T21:14:54+00:00", "post": "2013-07-01-publication-before-the-law-open-access-quality-control-and-the-future-of-peer-review.md", "status": "published", "id": "p66a5-ef140", "live_url": "https://works.hcommons.org/records/p66a5-ef140", "collection": "included"}
{"time": "2026-09-01T21:15:08+00:00", "post": "2013-07-02-publication-guide-to-creative-commons-for-humanities-and-social-science-monograph-authors.md", "status": "published", "id": "gwf2e-wvm12", "live_url": "https://works.hcommons.org/records/gwf2e-wvm12", "collection": "included"}
{"time": "2026-09-01T21:15:22+00:00", "post": "2013-07-05-digital-literatures-digital-democracies-digital-threats.md", "status": "published", "id": "r0n32-maa41", "live_url": "https://works.hcommons.org/records/r0n32-maa41", "collection": "included"}
{"time": "2026-09-01T21:15:38+00:00", "post": "2013-07-07-ethics.md", "status": "published", "id": "caj0h-0e932", "live_url": "https://works.hcommons.org/records/caj0h-0e932", "collection": "included"}
{"time": "2026-09-01T21:15:53+00:00", "post": "2013-07-07-evaluating-the-open-access-software-toolchain.md", "status": "published", "id": "43622-3bd12", "live_url": "https://works.hcommons.org/records/43622-3bd12", "collection": "included"}
{"time": "2026-09-01T21:16:07+00:00", "post": "2013-07-14-displaying-ee-mobile-data-usage-in-conky.md", "status": "published", "id": "2dgdy-4ha86", "live_url": "https://works.hcommons.org/records/2dgdy-4ha86", "collection": "included"}
{"time": "2026-09-01T21:16:23+00:00", "post": "2013-07-17-speaking-at-sparc-japan.md", "status": "published", "id": "vg8yn-bbp53", "live_url": "https://works.hcommons.org/records/vg8yn-bbp53", "collection": "included"}
{"time": "2026-09-01T21:16:37+00:00", "post": "2013-07-20-punchdrunks-the-drowned-man.md", "status": "published", "id": "wa7zj-sst71", "live_url": "https://works.hcommons.org/records/wa7zj-sst71", "collection": "included"}
{"time": "2026-09-01T21:16:51+00:00", "post": "2013-07-21-joining-the-uk-national-monographs-strategy-expert-panel.md", "status": "published", "id": "783cp-j8y51", "live_url": "https://works.hcommons.org/records/783cp-j8y51", "collection": "included"}
{"time": "2026-09-01T21:17:05+00:00", "post": "2013-07-27-hefce-the-state-of-open-access-in-the-uk-and-post-2014-ref.md", "status": "published", "id": "7jtef-xnv32", "live_url": "https://works.hcommons.org/records/7jtef-xnv32", "collection": "included"}
{"time": "2026-09-01T21:17:21+00:00", "post": "2013-07-28-determining-glyph-availability-for-fop.md", "status": "published", "id": "05h9x-ec017", "live_url": "https://works.hcommons.org/records/05h9x-ec017", "collection": "included"}
{"time": "2026-09-01T21:17:36+00:00", "post": "2013-07-28-rendering-mathml-in-xslfo-to-pdf-using-fop.md", "status": "published", "id": "sxxbs-kwx24", "live_url": "https://works.hcommons.org/records/sxxbs-kwx24", "collection": "included"}
{"time": "2026-09-01T21:17:52+00:00", "post": "2013-08-02-has-the-licensing-battle-been-deferred-in-the-latest-hefce-document.md", "status": "published", "id": "g1atx-qdr34", "live_url": "https://works.hcommons.org/records/g1atx-qdr34", "collection": "included"}
{"time": "2026-09-01T21:18:07+00:00", "post": "2013-08-11-on-international-pynchon-week.md", "status": "published", "id": "thv7a-rgw64", "live_url": "https://works.hcommons.org/records/thv7a-rgw64", "collection": "included"}
{"time": "2026-09-01T21:18:22+00:00", "post": "2013-08-18-using-git-in-my-writing-workflow.md", "status": "published", "id": "pzx3y-kyq64", "live_url": "https://works.hcommons.org/records/pzx3y-kyq64", "collection": "included"}
{"time": "2026-09-01T21:18:36+00:00", "post": "2013-08-23-reports-from-the-frontline-of-humanities-oa-in-japan.md", "status": "failed", "error": "No PDF edition found for '2013-08-23-reports-from-the-frontline-of-humanities-oa-in-japan' (looked in .pdf_cache/2013-08-23-reports-from-the-frontline-of-humanities-oa-in-japan.pdf and _site/PDF/2013-08-23-reports-from-the-frontline-of-humanities-oa-in-japan.pdf); run `jekyll build` to generate it"}
{"time": "2026-09-01T21:18:46+00:00", "post": "2013-08-27-sxsw-panel-vote-to-get-open-access-on-the-agenda.md", "status": "published", "id": "m01dv-vvp97", "live_url": "https://works.hcommons.org/records/m01dv-vvp97", "collection": "included"}
{"time": "2026-09-01T21:19:00+00:00", "post": "2013-08-28-the-democracy-we-do-not-want.md", "status": "published", "id": "x56vr-d3d40", "live_url": "https://works.hcommons.org/records/x56vr-d3d40", "collection": "included"}
{"time": "2026-09-01T21:19:15+00:00", "post": "2013-08-29-full-response-to-science-metrix-report-on-gold-oa-citation-rates.md", "status": "published", "id": "7pez4-59b66", "live_url": "https://works.hcommons.org/records/7pez4-59b66", "collection": "included"}
{"time": "2026-09-01T21:19:29+00:00", "post": "2013-08-30-publication-you-will-see-the-logic-of-the-design-of-this-from-historiography-to-taxonomography-in-the-contemporary-metafiction-of-sarah-waterss-affinity.md", "status": "published", "id": "veya6-g8c23", "live_url": "https://works.hcommons.org/records/veya6-g8c23", "collection": "included"}
{"time": "2026-09-01T21:19:43+00:00", "post": "2013-09-01-what-is-it-like-to-publish-in-the-journal-neo-victorian-studies.md", "status": "published", "id": "x4bxp-8zw42", "live_url": "https://works.hcommons.org/records/x4bxp-8zw42", "collection": "included"}
{"time": "2026-09-01T21:19:57+00:00", "post": "2013-09-05-publication-terrorism-and-the-cold-war-in-thomas-pynchons-against-the-day-and-don-delillo-c2-80-c2-99s-underworld.md", "status": "published", "id": "e368x-pef66", "live_url": "https://works.hcommons.org/records/e368x-pef66", "collection": "included"}
{"time": "2026-09-01T21:20:14+00:00", "post": "2013-09-09-work-on-open-access-technology-get-a-masters-degree-in-computer-science-funded-place.md", "status": "published", "id": "jfsch-4zc85", "live_url": "https://works.hcommons.org/records/jfsch-4zc85", "collection": "included"}
{"time": "2026-09-01T21:20:28+00:00", "post": "2013-09-10-is-what-i-do-digital-humanities.md", "status": "published", "id": "b47z9-g2a34", "live_url": "https://works.hcommons.org/records/b47z9-g2a34", "collection": "included"}
{"time": "2026-09-01T21:20:43+00:00", "post": "2013-09-18-publication-gatekeepers-in-a-digital-wasteland-the-author.md", "status": "published", "id": "m3jxp-av709", "live_url": "https://works.hcommons.org/records/m3jxp-av709", "collection": "included"}
{"time": "2026-09-01T21:20:57+00:00", "post": "2013-09-30-fixing-broken-spellcheck-in-thunderbird-24.md", "status": "published", "id": "w8tsv-5ja87", "live_url": "https://works.hcommons.org/records/w8tsv-5ja87", "collection": "included"}
{"time": "2026-09-01T21:21:12+00:00", "post": "2013-10-03-whats-open-got-to-do-with-it.md", "status": "published", "id": "9h5ez-3dr07", "live_url": "https://works.hcommons.org/records/9h5ez-3dr07", "collection": "included"}
{"time": "2026-09-01T21:21:26+00:00", "post": "2013-10-21-how-ironic-are-the-open-access-irony-awards.md", "status": "published", "id": "1cs14-8c044", "live_url": "https://works.hcommons.org/records/1cs14-8c044", "collection": "included"}
{"time": "2026-09-01T21:21:40+00:00", "post": "2013-10-22-my-forthcoming-book-pynchon-and-philosophy-wittgenstein-foucault-and-adorno-palgrave-2014.md", "status": "published", "id": "8cjkh-rvj17", "live_url": "https://works.hcommons.org/records/8cjkh-rvj17", "collection": "included"}
{"time": "2026-09-01T21:21:55+00:00", "post": "2013-11-15-some-diagrams-of-jennifer-egan-novels.md", "status": "published", "id": "wwq6c-0c007", "live_url": "https://works.hcommons.org/records/wwq6c-0c007", "collection": "included"}
{"time": "2026-09-01T21:22:08+00:00", "post": "2013-11-16-three-reasons-why-i-think-journal-prestige-is-a-broken-system.md", "status": "published", "id": "hjrty-8gd18", "live_url": "https://works.hcommons.org/records/hjrty-8gd18", "collection": "included"}
{"time": "2026-09-01T21:22:22+00:00", "post": "2013-11-20-first-meeting-of-hefce-expert-reference-group-on-open-access-monographs.md", "status": "published", "id": "ap57q-gy326", "live_url": "https://works.hcommons.org/records/ap57q-gy326", "collection": "included"}
{"time": "2026-09-01T21:22:37+00:00", "post": "2013-11-26-gov-and-rcuk-responses-to-open-access-inquiry-eradicating-non-disclosure-clauses.md", "status": "published", "id": "kcqp3-v0790", "live_url": "https://works.hcommons.org/records/kcqp3-v0790", "collection": "included"}
{"time": "2026-09-01T21:22:51+00:00", "post": "2013-12-19-publication-review-of-humanities-in-the-twenty-first-century-beyond-utility-and-markets.md", "status": "published", "id": "9ab67-s2w71", "live_url": "https://works.hcommons.org/records/9ab67-s2w71", "collection": "included"}
{"time": "2026-09-01T21:23:06+00:00", "post": "2013-12-20-dear-top-journal-1-year-and-4-months-to-review-is-too-long.md", "status": "published", "id": "w9xs8-qb646", "live_url": "https://works.hcommons.org/records/w9xs8-qb646", "collection": "included"}
{"time": "2026-09-01T21:23:20+00:00", "post": "2013-12-20-publication-utopia-fading-taxonomies-freedom-and-dissent-in-open-access-publishing.md", "status": "published", "id": "ssk8k-0c717", "live_url": "https://works.hcommons.org/records/ssk8k-0c717", "collection": "included"}
{"time": "2026-09-01T21:23:34+00:00", "post": "2013-12-27-why-im-a-fan-of-open-source-software-an-argument-by-anecdoteexample.md", "status": "published", "id": "mta7t-yns40", "live_url": "https://works.hcommons.org/records/mta7t-yns40", "collection": "included"}
{"time": "2026-09-01T21:23:48+00:00", "post": "2013-12-29-my-2013-academic-year-in-review.md", "status": "published", "id": "ex17c-r3n89", "live_url": "https://works.hcommons.org/records/ex17c-r3n89", "collection": "included"}
{"time": "2026-09-01T21:24:04+00:00", "post": "2014-01-06-introducing-eprintscv-a-python-script-to-create-an-academic-web-cv-from-your-eprints-record.md", "status": "published", "id": "38z01-5r023", "live_url": "https://works.hcommons.org/records/38z01-5r023", "collection": "included"}
{"time": "2026-09-01T21:24:19+00:00", "post": "2014-01-13-handling-the-absence-of-a-newline-break-tag-in-jats.md", "status": "published", "id": "nkn5c-70982", "live_url": "https://works.hcommons.org/records/nkn5c-70982", "collection": "included"}
{"time": "2026-09-01T21:24:34+00:00", "post": "2014-01-15-dear-publisher-2.md", "status": "published", "id": "h83bn-r7432", "live_url": "https://works.hcommons.org/records/h83bn-r7432", "collection": "included"}
{"time": "2026-09-01T21:24:48+00:00", "post": "2014-01-19-every-generation-has-its-philosopher.md", "status": "published", "id": "jjz51-bg398", "live_url": "https://works.hcommons.org/records/jjz51-bg398", "collection": "included"}
{"time": "2026-09-01T21:25:04+00:00", "post": "2014-02-10-hefce-ref2020-ir-deposit-and-embargoes.md", "status": "published", "id": "bqnyb-3w525", "live_url": "https://works.hcommons.org/records/bqnyb-3w525", "collection": "included"}
{"time": "2026-09-01T21:25:17+00:00", "post": "2014-02-12-publication-mitchell-hoban.md", "status": "published", "id": "7j2rc-pf173", "live_url": "https://works.hcommons.org/records/7j2rc-pf173", "collection": "included"}
{"time": "2026-09-01T21:25:31+00:00", "post": "2014-02-12-whats-it-like-to-publish-in-sage-open.md", "status": "published", "id": "t0n2c-gds10", "live_url": "https://works.hcommons.org/records/t0n2c-gds10", "collection": "included"}
{"time": "2026-09-01T21:25:46+00:00", "post": "2014-02-14-publication-the-means-of-re-production-expertise-open-tools-standards-and-communication.md", "status": "published", "id": "gsf9y-66p25", "live_url": "https://works.hcommons.org/records/gsf9y-66p25", "collection": "included"}
{"time": "2026-09-01T21:26:00+00:00", "post": "2014-02-20-publication-pynchon-and-wittgenstein-ethics-relativism-and-philosophical-methodology.md", "status": "published", "id": "zhe9w-1e336", "live_url": "https://works.hcommons.org/records/zhe9w-1e336", "collection": "included"}
{"time": "2026-09-01T21:26:14+00:00", "post": "2014-02-22-google-scholar-will-count-a-blog-post-as-an-article-if-its-cited-a-preservation-suggesstion.md", "status": "published", "id": "g0ra4-yk330", "live_url": "https://works.hcommons.org/records/g0ra4-yk330", "collection": "included"}
{"time": "2026-09-01T21:26:29+00:00", "post": "2014-02-24-modularizing-the-metypeset-typesetter-for-the-user-interface-phase.md", "status": "published", "id": "hs0g1-zf897", "live_url": "https://works.hcommons.org/records/hs0g1-zf897", "collection": "included"}
{"time": "2026-09-01T21:26:43+00:00", "post": "2014-02-25-predatory-publishers-not-just-oa-and-who-loses-out.md", "status": "published", "id": "j8zbx-h4h11", "live_url": "https://works.hcommons.org/records/j8zbx-h4h11", "collection": "included"}
{"time": "2026-09-01T21:26:58+00:00", "post": "2014-02-26-mathml-support-in-the-metypeset-typesetter.md", "status": "published", "id": "da3tt-ngz19", "live_url": "https://works.hcommons.org/records/da3tt-ngz19", "collection": "included"}
{"time": "2026-09-01T21:27:12+00:00", "post": "2014-02-27-debugging-metypeset-using-a-git-filesystem.md", "status": "published", "id": "xgh2d-7sf55", "live_url": "https://works.hcommons.org/records/xgh2d-7sf55", "collection": "included"}
{"time": "2026-09-01T21:27:26+00:00", "post": "2014-03-06-who-owns-a-prezi.md", "status": "published", "id": "406kv-r3q47", "live_url": "https://works.hcommons.org/records/406kv-r3q47", "collection": "included"}
{"time": "2026-09-01T21:27:40+00:00", "post": "2014-03-10-scholars-and-scientists-who-work-in-languages-other-than-english-please-help.md", "status": "published", "id": "ps0mv-9vk93", "live_url": "https://works.hcommons.org/records/ps0mv-9vk93", "collection": "included"}
{"time": "2026-09-01T21:27:54+00:00", "post": "2014-03-31-hefces-post-2014-open-access-policy-the-short-what-you-need-to-know-version.md", "status": "published", "id": "zxzwq-zhe44", "live_url": "https://works.hcommons.org/records/zxzwq-zhe44", "collection": "included"}
{"time": "2026-09-01T21:28:08+00:00", "post": "2014-04-01-designing-an-open-source-oa-toolchain-for-books.md", "status": "published", "id": "5zdqz-axf97", "live_url": "https://works.hcommons.org/records/5zdqz-axf97", "collection": "included"}
{"time": "2026-09-01T21:28:22+00:00", "post": "2014-04-01-why-oa-mandates-dont-compromise-academic-freedom.md", "status": "published", "id": "zafrt-16e25", "live_url": "https://works.hcommons.org/records/zafrt-16e25", "collection": "included"}
{"time": "2026-09-01T21:28:36+00:00", "post": "2014-04-07-funding-for-the-open-library-of-humanities-from-the-andrew-w-mellon-foundation.md", "status": "published", "id": "73kqp-y8d06", "live_url": "https://works.hcommons.org/records/73kqp-y8d06", "collection": "included"}
{"time": "2026-09-01T21:28:49+00:00", "post": "2014-04-10-book-pynchon-and-philosophy-wittgenstein-foucault-and-adorno.md", "status": "published", "id": "myx7j-trv68", "live_url": "https://works.hcommons.org/records/myx7j-trv68", "collection": "included"}
{"time": "2026-09-01T21:29:04+00:00", "post": "2014-04-15-enabling-a-triple-head-3-monitor-setup-on-linux-mint-16-petra-with-two-nvidia-cards.md", "status": "published", "id": "n6ab8-b3y77", "live_url": "https://works.hcommons.org/records/n6ab8-b3y77", "collection": "included"}
{"time": "2026-09-01T21:29:19+00:00", "post": "2014-04-15-first-impressions-from-paul-thomas-andersons-film-of-inherent-vice.md", "status": "published", "id": "pvh7z-az152", "live_url": "https://works.hcommons.org/records/pvh7z-az152", "collection": "included"}
{"time": "2026-09-01T21:29:33+00:00", "post": "2014-04-15-symposium-on-david-mitchell-9th-may-london.md", "status": "published", "id": "bnc04-3vg06", "live_url": "https://works.hcommons.org/records/bnc04-3vg06", "collection": "included"}
{"time": "2026-09-01T21:29:48+00:00", "post": "2014-04-16-alluvium-2nd-birthday-panel-event.md", "status": "published", "id": "z50t3-x1085", "live_url": "https://works.hcommons.org/records/z50t3-x1085", "collection": "included"}
{"time": "2026-09-01T21:30:02+00:00", "post": "2014-04-17-bitmask-values-for-wtbllook-wval-attribute-in-ooxml.md", "status": "published", "id": "k3h0t-dvq77", "live_url": "https://works.hcommons.org/records/k3h0t-dvq77", "collection": "included"}
{"time": "2026-09-01T21:30:17+00:00", "post": "2014-04-17-what-do-we-mean-by-the-standing-and-reach-of-research.md", "status": "published", "id": "v0aya-k4a79", "live_url": "https://works.hcommons.org/records/v0aya-k4a79", "collection": "included"}
{"time": "2026-09-01T21:30:31+00:00", "post": "2014-04-19-openness-for-society-or-for-profit.md", "status": "published", "id": "8f302-7rt46", "live_url": "https://works.hcommons.org/records/8f302-7rt46", "collection": "included"}
{"time": "2026-09-01T21:30:45+00:00", "post": "2014-04-22-an-open-library-of-humanities-adeline-koh-interviews-me-at-the-chronicles-profhacker.md", "status": "published", "id": "2vwna-p2p13", "live_url": "https://works.hcommons.org/records/2vwna-p2p13", "collection": "included"}
{"time": "2026-09-01T21:30:59+00:00", "post": "2014-04-30-open-access-monographs-and-working-for-publishers-for-free.md", "status": "published", "id": "qg24n-0w666", "live_url": "https://works.hcommons.org/records/qg24n-0w666", "collection": "included"}
{"time": "2026-09-01T21:31:14+00:00", "post": "2014-05-03-two-free-copies-of-pynchon-and-philosophy-to-win-andor-a-25-discount.md", "status": "published", "id": "yfg2n-zs068", "live_url": "https://works.hcommons.org/records/yfg2n-zs068", "collection": "included"}
{"time": "2026-09-01T21:31:29+00:00", "post": "2014-05-05-the-tax-his-land-meme-and-its-discontents-me.md", "status": "published", "id": "annfw-kte18", "live_url": "https://works.hcommons.org/records/annfw-kte18", "collection": "included"}
{"time": "2026-09-01T21:31:43+00:00", "post": "2014-05-31-here-by-the-sea-and-sand-a-symposium-on-quadrophenia.md", "status": "published", "id": "m1xwm-btd02", "live_url": "https://works.hcommons.org/records/m1xwm-btd02", "collection": "included"}
{"time": "2026-09-01T21:31:57+00:00", "post": "2014-06-02-update-grubos-prober-not-detecting-windows-7.md", "status": "published", "id": "qzms7-h4h79", "live_url": "https://works.hcommons.org/records/qzms7-h4h79", "collection": "included"}
{"time": "2026-09-01T21:32:12+00:00", "post": "2014-06-03-a-research-tool-i-want-but-probably-wont-get-cross-referenceintersect-bibliographies-of-books-and-articles.md", "status": "published", "id": "yrzyp-3w543", "live_url": "https://works.hcommons.org/records/yrzyp-3w543", "collection": "included"}
{"time": "2026-09-01T21:32:31+00:00", "post": "2014-06-04-ann-wordsworth-critical-theory-faculty-contingency-and-the-university-in-ruins.md", "status": "published", "id": "0meac-k0e12", "live_url": "https://works.hcommons.org/records/0meac-k0e12", "collection": "included"}
{"time": "2026-09-01T21:32:46+00:00", "post": "2014-06-19-my-short-additional-response-to-the-hefce-metrics-consultation.md", "status": "published", "id": "4eb44-bkt26", "live_url": "https://works.hcommons.org/records/4eb44-bkt26", "collection": "included"}
{"time": "2026-09-01T21:33:01+00:00", "post": "2014-06-22-typesetting-jats-bibliographies-using-csl-and-zotero.md", "status": "published", "id": "mhjjr-nam98", "live_url": "https://works.hcommons.org/records/mhjjr-nam98", "collection": "included"}
{"time": "2026-09-01T21:33:16+00:00", "post": "2014-06-23-dumping-jats-from-zotero.md", "status": "published", "id": "4dqpb-9rz80", "live_url": "https://works.hcommons.org/records/4dqpb-9rz80", "collection": "included"}
{"time": "2026-09-01T21:33:32+00:00", "post": "2014-07-02-historicizing-the-iraq-war-in-don-delillos-point-omega-preprint-forthcoming-in-journal-of-american-studies.md", "status": "published", "id": "x7awy-h3533", "live_url": "https://works.hcommons.org/records/x7awy-h3533", "collection": "included"}
{"time": "2026-09-01T21:33:48+00:00", "post": "2014-07-03-my-personal-response-to-the-ttip-consultation.md", "status": "published", "id": "b02by-pp487", "live_url": "https://works.hcommons.org/records/b02by-pp487", "collection": "included"}
{"time": "2026-09-01T21:34:02+00:00", "post": "2014-07-05-semantically-marking-up-jats-bibliographies-using-metypeset-and-zotero.md", "status": "published", "id": "dayt8-wsz24", "live_url": "https://works.hcommons.org/records/dayt8-wsz24", "collection": "included"}
{"time": "2026-09-01T21:34:17+00:00", "post": "2014-07-28-open-access-effective-measures-to-put-uk-research-online-under-threat.md", "status": "published", "id": "jmvzy-sjp09", "live_url": "https://works.hcommons.org/records/jmvzy-sjp09", "collection": "included"}
{"time": "2026-09-01T21:34:32+00:00", "post": "2014-08-05-publication-all-that-glisters-investigating-collective-funding-mechanisms-for-gold-open-access-in-humanities-disciplines.md", "status": "published", "id": "0ksbr-dpt19", "live_url": "https://works.hcommons.org/records/0ksbr-dpt19", "collection": "included"}
{"time": "2026-09-01T21:34:46+00:00", "post": "2014-08-14-publication-historicizing-the-iraq-war-in-don-delillos-point-omega.md", "status": "published", "id": "9evyw-naz53", "live_url": "https://works.hcommons.org/records/9evyw-naz53", "collection": "included"}
{"time": "2026-09-01T21:35:00+00:00", "post": "2014-08-27-the-ice-bucket-challenge-and-the-waste-of-water-critique.md", "status": "published", "id": "fp24r-sww07", "live_url": "https://works.hcommons.org/records/fp24r-sww07", "collection": "included"}
{"time": "2026-09-01T21:35:14+00:00", "post": "2014-09-01-forthcoming-book-open-access-and-the-humanities-contexts-controversies-and-the-future-cambridge-up-2014.md", "status": "published", "id": "h6z52-46306", "live_url": "https://works.hcommons.org/records/h6z52-46306", "collection": "included"}
{"time": "2026-09-01T21:35:28+00:00", "post": "2014-09-03-does-amazon-kill-a-revenue-channel-for-open-access-monographs.md", "status": "published", "id": "bsnvy-xqs25", "live_url": "https://works.hcommons.org/records/bsnvy-xqs25", "collection": "included"}
{"time": "2026-09-01T21:35:41+00:00", "post": "2014-09-03-why-do-some-academic-publishers-think-they-should-charge-extra-for-more-liberal-licenses-cc-by.md", "status": "published", "id": "aqthy-9gc83", "live_url": "https://works.hcommons.org/records/aqthy-9gc83", "collection": "included"}
{"time": "2026-09-01T21:35:55+00:00", "post": "2014-09-04-whats-so-moral-about-the-moral-rights-of-copyright-for-academics.md", "status": "published", "id": "a4hkb-n0k31", "live_url": "https://works.hcommons.org/records/a4hkb-n0k31", "collection": "included"}
{"time": "2026-09-01T21:36:09+00:00", "post": "2014-09-05-ranciere-misreading-kautsky.md", "status": "published", "id": "5r6j5-mc655", "live_url": "https://works.hcommons.org/records/5r6j5-mc655", "collection": "included"}
{"time": "2026-09-01T21:36:24+00:00", "post": "2014-09-05-things-academia-edu-academia-should-do-hint-work-with-green-oa.md", "status": "published", "id": "qc7m1-et558", "live_url": "https://works.hcommons.org/records/qc7m1-et558", "collection": "included"}
{"time": "2026-09-01T21:36:37+00:00", "post": "2014-09-06-define-impact.md", "status": "published", "id": "0hkf5-5xp10", "live_url": "https://works.hcommons.org/records/0hkf5-5xp10", "collection": "included"}
{"time": "2026-09-01T21:36:51+00:00", "post": "2014-09-08-university-presses-and-commercial-publishers-should-start-offering-green-oa-for-monographs.md", "status": "published", "id": "21x1c-e7936", "live_url": "https://works.hcommons.org/records/21x1c-e7936", "collection": "included"}
{"time": "2026-09-01T21:37:06+00:00", "post": "2014-09-13-is-open-access-a-solution-without-a-problem-for-the-humanities.md", "status": "published", "id": "1a67e-rzx34", "live_url": "https://works.hcommons.org/records/1a67e-rzx34", "collection": "included"}
{"time": "2026-09-01T21:37:21+00:00", "post": "2014-09-15-academic-libraries-and-non-disclosure-clauses-institutions-should-internally-mandate-against-them.md", "status": "published", "id": "1ncvr-xam06", "live_url": "https://works.hcommons.org/records/1ncvr-xam06", "collection": "included"}
{"time": "2026-09-01T21:37:34+00:00", "post": "2014-10-04-pondering-a-solution-to-the-problem-of-learned-societies-and-the-transition-to-open-access.md", "status": "published", "id": "40exa-5kr51", "live_url": "https://works.hcommons.org/records/40exa-5kr51", "collection": "included"}
{"time": "2026-09-01T21:37:48+00:00", "post": "2014-11-02-were-a-small-learned-society-charging-25-what-are-we-doing-wrong-oa-for-small-society-journals.md", "status": "published", "id": "fapfd-t3711", "live_url": "https://works.hcommons.org/records/fapfd-t3711", "collection": "included"}
{"time": "2026-09-01T21:38:03+00:00", "post": "2014-11-05-discussingannotating-the-history-manifesto-and-the-open-access-effect.md", "status": "published", "id": "qaa7z-y9b83", "live_url": "https://works.hcommons.org/records/qaa7z-y9b83", "collection": "included"}
{"time": "2026-09-01T21:38:17+00:00", "post": "2014-11-12-universities-dh-the-crowd-and-labour-that-looks-like-a-game.md", "status": "published", "id": "6cpdc-12f31", "live_url": "https://works.hcommons.org/records/6cpdc-12f31", "collection": "included"}
{"time": "2026-09-01T21:38:34+00:00", "post": "2014-11-13-because-we-care-about-our-planet.md", "status": "published", "id": "xdbm5-h8587", "live_url": "https://works.hcommons.org/records/xdbm5-h8587", "collection": "included"}
{"time": "2026-09-01T21:38:48+00:00", "post": "2014-11-22-above-and-beyond-good-and-bad-surpluses-in-academic-publishing.md", "status": "published", "id": "dmtzj-58t80", "live_url": "https://works.hcommons.org/records/dmtzj-58t80", "collection": "included"}
{"time": "2026-09-01T21:39:02+00:00", "post": "2014-11-23-current-working-music.md", "status": "published", "id": "j1rfg-s6q31", "live_url": "https://works.hcommons.org/records/j1rfg-s6q31", "collection": "included"}
{"time": "2026-09-01T21:39:16+00:00", "post": "2014-11-26-a-consumerist-rant-whats-wrong-with-banks.md", "status": "published", "id": "rmqy4-ps811", "live_url": "https://works.hcommons.org/records/rmqy4-ps811", "collection": "included"}
{"time": "2026-09-01T21:39:30+00:00", "post": "2014-11-27-book-open-access-and-the-humanities.md", "status": "published", "id": "mkpp1-1y863", "live_url": "https://works.hcommons.org/records/mkpp1-1y863", "collection": "included"}
{"time": "2026-09-01T21:39:44+00:00", "post": "2014-12-01-the-tension-between-dissemination-and-measurement.md", "status": "published", "id": "0zt1k-q6h48", "live_url": "https://works.hcommons.org/records/0zt1k-q6h48", "collection": "included"}
{"time": "2026-09-01T21:39:58+00:00", "post": "2014-12-10-gold-open-access-and-article-processing-charges.md", "status": "published", "id": "k3pw2-eq247", "live_url": "https://works.hcommons.org/records/k3pw2-eq247", "collection": "included"}
{"time": "2026-09-01T21:40:13+00:00", "post": "2014-12-15-webinar-to-talk-open-access-with-mweller.md", "status": "published", "id": "493gc-08695", "live_url": "https://works.hcommons.org/records/493gc-08695", "collection": "included"}
{"time": "2026-09-01T21:40:28+00:00", "post": "2014-12-16-my-2014-round-up.md", "status": "published", "id": "qv26q-g1134", "live_url": "https://works.hcommons.org/records/qv26q-g1134", "collection": "included"}
{"time": "2026-09-01T21:40:43+00:00", "post": "2014-12-19-tied-to-the-mast-a-response-to-rmss-principles-for-loyal-computers.md", "status": "published", "id": "fcspy-znn80", "live_url": "https://works.hcommons.org/records/fcspy-znn80", "collection": "included"}
{"time": "2026-09-01T21:40:59+00:00", "post": "2015-01-15-metrics-in-the-humanities.md", "status": "published", "id": "gs895-mzd06", "live_url": "https://works.hcommons.org/records/gs895-mzd06", "collection": "included"}
{"time": "2026-09-01T21:41:14+00:00", "post": "2015-01-18-stephen-curry-stephen_curry-reviews-open-access-and-the-humanities.md", "status": "published", "id": "m9rzx-z6j23", "live_url": "https://works.hcommons.org/records/m9rzx-z6j23", "collection": "included"}
{"time": "2026-09-01T21:41:30+00:00", "post": "2015-01-19-foucauldian-methodologies-for-considering-emerging-archives.md", "status": "published", "id": "5t3ct-qx339", "live_url": "https://works.hcommons.org/records/5t3ct-qx339", "collection": "included"}
{"time": "2026-09-01T21:41:45+00:00", "post": "2015-01-20-a-web-of-rights-roundtable-and-conversation-at-the-british-library-feb-19th-2015-bldigital.md", "status": "published", "id": "ftwat-dx244", "live_url": "https://works.hcommons.org/records/ftwat-dx244", "collection": "included"}
{"time": "2026-09-01T21:41:59+00:00", "post": "2015-01-20-being-called-to-account-tax-considerations-for-uk-based-collectively-funded-open-access-publishers.md", "status": "published", "id": "fpza9-5kp87", "live_url": "https://works.hcommons.org/records/fpza9-5kp87", "collection": "included"}
{"time": "2026-09-01T21:42:13+00:00", "post": "2015-01-22-the-hefce-report-on-open-access-monographs-some-reflections.md", "status": "published", "id": "gews4-6eg11", "live_url": "https://works.hcommons.org/records/gews4-6eg11", "collection": "included"}
{"time": "2026-09-01T21:42:28+00:00", "post": "2015-01-31-on-open-access-books-and-double-dipping.md", "status": "published", "id": "mk3ja-5mr92", "live_url": "https://works.hcommons.org/records/mk3ja-5mr92", "collection": "included"}
{"time": "2026-09-01T21:42:43+00:00", "post": "2015-02-06-financing-for-free-driven-gold-open-access.md", "status": "published", "id": "m9geg-rmz09", "live_url": "https://works.hcommons.org/records/m9geg-rmz09", "collection": "included"}
{"time": "2026-09-01T21:42:58+00:00", "post": "2015-02-14-how-can-elsevier-claim-that-its-oa-revenue-stream-is-separate-from-subscriptions-in-a-hybrid-environment.md", "status": "published", "id": "hsgtc-17342", "live_url": "https://works.hcommons.org/records/hsgtc-17342", "collection": "included"}
{"time": "2026-09-01T21:43:13+00:00", "post": "2015-02-15-the-anxiety-of-academia-academics-legitimation-and-discipline-in-contemporary-metafiction.md", "status": "published", "id": "7v4en-1gr90", "live_url": "https://works.hcommons.org/records/7v4en-1gr90", "collection": "included"}
{"time": "2026-09-01T21:43:28+00:00", "post": "2015-02-22-chapter-two-self-canonisation-literary-historical-fictions-and-aesthetic-critique.md", "status": "published", "id": "jjczr-fax26", "live_url": "https://works.hcommons.org/records/jjczr-fax26", "collection": "included"}
{"time": "2026-09-01T21:43:43+00:00", "post": "2015-02-27-ethics-of-a-journals-surplus.md", "status": "published", "id": "xxhzd-c6e39", "live_url": "https://works.hcommons.org/records/xxhzd-c6e39", "collection": "included"}
{"time": "2026-09-01T21:43:57+00:00", "post": "2015-02-28-chapter-three-political-critique-and-the-university-in-roberto-bolanos-2666.md", "status": "published", "id": "z4w67-j7q28", "live_url": "https://works.hcommons.org/records/z4w67-j7q28", "collection": "included"}
{"time": "2026-09-01T21:44:11+00:00", "post": "2015-03-01-chapter-four-academic-fiction.md", "status": "published", "id": "v0rfb-cef64", "live_url": "https://works.hcommons.org/records/v0rfb-cef64", "collection": "included"}
{"time": "2026-09-01T21:44:26+00:00", "post": "2015-03-02-object-thinking-systems-description-languages-and-the-future-of-the-book.md", "status": "published", "id": "qbgx6-0qe35", "live_url": "https://works.hcommons.org/records/qbgx6-0qe35", "collection": "included"}
{"time": "2026-09-01T21:44:41+00:00", "post": "2015-03-05-publication-co-operating-for-gold-open-access-without-apcs.md", "status": "published", "id": "hakva-14q95", "live_url": "https://works.hcommons.org/records/hakva-14q95", "collection": "included"}
{"time": "2026-09-01T21:44:56+00:00", "post": "2015-04-05-publishers-serving-authors-or-readers.md", "status": "published", "id": "cbrvw-vxm50", "live_url": "https://works.hcommons.org/records/cbrvw-vxm50", "collection": "included"}
{"time": "2026-09-01T21:45:10+00:00", "post": "2015-04-12-it-is-never-a-good-time-to-start-a-new-journal.md", "status": "published", "id": "m3pwh-rzh09", "live_url": "https://works.hcommons.org/records/m3pwh-rzh09", "collection": "included"}
{"time": "2026-09-01T21:45:25+00:00", "post": "2015-04-15-in-the-beginning-was-the-word.md", "status": "published", "id": "yhcmt-jag89", "live_url": "https://works.hcommons.org/records/yhcmt-jag89", "collection": "included"}
{"time": "2026-09-01T21:45:39+00:00", "post": "2015-04-23-what-does-the-academic-monograph-market-look-like-for-a-new-open-access-publisher.md", "status": "published", "id": "zt27r-vtc98", "live_url": "https://works.hcommons.org/records/zt27r-vtc98", "collection": "included"}
{"time": "2026-09-01T21:45:53+00:00", "post": "2015-04-24-gearing-up-for-olh-in-the-uk-and-the-resolution-to-the-vat-question.md", "status": "published", "id": "rxsm5-e4x93", "live_url": "https://works.hcommons.org/records/rxsm5-e4x93", "collection": "included"}
{"time": "2026-09-01T21:46:09+00:00", "post": "2015-05-01-moving-to-birkbeck.md", "status": "published", "id": "3v1fc-daz84", "live_url": "https://works.hcommons.org/records/3v1fc-daz84", "collection": "included"}
{"time": "2026-09-01T21:46:24+00:00", "post": "2015-05-04-scalability-sustainability-and-market-responsiveness-in-oa.md", "status": "published", "id": "whfc4-5b570", "live_url": "https://works.hcommons.org/records/whfc4-5b570", "collection": "included"}
{"time": "2026-09-01T21:46:39+00:00", "post": "2015-05-10-some-thoughts-on-repealing-the-human-rights-act.md", "status": "published", "id": "5hjp1-zff84", "live_url": "https://works.hcommons.org/records/5hjp1-zff84", "collection": "included"}
{"time": "2026-09-01T21:46:55+00:00", "post": "2015-05-12-another-copyright-absurdity-using-film-screenshots.md", "status": "published", "id": "kvnpd-8fq44", "live_url": "https://works.hcommons.org/records/kvnpd-8fq44", "collection": "included"}
{"time": "2026-09-01T21:47:09+00:00", "post": "2015-05-13-more-on-fair-use-of-screengrabs.md", "status": "published", "id": "5csgq-0yj58", "live_url": "https://works.hcommons.org/records/5csgq-0yj58", "collection": "included"}
{"time": "2026-09-01T21:47:24+00:00", "post": "2015-05-18-some-lessons-in-writing-python-web-scrapers.md", "status": "published", "id": "2pcyy-t0v83", "live_url": "https://works.hcommons.org/records/2pcyy-t0v83", "collection": "included"}
{"time": "2026-09-01T21:47:38+00:00", "post": "2015-05-25-thoughts-in-response-to-michael-chibniks-editorial-on-oa-and-american-anthropologist.md", "status": "published", "id": "8rjzr-mj751", "live_url": "https://works.hcommons.org/records/8rjzr-mj751", "collection": "included"}
{"time": "2026-09-01T21:47:52+00:00", "post": "2015-05-31-dissemination-and-assessment-open-access-reputation-and-economics.md", "status": "published", "id": "fkhb4-9kw25", "live_url": "https://works.hcommons.org/records/fkhb4-9kw25", "collection": "included"}
{"time": "2026-09-01T21:48:06+00:00", "post": "2015-05-31-flipping-journals-to-oa-while-supporting-existing-oa-publications.md", "status": "published", "id": "wgxga-hd421", "live_url": "https://works.hcommons.org/records/wgxga-hd421", "collection": "included"}
{"time": "2026-09-01T21:48:21+00:00", "post": "2015-06-01-applications-open-for-opencon-2015.md", "status": "published", "id": "kn81q-51z83", "live_url": "https://works.hcommons.org/records/kn81q-51z83", "collection": "included"}
{"time": "2026-09-01T21:48:35+00:00", "post": "2015-06-07-heidis-years-of-learning-and-travel-late-pynchons-academics.md", "status": "published", "id": "gy7c0-g6e92", "live_url": "https://works.hcommons.org/records/gy7c0-g6e92", "collection": "included"}
{"time": "2026-09-01T21:48:49+00:00", "post": "2015-06-07-visualizing-gravitys-rainbow.md", "status": "published", "id": "d5mwz-whm41", "live_url": "https://works.hcommons.org/records/d5mwz-whm41", "collection": "included"}
{"time": "2026-09-01T21:49:06+00:00", "post": "2015-06-17-apcs-and-uneven-distribution.md", "status": "published", "id": "bpt65-c9m98", "live_url": "https://works.hcommons.org/records/bpt65-c9m98", "collection": "included"}
{"time": "2026-09-01T21:49:20+00:00", "post": "2015-06-19-vint-cerf-on-digital-preservation-at-aaup-2015.md", "status": "published", "id": "6sdcn-5de15", "live_url": "https://works.hcommons.org/records/6sdcn-5de15", "collection": "included"}
{"time": "2026-09-01T21:49:35+00:00", "post": "2015-06-20-disable-incoming-call-voice-announcement-on-the-nexus-6.md", "status": "published", "id": "c40r6-zxj84", "live_url": "https://works.hcommons.org/records/c40r6-zxj84", "collection": "included"}
{"time": "2026-09-01T21:49:50+00:00", "post": "2015-06-21-the-conservatism-of-cloud-atlas.md", "status": "published", "id": "xkms0-gvz66", "live_url": "https://works.hcommons.org/records/xkms0-gvz66", "collection": "included"}
{"time": "2026-09-01T21:50:04+00:00", "post": "2015-06-28-the-link-between-teaching-tuition-fees-and-research-publication-economics.md", "status": "published", "id": "myx26-3bm43", "live_url": "https://works.hcommons.org/records/myx26-3bm43", "collection": "included"}
{"time": "2026-09-01T21:50:18+00:00", "post": "2015-07-04-he-doesnt-talk-politics-any-more-politics-and-postmodernism-morality-and-metafiction-nihilism-and-the-novel.md", "status": "published", "id": "fe3xn-p1g09", "live_url": "https://works.hcommons.org/records/fe3xn-p1g09", "collection": "included"}
{"time": "2026-09-01T21:50:33+00:00", "post": "2015-07-16-the-politics-of-style-on-styleguides-in-scholarly-communications.md", "status": "published", "id": "bc1aq-db768", "live_url": "https://works.hcommons.org/records/bc1aq-db768", "collection": "included"}
{"time": "2026-09-01T21:50:47+00:00", "post": "2015-07-20-building-a-real-xml-first-workflow-for-scholarly-typesetting.md", "status": "published", "id": "zbmm3-f4m87", "live_url": "https://works.hcommons.org/records/zbmm3-f4m87", "collection": "included"}
{"time": "2026-09-01T21:51:02+00:00", "post": "2015-07-23-cassius-a-pdf-typesetter-using-css-regions-via-polyfill.md", "status": "published", "id": "3we42-37n10", "live_url": "https://works.hcommons.org/records/3we42-37n10", "collection": "included"}
{"time": "2026-09-01T21:51:16+00:00", "post": "2015-07-24-getting-started-typesetting-with-cassius.md", "status": "published", "id": "dpe4y-2k549", "live_url": "https://works.hcommons.org/records/dpe4y-2k549", "collection": "included"}
{"time": "2026-09-01T21:51:31+00:00", "post": "2015-08-07-fix-some-of-your-writing-tics-with-a-bit-of-technology.md", "status": "published", "id": "8ty9t-3ed57", "live_url": "https://works.hcommons.org/records/8ty9t-3ed57", "collection": "included"}
{"time": "2026-09-01T21:51:45+00:00", "post": "2015-08-19-additional-contexts-for-reading-the-emergence-of-new-UK-university-presses.md", "status": "published", "id": "etkpb-yc628", "live_url": "https://works.hcommons.org/records/etkpb-yc628", "collection": "included"}
{"time": "2026-09-01T21:51:59+00:00", "post": "2015-08-19-wordpress-php-eval-attacks.md", "status": "published", "id": "ez01m-gdt67", "live_url": "https://works.hcommons.org/records/ez01m-gdt67", "collection": "included"}
{"time": "2026-09-01T21:52:14+00:00", "post": "2015-08-22-researchers-are-altering-their-methods-because-of-uncertainty-over-creative-commons-licenses.md", "status": "published", "id": "kvenk-bqt51", "live_url": "https://works.hcommons.org/records/kvenk-bqt51", "collection": "included"}
{"time": "2026-09-01T21:52:28+00:00", "post": "2015-08-23-how-to-block-distributed-brute-force-attacks-against-wordpress-using-fail2ban.md", "status": "published", "id": "pc5mt-f8w47", "live_url": "https://works.hcommons.org/records/pc5mt-f8w47", "collection": "included"}
{"time": "2026-09-01T21:52:43+00:00", "post": "2015-09-06-a-final-example-to-show-that-misquotation-is-nothing-to-do-with-open-licensing.md", "status": "published", "id": "ke4jr-50n44", "live_url": "https://works.hcommons.org/records/ke4jr-50n44", "collection": "included"}
{"time": "2026-09-01T21:52:59+00:00", "post": "2015-09-09-speculations-on-jo-johnsons-he-talk.md", "status": "published", "id": "ftsrk-73d18", "live_url": "https://works.hcommons.org/records/ftsrk-73d18", "collection": "included"}
{"time": "2026-09-01T21:53:13+00:00", "post": "2015-09-18-its-not-about-stifling-academic-freedom.md", "status": "published", "id": "86kx6-6h281", "live_url": "https://works.hcommons.org/records/86kx6-6h281", "collection": "included"}
{"time": "2026-09-01T21:53:28+00:00", "post": "2015-10-11-quasi-objects.md", "status": "published", "id": "9nwja-0xh36", "live_url": "https://works.hcommons.org/records/9nwja-0xh36", "collection": "included"}
{"time": "2026-09-01T21:53:42+00:00", "post": "2015-10-17-re-hosting-the-2014-british-academy-report-on-oa-journals-in-the-humanities-and-social-sciences.md", "status": "published", "id": "3c028-7wq73", "live_url": "https://works.hcommons.org/records/3c028-7wq73", "collection": "included"}
{"time": "2026-09-01T21:53:55+00:00", "post": "2015-10-26-academiaedus-peer-review-experiments.md", "status": "published", "id": "3ddg6-chz11", "live_url": "https://works.hcommons.org/records/3ddg6-chz11", "collection": "included"}
{"time": "2026-09-01T21:54:11+00:00", "post": "2015-10-30-jo-johnson-your-proposals-for-british-higher-education-will-not-yield-the-competitiveness-you-seek.md", "status": "published", "id": "q2ydg-5mk40", "live_url": "https://works.hcommons.org/records/q2ydg-5mk40", "collection": "included"}
{"time": "2026-09-01T21:54:25+00:00", "post": "2015-11-03-new-review-published-of-joanna-freer-thomas-pynchon-and-the-american-counterculture.md", "status": "published", "id": "4cx0k-ttn67", "live_url": "https://works.hcommons.org/records/4cx0k-ttn67", "collection": "included"}
{"time": "2026-09-01T21:54:39+00:00", "post": "2015-11-05-clarifying-a-few-facts-for-elsevier-and-their-response-to-lingua.md", "status": "published", "id": "ymxcp-j2j02", "live_url": "https://works.hcommons.org/records/ymxcp-j2j02", "collection": "included"}
{"time": "2026-09-01T21:54:53+00:00", "post": "2015-11-06-two-fundamental-challenges-for-a-transition-to-open-access-monographs.md", "status": "published", "id": "sp3v5-zyb21", "live_url": "https://works.hcommons.org/records/sp3v5-zyb21", "collection": "included"}
{"time": "2026-09-01T21:55:08+00:00", "post": "2015-11-08-what-tef-is-really-for.md", "status": "published", "id": "fk3pe-92e17", "live_url": "https://works.hcommons.org/records/fk3pe-92e17", "collection": "included"}
{"time": "2026-09-01T21:55:22+00:00", "post": "2015-11-10-he-green-paper-response-to-question-23.md", "status": "published", "id": "ccrpf-j7e17", "live_url": "https://works.hcommons.org/records/ccrpf-j7e17", "collection": "included"}
{"time": "2026-09-01T21:55:37+00:00", "post": "2015-11-17-it-is-no-use-trying-to-replace-the-impact-factor.md", "status": "published", "id": "fnajt-rr446", "live_url": "https://works.hcommons.org/records/fnajt-rr446", "collection": "included"}
{"time": "2026-09-01T21:55:51+00:00", "post": "2015-11-17-some-numbers-on-book-processing-charge-scalability.md", "status": "published", "id": "v4071-dj761", "live_url": "https://works.hcommons.org/records/v4071-dj761", "collection": "included"}
{"time": "2026-09-01T21:56:05+00:00", "post": "2015-11-18-bis-metrics-and-non-selective-qr-allocation.md", "status": "published", "id": "ge56b-0yy84", "live_url": "https://works.hcommons.org/records/ge56b-0yy84", "collection": "included"}
{"time": "2026-09-01T21:56:21+00:00", "post": "2015-11-21-he-green-paper-response-to-question-1.md", "status": "published", "id": "qw7df-46098", "live_url": "https://works.hcommons.org/records/qw7df-46098", "collection": "included"}
{"time": "2026-09-01T21:56:35+00:00", "post": "2015-11-21-he-green-paper-response-to-question-2.md", "status": "published", "id": "68n60-xht98", "live_url": "https://works.hcommons.org/records/68n60-xht98", "collection": "included"}
{"time": "2026-09-01T21:56:50+00:00", "post": "2015-11-21-he-green-paper-response-to-question-3.md", "status": "published", "id": "7khvj-bs577", "live_url": "https://works.hcommons.org/records/7khvj-bs577", "collection": "included"}
{"time": "2026-09-01T21:57:03+00:00", "post": "2015-11-21-my-response-to-the-nhs-consultation.md", "status": "published", "id": "ksa1x-zqc61", "live_url": "https://works.hcommons.org/records/ksa1x-zqc61", "collection": "included"}
{"time": "2026-09-01T21:57:24+00:00", "post": "2015-11-22-he-green-paper-response-to-question-4.md", "status": "published", "id": "vgtqf-ew918", "live_url": "https://works.hcommons.org/records/vgtqf-ew918", "collection": "included"}
{"time": "2026-09-01T21:57:44+00:00", "post": "2015-11-22-he-green-paper-response-to-question-5.md", "status": "published", "id": "km91x-qvg92", "live_url": "https://works.hcommons.org/records/km91x-qvg92", "collection": "included"}
{"time": "2026-09-01T21:57:58+00:00", "post": "2015-11-25-he-green-paper-response-to-question-6.md", "status": "published", "id": "4k0pn-q6023", "live_url": "https://works.hcommons.org/records/4k0pn-q6023", "collection": "included"}
{"time": "2026-09-01T21:58:13+00:00", "post": "2015-11-26-he-green-paper-response-to-question-7.md", "status": "published", "id": "t40gk-9gr75", "live_url": "https://works.hcommons.org/records/t40gk-9gr75", "collection": "included"}
{"time": "2026-09-01T21:58:28+00:00", "post": "2015-11-26-he-green-paper-response-to-question-8.md", "status": "published", "id": "a2hb2-3wz79", "live_url": "https://works.hcommons.org/records/a2hb2-3wz79", "collection": "included"}
{"time": "2026-09-01T21:58:42+00:00", "post": "2015-11-29-he-green-paper-response-to-question-10.md", "status": "published", "id": "f0351-mzq13", "live_url": "https://works.hcommons.org/records/f0351-mzq13", "collection": "included"}
{"time": "2026-09-01T21:59:00+00:00", "post": "2015-11-29-he-green-paper-response-to-question-9.md", "status": "published", "id": "d132g-qgq17", "live_url": "https://works.hcommons.org/records/d132g-qgq17", "collection": "included"}
{"time": "2026-09-01T21:59:15+00:00", "post": "2015-12-01-he-green-paper-response-to-question-11.md", "status": "published", "id": "fwf4q-hak63", "live_url": "https://works.hcommons.org/records/fwf4q-hak63", "collection": "included"}
{"time": "2026-09-01T21:59:30+00:00", "post": "2015-12-01-he-green-paper-response-to-question-12.md", "status": "published", "id": "y2bak-dby05", "live_url": "https://works.hcommons.org/records/y2bak-dby05", "collection": "included"}
{"time": "2026-09-01T21:59:45+00:00", "post": "2015-12-01-he-green-paper-response-to-question-13.md", "status": "published", "id": "538yc-k9739", "live_url": "https://works.hcommons.org/records/538yc-k9739", "collection": "included"}
{"time": "2026-09-01T22:00:01+00:00", "post": "2015-12-02-he-green-paper-response-to-question-14.md", "status": "published", "id": "f6d26-qr349", "live_url": "https://works.hcommons.org/records/f6d26-qr349", "collection": "included"}
{"time": "2026-09-01T22:00:17+00:00", "post": "2015-12-06-he-green-paper-response-to-question-15.md", "status": "published", "id": "x18zd-4dd86", "live_url": "https://works.hcommons.org/records/x18zd-4dd86", "collection": "included"}
{"time": "2026-09-01T22:00:32+00:00", "post": "2015-12-06-he-green-paper-response-to-question-16.md", "status": "published", "id": "h88q6-kmp96", "live_url": "https://works.hcommons.org/records/h88q6-kmp96", "collection": "included"}
{"time": "2026-09-01T22:00:46+00:00", "post": "2015-12-06-he-green-paper-response-to-question-17.md", "status": "published", "id": "58bh2-sts90", "live_url": "https://works.hcommons.org/records/58bh2-sts90", "collection": "included"}
{"time": "2026-09-01T22:01:01+00:00", "post": "2015-12-10-he-green-paper-response-to-question-18.md", "status": "published", "id": "5xw0x-xvh30", "live_url": "https://works.hcommons.org/records/5xw0x-xvh30", "collection": "included"}
{"time": "2026-09-01T22:01:15+00:00", "post": "2015-12-11-he-green-paper-response-to-question-19.md", "status": "published", "id": "sbq35-wxh92", "live_url": "https://works.hcommons.org/records/sbq35-wxh92", "collection": "included"}
{"time": "2026-09-01T22:01:29+00:00", "post": "2015-12-11-he-green-paper-response-to-question-20.md", "status": "published", "id": "aqjrz-9gs21", "live_url": "https://works.hcommons.org/records/aqjrz-9gs21", "collection": "included"}
{"time": "2026-09-01T22:01:43+00:00", "post": "2015-12-11-he-green-paper-response-to-question-21.md", "status": "published", "id": "whts4-8ek56", "live_url": "https://works.hcommons.org/records/whts4-8ek56", "collection": "included"}
{"time": "2026-09-01T22:01:57+00:00", "post": "2015-12-14-auto-renewing-ssl-certificates-with-letsencrypt.md", "status": "published", "id": "7rz0s-ydp08", "live_url": "https://works.hcommons.org/records/7rz0s-ydp08", "collection": "included"}
{"time": "2026-09-01T22:02:13+00:00", "post": "2015-12-16-he-green-paper-response-to-question-22.md", "status": "published", "id": "39bqr-rpp08", "live_url": "https://works.hcommons.org/records/39bqr-rpp08", "collection": "included"}
{"time": "2026-09-01T22:02:27+00:00", "post": "2015-12-17-my-2015-academic-year-in-review.md", "status": "published", "id": "yghhg-f9x81", "live_url": "https://works.hcommons.org/records/yghhg-f9x81", "collection": "included"}
{"time": "2026-09-01T22:02:41+00:00", "post": "2015-12-24-he-green-paper-response-to-question-24.md", "status": "published", "id": "gm12j-yw091", "live_url": "https://works.hcommons.org/records/gm12j-yw091", "collection": "included"}
{"time": "2026-09-01T22:02:54+00:00", "post": "2015-12-24-visualizing-textual-variancegenetics-with-sankeyvariant.md", "status": "published", "id": "89zmn-wrf45", "live_url": "https://works.hcommons.org/records/89zmn-wrf45", "collection": "included"}
{"time": "2026-09-01T22:03:10+00:00", "post": "2015-12-28-how-to-do-a-hard-reset-on-a-jaybird-reign.md", "status": "published", "id": "bzxvv-5sx91", "live_url": "https://works.hcommons.org/records/bzxvv-5sx91", "collection": "included"}
{"time": "2026-09-01T22:03:24+00:00", "post": "2015-12-28-internal-review-of-foi201525797.md", "status": "published", "id": "gesws-fx745", "live_url": "https://works.hcommons.org/records/gesws-fx745", "collection": "included"}
{"time": "2026-09-01T22:03:38+00:00", "post": "2015-12-31-he-green-paper-response-to-question-25.md", "status": "published", "id": "ggr4r-py950", "live_url": "https://works.hcommons.org/records/ggr4r-py950", "collection": "included"}
{"time": "2026-09-01T22:03:52+00:00", "post": "2015-12-31-he-green-paper-response-to-question-26.md", "status": "published", "id": "y76mp-hm271", "live_url": "https://works.hcommons.org/records/y76mp-hm271", "collection": "included"}
{"time": "2026-09-01T22:04:07+00:00", "post": "2016-01-02-he-green-paper-response-to-question-27.md", "status": "published", "id": "vjqka-5eh54", "live_url": "https://works.hcommons.org/records/vjqka-5eh54", "collection": "included"}
{"time": "2026-09-01T22:04:21+00:00", "post": "2016-01-06-he-green-paper-response-to-question-28.md", "status": "published", "id": "n99zg-nhj22", "live_url": "https://works.hcommons.org/records/n99zg-nhj22", "collection": "included"}
{"time": "2026-09-01T22:04:35+00:00", "post": "2016-01-06-my-response-to-the-he-green-paper.md", "status": "published", "id": "3b1d0-nj928", "live_url": "https://works.hcommons.org/records/3b1d0-nj928", "collection": "included"}
{"time": "2026-09-01T22:04:49+00:00", "post": "2016-01-07-the-uk-copyright-exemption-for-text-and-data-mining-vs-the-dmca.md", "status": "published", "id": "egngj-yac41", "live_url": "https://works.hcommons.org/records/egngj-yac41", "collection": "included"}
{"time": "2026-09-01T22:05:03+00:00", "post": "2016-01-08-these-games-we-play-in-scholcomms.md", "status": "published", "id": "aj312-g1f95", "live_url": "https://works.hcommons.org/records/aj312-g1f95", "collection": "included"}
{"time": "2026-09-01T22:05:17+00:00", "post": "2016-01-11-the-methodology-of-literary-taxonomy-harking-and-p-hacking.md", "status": "published", "id": "5ej1v-sjf34", "live_url": "https://works.hcommons.org/records/5ej1v-sjf34", "collection": "included"}
{"time": "2026-09-01T22:05:31+00:00", "post": "2016-01-22-phd-criterion-to-merit-publication.md", "status": "published", "id": "pygch-dj929", "live_url": "https://works.hcommons.org/records/pygch-dj929", "collection": "included"}
{"time": "2026-09-01T22:05:46+00:00", "post": "2016-01-30-institutional-finance-and-academic-freedom.md", "status": "published", "id": "e49kv-pyf83", "live_url": "https://works.hcommons.org/records/e49kv-pyf83", "collection": "included"}
{"time": "2026-09-01T22:06:01+00:00", "post": "2016-02-05-why-handling-book-processing-charges-from-a-purchasing-library-is-hard.md", "status": "published", "id": "0x9k0-sf761", "live_url": "https://works.hcommons.org/records/0x9k0-sf761", "collection": "included"}
{"time": "2026-09-01T22:06:16+00:00", "post": "2016-02-09-an-old-tradition-and-a-new-technology-notes-on-why-open-access-remains-hard.md", "status": "published", "id": "jag6e-mam66", "live_url": "https://works.hcommons.org/records/jag6e-mam66", "collection": "included"}
{"time": "2026-09-01T22:06:30+00:00", "post": "2016-02-12-professor-of-literature-technology-and-publishing.md", "status": "published", "id": "7h2sg-wnf41", "live_url": "https://works.hcommons.org/records/7h2sg-wnf41", "collection": "included"}
{"time": "2026-09-01T22:06:45+00:00", "post": "2016-02-13-looking-back-on-my-early-visualizations-of-gravitys-rainbow.md", "status": "published", "id": "sb0ry-cw270", "live_url": "https://works.hcommons.org/records/sb0ry-cw270", "collection": "included"}
{"time": "2026-09-01T22:06:59+00:00", "post": "2016-02-13-on-ten-years-of-chronic-illness.md", "status": "published", "id": "npmhp-0wg80", "live_url": "https://works.hcommons.org/records/npmhp-0wg80", "collection": "included"}
{"time": "2026-09-01T22:07:16+00:00", "post": "2016-02-15-accreditation-and-research-assessment-practices.md", "status": "published", "id": "5t3t8-gds61", "live_url": "https://works.hcommons.org/records/5t3t8-gds61", "collection": "included"}
{"time": "2026-09-01T22:07:29+00:00", "post": "2016-02-16-understanding-ofquals-inter-subject-comparability-rasch-model-tests-for-easyhard-subjects-at-gcse-and-a-level.md", "status": "published", "id": "bezay-swz78", "live_url": "https://works.hcommons.org/records/bezay-swz78", "collection": "included"}
{"time": "2026-09-01T22:07:44+00:00", "post": "2016-02-17-on-speed-and-open-access.md", "status": "published", "id": "vecre-efk17", "live_url": "https://works.hcommons.org/records/vecre-efk17", "collection": "included"}
{"time": "2026-09-01T22:07:58+00:00", "post": "2016-02-18-REF-consultation.md", "status": "published", "id": "tv2j8-zzs30", "live_url": "https://works.hcommons.org/records/tv2j8-zzs30", "collection": "included"}
{"time": "2026-09-01T22:08:14+00:00", "post": "2016-02-23-David-Willetts.md", "status": "published", "id": "vsqx5-yyh18", "live_url": "https://works.hcommons.org/records/vsqx5-yyh18", "collection": "included"}
{"time": "2026-09-01T22:08:28+00:00", "post": "2016-02-26-rethinking.md", "status": "published", "id": "91tc7-2sh70", "live_url": "https://works.hcommons.org/records/91tc7-2sh70", "collection": "included"}
{"time": "2026-09-01T22:08:42+00:00", "post": "2016-02-26-the-critique-of-utopia.md", "status": "published", "id": "mnyba-93268", "live_url": "https://works.hcommons.org/records/mnyba-93268", "collection": "included"}
{"time": "2026-09-01T22:09:00+00:00", "post": "2016-03-01-it-looks-unlikely-that-universities-are-going-to-get-out-of-the-freedom-of-information-act.md", "status": "published", "id": "qvqxe-m6a45", "live_url": "https://works.hcommons.org/records/qvqxe-m6a45", "collection": "included"}
{"time": "2026-09-01T22:09:14+00:00", "post": "2016-03-28-i-am-currently-off-work-having-suffered-cerebral-vasculitis-and-a-stroke.md", "status": "published", "id": "27trs-kjp38", "live_url": "https://works.hcommons.org/records/27trs-kjp38", "collection": "included"}
{"time": "2026-09-01T22:09:29+00:00", "post": "2016-04-07-open-access-in-a-time-of-illness.md", "status": "published", "id": "t4t97-6hd35", "live_url": "https://works.hcommons.org/records/t4t97-6hd35", "collection": "included"}
{"time": "2026-09-01T22:09:43+00:00", "post": "2016-04-16-the-faber-finds-edition-of-rex-warners-the-professor.md", "status": "published", "id": "x3ece-19550", "live_url": "https://works.hcommons.org/records/x3ece-19550", "collection": "included"}
{"time": "2026-09-01T22:09:59+00:00", "post": "2016-04-27-embargoing-metadata.md", "status": "published", "id": "6z69y-4px45", "live_url": "https://works.hcommons.org/records/6z69y-4px45", "collection": "included"}
{"time": "2026-09-01T22:10:12+00:00", "post": "2016-05-03-overriding-hypothesiss-interface-the-right-way.md", "status": "published", "id": "w6ap1-mhn61", "live_url": "https://works.hcommons.org/records/w6ap1-mhn61", "collection": "included"}
{"time": "2026-09-01T22:10:29+00:00", "post": "2016-05-04-on-neural-networks-and-health-data-privacy.md", "status": "published", "id": "xt9gp-6h226", "live_url": "https://works.hcommons.org/records/xt9gp-6h226", "collection": "included"}
{"time": "2026-09-01T22:10:46+00:00", "post": "2016-05-04-what-elsevier-and-the-minister-for-higher-education-in-the-uk-jo-johnson-met-about.md", "status": "published", "id": "3gwc8-56x46", "live_url": "https://works.hcommons.org/records/3gwc8-56x46", "collection": "included"}
{"time": "2026-09-01T22:11:02+00:00", "post": "2016-05-11-hypothesis-v0814-error-oserror-errno-2-no-such-file-or-directory.md", "status": "published", "id": "cg8fm-wwm50", "live_url": "https://works.hcommons.org/records/cg8fm-wwm50", "collection": "included"}
{"time": "2026-09-01T22:11:18+00:00", "post": "2016-05-19-reading-potter-stewart.md", "status": "published", "id": "801m9-k5331", "live_url": "https://works.hcommons.org/records/801m9-k5331", "collection": "included"}
{"time": "2026-09-01T22:11:32+00:00", "post": "2016-05-23-what-do-we-mean-when-we-call-scholarly-communications-platforms-sustainable.md", "status": "published", "id": "r2dvm-qfg30", "live_url": "https://works.hcommons.org/records/r2dvm-qfg30", "collection": "included"}
{"time": "2026-09-01T22:11:47+00:00", "post": "2016-06-09-identifying-26gb-of-json-novel-data.md", "status": "published", "id": "aqa1z-dft26", "live_url": "https://works.hcommons.org/records/aqa1z-dft26", "collection": "included"}
{"time": "2026-09-01T22:12:02+00:00", "post": "2016-06-10-initial-parsing-work-on-large-json-corpus.md", "status": "published", "id": "b9w3s-4dp42", "live_url": "https://works.hcommons.org/records/b9w3s-4dp42", "collection": "included"}
{"time": "2026-09-01T22:12:17+00:00", "post": "2016-06-16-consortial-purchasing-and-downward-price-pressure-for-open-access.md", "status": "published", "id": "2f3r2-zc638", "live_url": "https://works.hcommons.org/records/2f3r2-zc638", "collection": "included"}
{"time": "2026-09-01T22:12:32+00:00", "post": "2016-06-19-cassius-now-supports-full-headless-pdf-creation-from-jats.md", "status": "published", "id": "gprpj-p6z76", "live_url": "https://works.hcommons.org/records/gprpj-p6z76", "collection": "included"}
{"time": "2026-09-01T22:12:46+00:00", "post": "2016-06-25-creating-a-generic-loader-for-annotatorjs-plugins-inside-a-hypothesis-extension-project.md", "status": "published", "id": "5n0j3-m3993", "live_url": "https://works.hcommons.org/records/5n0j3-m3993", "collection": "included"}
{"time": "2026-09-01T22:13:02+00:00", "post": "2016-06-26-selecting-specified-text-ranges-in-a-browser-using-javascript-and-xpath.md", "status": "published", "id": "m9wdh-atv14", "live_url": "https://works.hcommons.org/records/m9wdh-atv14", "collection": "included"}
{"time": "2026-09-01T22:13:18+00:00", "post": "2016-07-12-continuing-javascript-execution-after-total-dom-body-replacement-using-dom-mutation-observers.md", "status": "published", "id": "5g9qg-bx340", "live_url": "https://works.hcommons.org/records/5g9qg-bx340", "collection": "included"}
{"time": "2026-09-01T22:13:33+00:00", "post": "2016-07-20-overriding-angularjs-directives-isolate-scopes.md", "status": "published", "id": "1765s-rpm09", "live_url": "https://works.hcommons.org/records/1765s-rpm09", "collection": "included"}
{"time": "2026-09-01T22:13:47+00:00", "post": "2016-07-28-my-book-password-is-out-now.md", "status": "published", "id": "j5s04-d6z19", "live_url": "https://works.hcommons.org/records/j5s04-d6z19", "collection": "included"}
{"time": "2026-09-01T22:14:02+00:00", "post": "2016-07-28-on-the-ownership-portability-and-accreditation-of-research.md", "status": "published", "id": "hspv7-txe94", "live_url": "https://works.hcommons.org/records/hspv7-txe94", "collection": "included"}
{"time": "2026-09-01T22:14:16+00:00", "post": "2016-07-28-the-stern-review-of-ref.md", "status": "published", "id": "gbrrw-ck582", "live_url": "https://works.hcommons.org/records/gbrrw-ck582", "collection": "included"}
{"time": "2026-09-01T22:14:30+00:00", "post": "2016-08-08-stern-and-ref-assessing-the-past-to-fund-the-future.md", "status": "published", "id": "b60j9-8bc66", "live_url": "https://works.hcommons.org/records/b60j9-8bc66", "collection": "included"}
{"time": "2026-09-01T22:14:44+00:00", "post": "2016-08-09-have-you-read-david-mitchells-cloud-atlas-if-so-which-of-the-two-very-different-versions.md", "status": "published", "id": "m0r6s-jzm72", "live_url": "https://works.hcommons.org/records/m0r6s-jzm72", "collection": "included"}
{"time": "2026-09-01T22:14:59+00:00", "post": "2016-08-12-computational-reading-as-reading-against-the-reader.md", "status": "published", "id": "0m51h-mba57", "live_url": "https://works.hcommons.org/records/0m51h-mba57", "collection": "included"}
{"time": "2026-09-01T22:15:14+00:00", "post": "2016-08-16-arent-you-just-being-driven-by-technology.md", "status": "published", "id": "en3bc-7yk19", "live_url": "https://works.hcommons.org/records/en3bc-7yk19", "collection": "included"}
{"time": "2026-09-01T22:15:29+00:00", "post": "2016-08-24-paying-it-forward-to-fund-scholarly-communications.md", "status": "published", "id": "wtkn7-3q815", "live_url": "https://works.hcommons.org/records/wtkn7-3q815", "collection": "included"}
{"time": "2026-09-01T22:15:42+00:00", "post": "2016-08-26-why-open-book-publishers-for-my-next-book.md", "status": "published", "id": "3sf6s-0hh87", "live_url": "https://works.hcommons.org/records/3sf6s-0hh87", "collection": "included"}
{"time": "2026-09-01T22:15:57+00:00", "post": "2016-09-14-of-latex-and-labour.md", "status": "published", "id": "f7119-mkg15", "live_url": "https://works.hcommons.org/records/f7119-mkg15", "collection": "included"}
{"time": "2026-09-01T22:16:12+00:00", "post": "2016-10-03-a-few-initial-notes-on-david-golumbias-marxism-and-open-access-in-the-humanities.md", "status": "published", "id": "60da2-8hx03", "live_url": "https://works.hcommons.org/records/60da2-8hx03", "collection": "included"}
{"time": "2026-09-01T22:16:26+00:00", "post": "2016-10-06-now-accepting-proposals-to-new-horizons-in-contemporary-writing-series.md", "status": "published", "id": "1kx46-ckg98", "live_url": "https://works.hcommons.org/records/1kx46-ckg98", "collection": "included"}
{"time": "2026-09-01T22:16:41+00:00", "post": "2016-10-18-more-on-my-experience-with-open-book-publishers.md", "status": "published", "id": "3sa0s-t0158", "live_url": "https://works.hcommons.org/records/3sa0s-t0158", "collection": "included"}
{"time": "2026-09-01T22:16:56+00:00", "post": "2016-10-20-my-new-book-literature-against-criticism-is-published-today.md", "status": "published", "id": "zn59b-k3p49", "live_url": "https://works.hcommons.org/records/zn59b-k3p49", "collection": "included"}
{"time": "2026-09-01T22:17:11+00:00", "post": "2016-11-04-arguments-counter-arguments-and-political-alignments-for-and-against-open-access.md", "status": "published", "id": "etper-kvw04", "live_url": "https://works.hcommons.org/records/etper-kvw04", "collection": "included"}
{"time": "2026-09-01T22:17:25+00:00", "post": "2016-11-06-but-the-public-dont-need-access-to-humanities-research.md", "status": "published", "id": "veej7-q8d58", "live_url": "https://works.hcommons.org/records/veej7-q8d58", "collection": "included"}
{"time": "2026-09-01T22:17:39+00:00", "post": "2016-11-11-the-single-biggest-challenge-for-information-publishing-in-the-digital-age.md", "status": "published", "id": "bnnmk-vf247", "live_url": "https://works.hcommons.org/records/bnnmk-vf247", "collection": "included"}
{"time": "2026-09-01T22:17:53+00:00", "post": "2016-11-18-questions-about-APC-free-models.md", "status": "published", "id": "j6949-hj740", "live_url": "https://works.hcommons.org/records/j6949-hj740", "collection": "included"}
{"time": "2026-09-01T22:18:07+00:00", "post": "2016-11-19-next-book-project-the-aesthetics-of-metadata-redaction-reference-the-archive-in-contemporary-fictionnredaction-reference-the-archive-in-contemporary-fiction.md", "status": "published", "id": "kn1pk-fxn19", "live_url": "https://works.hcommons.org/records/kn1pk-fxn19", "collection": "included"}
{"time": "2026-09-01T22:18:22+00:00", "post": "2016-11-24-what-we-mean-when-we-ask-whether-open-access-is-sustainable.md", "status": "published", "id": "2sd09-fss41", "live_url": "https://works.hcommons.org/records/2sd09-fss41", "collection": "included"}
{"time": "2026-09-01T22:18:36+00:00", "post": "2016-12-03-referring-elsevierrelx-to-the-competition-and-markets-authority.md", "status": "published", "id": "y0as7-jfm55", "live_url": "https://works.hcommons.org/records/y0as7-jfm55", "collection": "included"}
{"time": "2026-09-01T22:18:51+00:00", "post": "2016-12-06-five-un-busted-aspects-of-the-tef.md", "status": "published", "id": "tskkh-pfj30", "live_url": "https://works.hcommons.org/records/tskkh-pfj30", "collection": "included"}
{"time": "2026-09-01T22:19:05+00:00", "post": "2016-12-08-points-from-my-first-reading-of-the-consultation-on-the-second-research-excellence-framework.md", "status": "published", "id": "8a7es-n1506", "live_url": "https://works.hcommons.org/records/8a7es-n1506", "collection": "included"}
{"time": "2026-09-01T22:19:19+00:00", "post": "2016-12-09-the-thing-thats-gone-missing-in-the-revisions-to-the-ref-consultation-between-february-and-december-2016.md", "status": "published", "id": "be0nq-pm275", "live_url": "https://works.hcommons.org/records/be0nq-pm275", "collection": "included"}
{"time": "2026-09-01T22:19:34+00:00", "post": "2016-12-13-introducing-cemmento-a-digital-preservation-tool-for-annotations.md", "status": "published", "id": "cvyy6-qs680", "live_url": "https://works.hcommons.org/records/cvyy6-qs680", "collection": "included"}
{"time": "2026-09-02T11:26:03+00:00", "post": "2013-08-23-reports-from-the-frontline-of-humanities-oa-in-japan.md", "status": "failed", "error": "No PDF edition found for '2013-08-23-reports-from-the-frontline-of-humanities-oa-in-japan' (looked in .pdf_cache/2013-08-23-reports-from-the-frontline-of-humanities-oa-in-japan.pdf and _site/PDF/2013-08-23-reports-from-the-frontline-of-humanities-oa-in-japan.pdf); run `jekyll build` to generate it"}
{"time": "2026-09-02T11:26:13+00:00", "post": "2017-01-01-the-rivalrous-parts-of-non-rivalrous-digital-forms.md", "status": "published", "id": "x0m39-9g262", "live_url": "https://works.hcommons.org/records/x0m39-9g262", "collection": "included"}
{"time": "2026-09-02T11:40:06+00:00", "post": "2017-01-02-learned-societies-open-access-and-paying-for-disciplinary-goods.md", "status": "published", "id": "q32wz-21643", "live_url": "https://works.hcommons.org/records/q32wz-21643", "collection": "included"}
{"time": "2026-09-02T11:40:20+00:00", "post": "2017-01-03-four-implementation-questions-about-open-access-and-monographs.md", "status": "published", "id": "h0gzy-5c146", "live_url": "https://works.hcommons.org/records/h0gzy-5c146", "collection": "included"}
{"time": "2026-09-02T11:40:36+00:00", "post": "2017-01-06-my-responses-to-the-consultation-on-the-second-research-excellence-framework.md", "status": "published", "id": "nb9at-eby88", "live_url": "https://works.hcommons.org/records/nb9at-eby88", "collection": "included"}
{"time": "2026-09-02T11:40:50+00:00", "post": "2017-01-16-thinking-more-about-eu-law-and-uk-copyright-exemptions.md", "status": "published", "id": "eeqzb-mmk48", "live_url": "https://works.hcommons.org/records/eeqzb-mmk48", "collection": "included"}
{"time": "2026-09-02T11:41:04+00:00", "post": "2017-01-19-on-responses-and-rebuttals-in-the-discipline-of-english-literature.md", "status": "published", "id": "bfzrg-55p81", "live_url": "https://works.hcommons.org/records/bfzrg-55p81", "collection": "included"}
{"time": "2026-09-02T11:41:18+00:00", "post": "2017-02-10-on-automatically-detecting-parenthetical-citations.md", "status": "published", "id": "p8xcr-05z34", "live_url": "https://works.hcommons.org/records/p8xcr-05z34", "collection": "included"}
{"time": "2026-09-02T11:41:32+00:00", "post": "2017-02-13-how-much-does-it-cost-to-run-a-small-scholarly-publisher.md", "status": "published", "id": "ex47y-sbf70", "live_url": "https://works.hcommons.org/records/ex47y-sbf70", "collection": "included"}
{"time": "2026-09-02T11:41:46+00:00", "post": "2017-02-16-judging-the-painting-research-without-the-frame-the-journal.md", "status": "published", "id": "kecsg-w4w59", "live_url": "https://works.hcommons.org/records/kecsg-w4w59", "collection": "included"}
{"time": "2026-09-02T11:42:01+00:00", "post": "2017-02-28-conducting-non-commercial-research-on-in-copyright-amazon-kindle-books.md", "status": "published", "id": "sp81t-b9734", "live_url": "https://works.hcommons.org/records/sp81t-b9734", "collection": "included"}
{"time": "2026-09-02T11:42:15+00:00", "post": "2017-03-11-on-the-economics-of-flipping-subscription-journals.md", "status": "published", "id": "5r7s1-jfa34", "live_url": "https://works.hcommons.org/records/5r7s1-jfa34", "collection": "included"}
{"time": "2026-09-02T11:42:30+00:00", "post": "2017-04-01-librarian-evaluation-of-non-apc-oa-models-in-the-age-of-open-access.md", "status": "published", "id": "egy3c-0tc31", "live_url": "https://works.hcommons.org/records/egy3c-0tc31", "collection": "included"}
{"time": "2026-09-02T11:42:47+00:00", "post": "2017-04-03-100-people-in-a-room.md", "status": "published", "id": "mthvs-sn844", "live_url": "https://works.hcommons.org/records/mthvs-sn844", "collection": "included"}
{"time": "2026-09-02T11:43:02+00:00", "post": "2017-04-21-the-folio-society-edition-of-riddley-walker.md", "status": "published", "id": "3tmb7-yrp05", "live_url": "https://works.hcommons.org/records/3tmb7-yrp05", "collection": "included"}
{"time": "2026-09-02T11:43:27+00:00", "post": "2017-04-24-on-consortial-oa-funding-models-and-renewals.md", "status": "published", "id": "hdgyr-8te76", "live_url": "https://works.hcommons.org/records/hdgyr-8te76", "collection": "included"}
{"time": "2026-09-02T11:43:42+00:00", "post": "2017-05-01-a-note-on-moral-relativism-and-unthinkable-liberalism.md", "status": "published", "id": "q04p0-ne686", "live_url": "https://works.hcommons.org/records/q04p0-ne686", "collection": "included"}
{"time": "2026-09-02T11:43:55+00:00", "post": "2017-05-07-an-important-note-if-you-have-a-lenovo-g580.md", "status": "published", "id": "wrw09-f7951", "live_url": "https://works.hcommons.org/records/wrw09-f7951", "collection": "included"}
{"time": "2026-09-02T11:44:10+00:00", "post": "2017-05-12-two-types-of-post-critique.md", "status": "published", "id": "tn6yp-y2135", "live_url": "https://works.hcommons.org/records/tn6yp-y2135", "collection": "included"}
{"time": "2026-09-02T11:44:24+00:00", "post": "2017-05-29-lingua-refund.md", "status": "published", "id": "a98jn-9bx25", "live_url": "https://works.hcommons.org/records/a98jn-9bx25", "collection": "included"}
{"time": "2026-09-02T11:44:37+00:00", "post": "2017-06-11-did-thomas-pynchon-write-cow-country-stylistic-affinities-and-divergences.md", "status": "published", "id": "hvr4r-1yp29", "live_url": "https://works.hcommons.org/records/hvr4r-1yp29", "collection": "included"}
{"time": "2026-09-02T11:44:51+00:00", "post": "2017-06-23-dear-walt.md", "status": "published", "id": "n4sxa-jwp34", "live_url": "https://works.hcommons.org/records/n4sxa-jwp34", "collection": "included"}
{"time": "2026-09-02T11:45:05+00:00", "post": "2017-07-13-mediating-forms-and-free-thinking-or-on-selecting-journals.md", "status": "published", "id": "25z73-mef15", "live_url": "https://works.hcommons.org/records/25z73-mef15", "collection": "included"}
{"time": "2026-09-02T11:45:19+00:00", "post": "2017-07-21-on-ecrs-and-non-portability-of-outputs.md", "status": "published", "id": "r3tdh-qc532", "live_url": "https://works.hcommons.org/records/r3tdh-qc532", "collection": "included"}
{"time": "2026-09-02T11:45:33+00:00", "post": "2017-08-03-open-access-monographs-misrepresented.md", "status": "published", "id": "gvpda-ewn65", "live_url": "https://works.hcommons.org/records/gvpda-ewn65", "collection": "included"}
{"time": "2026-09-02T11:45:46+00:00", "post": "2017-08-21-cambridge-university-press-and-censorship.md", "status": "published", "id": "5nc0p-8n788", "live_url": "https://works.hcommons.org/records/5nc0p-8n788", "collection": "included"}
{"time": "2026-09-02T11:46:00+00:00", "post": "2017-08-21-on-digital-publishing-and-third-party-rights.md", "status": "published", "id": "dd5b5-p7r78", "live_url": "https://works.hcommons.org/records/dd5b5-p7r78", "collection": "included"}
{"time": "2026-09-02T11:46:14+00:00", "post": "2017-11-20-my-autoimmune-diseases-are-attacking-my-ears-and-i-am-losing-my-hearing.md", "status": "published", "id": "sdmrp-7gj19", "live_url": "https://works.hcommons.org/records/sdmrp-7gj19", "collection": "included"}
{"time": "2026-09-02T11:46:28+00:00", "post": "2017-12-15-my-2017-academic-year-in-review.md", "status": "published", "id": "bd3gp-wkg86", "live_url": "https://works.hcommons.org/records/bd3gp-wkg86", "collection": "included"}
{"time": "2026-09-02T11:46:42+00:00", "post": "2018-01-19-open-access-resources-and-evaluation-or-why-oa-journals-might-fare-badly-in-terms-of-usage.md", "status": "published", "id": "qehnx-e6d12", "live_url": "https://works.hcommons.org/records/qehnx-e6d12", "collection": "included"}
{"time": "2026-09-02T11:46:57+00:00", "post": "2018-01-21-how-learned-societies-could-flip-to-oa-using-a-consortial-model.md", "status": "published", "id": "jzg9n-3hy72", "live_url": "https://works.hcommons.org/records/jzg9n-3hy72", "collection": "included"}
{"time": "2026-09-02T11:47:11+00:00", "post": "2018-02-06-who-was-responsible-for-the-toby-young-ofs-debacle.md", "status": "published", "id": "a8sch-rv119", "live_url": "https://works.hcommons.org/records/a8sch-rv119", "collection": "included"}
{"time": "2026-09-02T11:47:24+00:00", "post": "2018-03-03-who-does-the-work-of-implementing-dora.md", "status": "published", "id": "2kgx7-njb56", "live_url": "https://works.hcommons.org/records/2kgx7-njb56", "collection": "included"}
{"time": "2026-09-02T11:47:38+00:00", "post": "2018-03-20-action-short-of-a-strike-must-recognize-that-9-5-is-not-always-helpful.md", "status": "published", "id": "3qkb9-4kn55", "live_url": "https://works.hcommons.org/records/3qkb9-4kn55", "collection": "included"}
{"time": "2026-09-02T11:47:55+00:00", "post": "2018-03-20-keith-mcmillen-k-mix-on-linux.md", "status": "published", "id": "n6893-7tt29", "live_url": "https://works.hcommons.org/records/n6893-7tt29", "collection": "included"}
{"time": "2026-09-02T11:48:10+00:00", "post": "2018-04-01-the-tender-document-for-the-european-commissions-open-access-platform-asks-for-an-awful-lot.md", "status": "published", "id": "sdw92-3c634", "live_url": "https://works.hcommons.org/records/sdw92-3c634", "collection": "included"}
{"time": "2026-09-02T11:48:25+00:00", "post": "2018-04-02-the-OA-mandate.md", "status": "published", "id": "sgj7t-3vg24", "live_url": "https://works.hcommons.org/records/sgj7t-3vg24", "collection": "included"}
{"time": "2026-09-02T11:48:39+00:00", "post": "2018-04-05-thoughts-on-the-UUK-offer.md", "status": "published", "id": "hh0z8-av846", "live_url": "https://works.hcommons.org/records/hh0z8-av846", "collection": "included"}
{"time": "2026-09-02T11:48:53+00:00", "post": "2018-05-09-some-critiques-of-metamodernism.md", "status": "published", "id": "q0pwc-8a526", "live_url": "https://works.hcommons.org/records/q0pwc-8a526", "collection": "included"}
{"time": "2026-09-02T11:49:08+00:00", "post": "2018-05-21-books-in-series.md", "status": "published", "id": "1fa24-16y95", "live_url": "https://works.hcommons.org/records/1fa24-16y95", "collection": "included"}
{"time": "2026-09-02T11:49:21+00:00", "post": "2018-06-03-transparency-agendas-are-used-to-legislate-against-consortial-open-access-models.md", "status": "published", "id": "qxq1p-0pr20", "live_url": "https://works.hcommons.org/records/qxq1p-0pr20", "collection": "included"}
{"time": "2026-09-02T11:49:36+00:00", "post": "2018-07-01-where-we-are-with-the-oa-monograph-mandate-for-the-third-research-excellence-framework.md", "status": "published", "id": "m32xf-zz814", "live_url": "https://works.hcommons.org/records/m32xf-zz814", "collection": "included"}
{"time": "2026-09-02T11:49:49+00:00", "post": "2018-07-02-the-real-ethics-of-AI-are-about-the-labour-underpinning-it.md", "status": "published", "id": "dvyxh-9ac50", "live_url": "https://works.hcommons.org/records/dvyxh-9ac50", "collection": "included"}
{"time": "2026-09-02T11:50:03+00:00", "post": "2018-07-23-linux-cpu-frequency-scaling-on-the-intel-i9-7980xe.md", "status": "published", "id": "pgyns-gxk03", "live_url": "https://works.hcommons.org/records/pgyns-gxk03", "collection": "included"}
{"time": "2026-09-02T11:50:17+00:00", "post": "2018-08-07-open-source-patents.md", "status": "published", "id": "g0kz9-naq20", "live_url": "https://works.hcommons.org/records/g0kz9-naq20", "collection": "included"}
{"time": "2026-09-02T11:50:32+00:00", "post": "2018-10-03-on-the-practical-implementation-of-plan-s.md", "status": "published", "id": "r8jw0-8s759", "live_url": "https://works.hcommons.org/records/r8jw0-8s759", "collection": "included"}
{"time": "2026-09-02T11:50:46+00:00", "post": "2018-10-14-m-audio-trigger-finger-pro-synchronisation-problems.md", "status": "published", "id": "qn1z5-scf39", "live_url": "https://works.hcommons.org/records/qn1z5-scf39", "collection": "included"}
{"time": "2026-09-02T11:51:00+00:00", "post": "2018-10-23-jottings-on-academic-freedom-and-plan-s.md", "status": "published", "id": "2mbcv-9dc48", "live_url": "https://works.hcommons.org/records/2mbcv-9dc48", "collection": "included"}
{"time": "2026-09-02T11:51:14+00:00", "post": "2018-12-14-my-2018-in-review.md", "status": "published", "id": "t3v8t-gv583", "live_url": "https://works.hcommons.org/records/t3v8t-gv583", "collection": "included"}
{"time": "2026-09-02T11:51:29+00:00", "post": "2019-01-17-comments-on-the-interim-royal-historical-society-response-to-plan-s.md", "status": "published", "id": "9r3rg-g2050", "live_url": "https://works.hcommons.org/records/9r3rg-g2050", "collection": "included"}
{"time": "2026-09-02T11:51:43+00:00", "post": "2019-01-21-my-draft-plan-s-implementation-guidance-feedback.md", "status": "published", "id": "v5ptc-vx438", "live_url": "https://works.hcommons.org/records/v5ptc-vx438", "collection": "included"}
{"time": "2026-09-02T11:51:58+00:00", "post": "2019-01-23-additional-points-in-my-plan-s-response.md", "status": "published", "id": "9rq2j-pj785", "live_url": "https://works.hcommons.org/records/9rq2j-pj785", "collection": "included"}
{"time": "2026-09-02T11:52:13+00:00", "post": "2019-01-24-a-little-more-on-defamation-and-cc-by.md", "status": "published", "id": "k1pev-q5j32", "live_url": "https://works.hcommons.org/records/k1pev-q5j32", "collection": "included"}
{"time": "2026-09-02T11:52:28+00:00", "post": "2019-01-31-BBK-ref.md", "status": "published", "id": "50e8t-vjt83", "live_url": "https://works.hcommons.org/records/50e8t-vjt83", "collection": "included"}
{"time": "2026-09-02T11:52:41+00:00", "post": "2019-02-07-how-to-read-a-blank-page.md", "status": "published", "id": "kv6bm-jfx56", "live_url": "https://works.hcommons.org/records/kv6bm-jfx56", "collection": "included"}
{"time": "2026-09-02T11:52:56+00:00", "post": "2019-02-18-running-unoconv-on-ubuntu-1804-and-libreoffice-6.md", "status": "published", "id": "jg77d-tdc50", "live_url": "https://works.hcommons.org/records/jg77d-tdc50", "collection": "included"}
{"time": "2026-09-02T11:53:11+00:00", "post": "2019-03-16-digital-ways-of-looking.md", "status": "published", "id": "nrvsp-r5g40", "live_url": "https://works.hcommons.org/records/nrvsp-r5g40", "collection": "included"}
{"time": "2026-09-02T11:53:28+00:00", "post": "2019-03-29-on-music-tici-taci-and-a-new-release.md", "status": "published", "id": "vkd1v-kzq32", "live_url": "https://works.hcommons.org/records/vkd1v-kzq32", "collection": "included"}
{"time": "2026-09-02T11:53:49+00:00", "post": "2019-04-06-a-missing-audio-hardware-device.md", "status": "published", "id": "h4bne-6pr73", "live_url": "https://works.hcommons.org/records/h4bne-6pr73", "collection": "included"}
{"time": "2026-09-02T11:54:02+00:00", "post": "2019-04-09-learned-societies-and-plan-s-report.md", "status": "published", "id": "ec8pe-5qk03", "live_url": "https://works.hcommons.org/records/ec8pe-5qk03", "collection": "included"}
{"time": "2026-09-02T11:54:17+00:00", "post": "2019-04-18-how-long-does-it-take-to-examine-a-phd-thesis.md", "status": "published", "id": "rxt5n-8fs94", "live_url": "https://works.hcommons.org/records/rxt5n-8fs94", "collection": "included"}
{"time": "2026-09-02T11:54:32+00:00", "post": "2019-04-24-the-supervisory-frustrations-of-ahrc-dtps.md", "status": "published", "id": "wfq87-p2k73", "live_url": "https://works.hcommons.org/records/wfq87-p2k73", "collection": "included"}
{"time": "2026-09-02T11:54:47+00:00", "post": "2019-04-26-running-the-presonus-quantum-interfaces-on-windows-7.md", "status": "published", "id": "qtby0-j5e94", "live_url": "https://works.hcommons.org/records/qtby0-j5e94", "collection": "included"}
{"time": "2026-09-02T11:55:00+00:00", "post": "2019-04-26-the-learning-experience-out-today-on-tici-taci-and-my-book-has-gone-to-print-at-stanford-university-press.md", "status": "published", "id": "ry8df-jrw30", "live_url": "https://works.hcommons.org/records/ry8df-jrw30", "collection": "included"}
{"time": "2026-09-02T11:55:16+00:00", "post": "2019-05-21-text-of-digital-library-futures-keynote-cambridge-21st-may-2019.md", "status": "published", "id": "njfrc-mey73", "live_url": "https://works.hcommons.org/records/njfrc-mey73", "collection": "included"}
{"time": "2026-09-02T11:55:31+00:00", "post": "2019-05-23-academic-prestige-and-institutional-solvency.md", "status": "published", "id": "jzjtw-kkt03", "live_url": "https://works.hcommons.org/records/jzjtw-kkt03", "collection": "included"}
{"time": "2026-09-02T11:55:46+00:00", "post": "2019-05-24-instrumental-reading.md", "status": "published", "id": "majr1-0qy13", "live_url": "https://works.hcommons.org/records/majr1-0qy13", "collection": "included"}
{"time": "2026-09-02T11:56:01+00:00", "post": "2019-05-28-how-do-you-describe-this-kind-of-illness.md", "status": "published", "id": "z0v1e-60f34", "live_url": "https://works.hcommons.org/records/z0v1e-60f34", "collection": "included"}
{"time": "2026-09-02T11:56:15+00:00", "post": "2019-06-01-what-size-should-my-music-studio-be.md", "status": "published", "id": "v59p5-zaq94", "live_url": "https://works.hcommons.org/records/v59p5-zaq94", "collection": "included"}
{"time": "2026-09-02T11:56:31+00:00", "post": "2019-06-04-close-reading-with-computers-is-published-today-and-next-projects.md", "status": "published", "id": "a8msj-0p785", "live_url": "https://works.hcommons.org/records/a8msj-0p785", "collection": "included"}
{"time": "2026-09-02T11:56:45+00:00", "post": "2019-06-07-old-traditions-and-new-technologies.md", "status": "published", "id": "598cd-v7c62", "live_url": "https://works.hcommons.org/records/598cd-v7c62", "collection": "included"}
{"time": "2026-09-02T11:56:59+00:00", "post": "2019-06-10-opting-out-of-league-tables-is-of-course-a-type-of-prestige-game.md", "status": "published", "id": "g7nrf-79670", "live_url": "https://works.hcommons.org/records/g7nrf-79670", "collection": "included"}
{"time": "2026-09-02T11:57:14+00:00", "post": "2019-06-11-from-mars-and-back-to-close-reading-with-computers.md", "status": "published", "id": "96qk6-34y28", "live_url": "https://works.hcommons.org/records/96qk6-34y28", "collection": "included"}
{"time": "2026-09-02T11:57:29+00:00", "post": "2019-07-06-textual-scholarship-and-contemporary-literary-studies-jennifer-egans-editorial-processes-and-the-archival-edition-of-emerald-city.md", "status": "published", "id": "z32f4-f0583", "live_url": "https://works.hcommons.org/records/z32f4-f0583", "collection": "included"}
{"time": "2026-09-02T11:57:43+00:00", "post": "2019-07-12-ratholin.md", "status": "published", "id": "9xq13-4cd41", "live_url": "https://works.hcommons.org/records/9xq13-4cd41", "collection": "included"}
{"time": "2026-09-02T11:57:58+00:00", "post": "2019-07-24-academic-author-rights-of-presentation-on-mutable-digital-platforms.md", "status": "published", "id": "4a2t3-y9885", "live_url": "https://works.hcommons.org/records/4a2t3-y9885", "collection": "included"}
{"time": "2026-09-02T11:58:12+00:00", "post": "2019-07-24-the-british-academy-response-misrepresents-plan-s-and-oa.md", "status": "published", "id": "hdq2h-5x387", "live_url": "https://works.hcommons.org/records/hdq2h-5x387", "collection": "included"}
{"time": "2026-09-02T11:58:28+00:00", "post": "2019-07-30-thinking-through-citation-resolution-and-proposals-for-consumer-driven-doi-like-metadata-repositories.md", "status": "published", "id": "4d8q0-b1f49", "live_url": "https://works.hcommons.org/records/4d8q0-b1f49", "collection": "included"}
{"time": "2026-09-02T11:58:46+00:00", "post": "2019-08-03-elsevier-threatens-others-for-linking-to-sci-hub-but-does-it-itself.md", "status": "published", "id": "n1qgt-y8h50", "live_url": "https://works.hcommons.org/records/n1qgt-y8h50", "collection": "included"}
{"time": "2026-09-02T11:59:03+00:00", "post": "2019-09-04-when-infrastructural-support-clashes-with-dora-and-good-research-assessment-practices.md", "status": "published", "id": "wz57f-ffn69", "live_url": "https://works.hcommons.org/records/wz57f-ffn69", "collection": "included"}
{"time": "2026-09-02T11:59:19+00:00", "post": "2019-09-17-learned-societies-open-access-and-budgetary-cross-subsidy.md", "status": "published", "id": "wrv38-rjh18", "live_url": "https://works.hcommons.org/records/wrv38-rjh18", "collection": "included"}
{"time": "2026-09-02T11:59:34+00:00", "post": "2019-09-19-the-problems-of-unit-costs-per-article.md", "status": "published", "id": "e6w1x-2a495", "live_url": "https://works.hcommons.org/records/e6w1x-2a495", "collection": "included"}
{"time": "2026-09-02T11:59:48+00:00", "post": "2019-09-22-a-thought-experiment-do-we-really-care-about-the-type-of-scholarly-publishing-entity.md", "status": "published", "id": "7vv70-s1724", "live_url": "https://works.hcommons.org/records/7vv70-s1724", "collection": "included"}
{"time": "2026-09-02T12:00:02+00:00", "post": "2019-09-25-an-expensive-way-to-do-society-oa.md", "status": "published", "id": "0dfrk-m6141", "live_url": "https://works.hcommons.org/records/0dfrk-m6141", "collection": "included"}
{"time": "2026-09-02T12:00:17+00:00", "post": "2019-10-04-immunity-problems.md", "status": "published", "id": "6g2g1-9k446", "live_url": "https://works.hcommons.org/records/6g2g1-9k446", "collection": "included"}
{"time": "2026-09-02T12:00:31+00:00", "post": "2019-10-14-i-have-won-the-2019-philip-leverhulme-prizei-have-won-the-2019-philip-leverhulme-prizei-have-won-the-2019-philip-leverhulme-prize.md", "status": "published", "id": "w1aaf-wyx27", "live_url": "https://works.hcommons.org/records/w1aaf-wyx27", "collection": "included"}
{"time": "2026-09-02T12:00:45+00:00", "post": "2019-10-24-a-brief-note-on-the-rhs-plan-s-report.md", "status": "published", "id": "knh0f-f2k80", "live_url": "https://works.hcommons.org/records/knh0f-f2k80", "collection": "included"}
{"time": "2026-09-02T12:01:00+00:00", "post": "2019-12-02-the-first-oa-liberated-article-from-my-leverhulme-prize.md", "status": "published", "id": "rbxts-crh50", "live_url": "https://works.hcommons.org/records/rbxts-crh50", "collection": "included"}
{"time": "2026-09-02T12:01:15+00:00", "post": "2019-12-04-the-second-oa-liberated-article-from-my-leverhulme-prize-natural-language-generation-and-authorial-labour.md", "status": "published", "id": "jk6hm-dj831", "live_url": "https://works.hcommons.org/records/jk6hm-dj831", "collection": "included"}
{"time": "2026-09-02T12:01:29+00:00", "post": "2019-12-11-an-irony-of-the-hierarchy-of-journals.md", "status": "published", "id": "9zk2n-pj424", "live_url": "https://works.hcommons.org/records/9zk2n-pj424", "collection": "included"}
{"time": "2026-09-02T12:01:43+00:00", "post": "2019-12-12-the-new-ref-individual-circumstances-setup-the-good-and-the-bad.md", "status": "published", "id": "tfcck-x7z31", "live_url": "https://works.hcommons.org/records/tfcck-x7z31", "collection": "included"}
{"time": "2026-09-02T12:01:58+00:00", "post": "2019-12-14-my-2019-in-review.md", "status": "published", "id": "wfnkp-n0502", "live_url": "https://works.hcommons.org/records/wfnkp-n0502", "collection": "included"}
{"time": "2026-09-02T12:02:13+00:00", "post": "2020-01-03-accelerating-synology-raid-6-reshapes.md", "status": "published", "id": "c71ng-7fa17", "live_url": "https://works.hcommons.org/records/c71ng-7fa17", "collection": "included"}
{"time": "2026-09-02T12:02:27+00:00", "post": "2020-01-12-the-tf-buyout-of-f1000-neutralises-the-plan-s-threat.md", "status": "published", "id": "3c3ws-6xa64", "live_url": "https://works.hcommons.org/records/3c3ws-6xa64", "collection": "included"}
{"time": "2026-09-02T12:02:41+00:00", "post": "2020-01-30-a-hypothesis-kernel-function-density-estimation-and-graphing-may-predict-literary-critical-attention.md", "status": "published", "id": "sdwh3-3j453", "live_url": "https://works.hcommons.org/records/sdwh3-3j453", "collection": "included"}
{"time": "2026-09-02T12:02:56+00:00", "post": "2020-02-11-writing-a-data-management-plan.md", "status": "published", "id": "95dch-btj34", "live_url": "https://works.hcommons.org/records/95dch-btj34", "collection": "included"}
{"time": "2026-09-02T12:03:10+00:00", "post": "2020-02-13-key-points-from-the-ukri-open-access-review-consultation-document.md", "status": "published", "id": "4ksvw-mrw08", "live_url": "https://works.hcommons.org/records/4ksvw-mrw08", "collection": "included"}
{"time": "2026-09-02T12:03:28+00:00", "post": "2020-02-14-open-access-monographs-and-the-ref-after-ref-2021.md", "status": "published", "id": "tcvz6-0xp47", "live_url": "https://works.hcommons.org/records/tcvz6-0xp47", "collection": "included"}
{"time": "2026-09-02T12:03:45+00:00", "post": "2020-02-27-my-draft-response-to-the-ukri-oa-consultation.md", "status": "published", "id": "q6pqd-7pe14", "live_url": "https://works.hcommons.org/records/q6pqd-7pe14", "collection": "included"}
{"time": "2026-09-02T12:04:02+00:00", "post": "2020-03-14-i4oc-open-citations-implementation-in-janeway.md", "status": "published", "id": "q459y-q7n10", "live_url": "https://works.hcommons.org/records/q459y-q7n10", "collection": "included"}
{"time": "2026-09-02T12:04:17+00:00", "post": "2020-03-26-on-a-challenge-of-print-subsidy-for-oa.md", "status": "published", "id": "z7vp4-y4t35", "live_url": "https://works.hcommons.org/records/z7vp4-y4t35", "collection": "included"}
{"time": "2026-09-02T12:04:32+00:00", "post": "2020-03-29-books-im-working-on.md", "status": "published", "id": "zzzns-mxg25", "live_url": "https://works.hcommons.org/records/zzzns-mxg25", "collection": "included"}
{"time": "2026-09-02T12:04:47+00:00", "post": "2020-04-07-close-reading-with-computers-is-now-open-access-at-stanford-university-press.md", "status": "published", "id": "53mss-d8s74", "live_url": "https://works.hcommons.org/records/53mss-d8s74", "collection": "included"}
{"time": "2026-09-02T12:05:03+00:00", "post": "2020-04-09-on-springer-and-apcs-in-the-wild.md", "status": "published", "id": "9rmg8-n3y32", "live_url": "https://works.hcommons.org/records/9rmg8-n3y32", "collection": "included"}
{"time": "2026-09-02T12:05:17+00:00", "post": "2020-04-09-subscribe-to-open-and-plan-s.md", "status": "published", "id": "verfd-7t720", "live_url": "https://works.hcommons.org/records/verfd-7t720", "collection": "included"}
{"time": "2026-09-02T12:05:32+00:00", "post": "2020-04-10-zotero-and-open-access-books.md", "status": "published", "id": "9q7z5-30v21", "live_url": "https://works.hcommons.org/records/9q7z5-30v21", "collection": "included"}
{"time": "2026-09-02T12:05:46+00:00", "post": "2020-04-19-notes-on-susan-leigh-stars-the-ethnography-of-infrastructure.md", "status": "published", "id": "57n2r-zv811", "live_url": "https://works.hcommons.org/records/57n2r-zv811", "collection": "included"}
{"time": "2026-09-02T12:06:02+00:00", "post": "2020-04-20-notes-on-stuart-lawsons-the-political-histories-of-uk-public-libraries-and-access-to-knowledge.md", "status": "published", "id": "211vd-az638", "live_url": "https://works.hcommons.org/records/211vd-az638", "collection": "included"}
{"time": "2026-09-02T12:06:17+00:00", "post": "2020-04-22-the-edited-collection-and-its-discontents.md", "status": "published", "id": "m0af2-wtp57", "live_url": "https://works.hcommons.org/records/m0af2-wtp57", "collection": "included"}
{"time": "2026-09-02T12:06:33+00:00", "post": "2020-04-23-museums-continue-to-make-third-party-licensing-for-academic-scholarship-a-total-pain.md", "status": "published", "id": "qfavs-k2k73", "live_url": "https://works.hcommons.org/records/qfavs-k2k73", "collection": "included"}
{"time": "2026-09-02T12:06:49+00:00", "post": "2020-04-24-why-academic-bookstores.md", "status": "published", "id": "qzj4g-18377", "live_url": "https://works.hcommons.org/records/qzj4g-18377", "collection": "included"}
{"time": "2026-09-02T12:07:04+00:00", "post": "2020-04-26-getting-the-gist-of-reading.md", "status": "published", "id": "t3579-1d803", "live_url": "https://works.hcommons.org/records/t3579-1d803", "collection": "included"}
{"time": "2026-09-02T12:07:21+00:00", "post": "2020-04-28-is-the-money-in-the-system.md", "status": "published", "id": "hfs8j-qeh75", "live_url": "https://works.hcommons.org/records/hfs8j-qeh75", "collection": "included"}
{"time": "2026-09-02T12:07:35+00:00", "post": "2020-05-04-on-participatory-design-in-library-architecture.md", "status": "published", "id": "gf4tt-t1c25", "live_url": "https://works.hcommons.org/records/gf4tt-t1c25", "collection": "included"}
{"time": "2026-09-02T12:07:51+00:00", "post": "2020-05-09-on-critical-design-and-designing-for-provocation.md", "status": "published", "id": "2qxrq-ge852", "live_url": "https://works.hcommons.org/records/2qxrq-ge852", "collection": "included"}
{"time": "2026-09-02T12:08:07+00:00", "post": "2020-05-09-transformative-agreements-in-the-time-of-covid-19.md", "status": "published", "id": "qk3w1-16231", "live_url": "https://works.hcommons.org/records/qk3w1-16231", "collection": "included"}
{"time": "2026-09-02T12:08:24+00:00", "post": "2020-05-14-on-business-model-generation.md", "status": "published", "id": "jnd1q-tf568", "live_url": "https://works.hcommons.org/records/jnd1q-tf568", "collection": "included"}
{"time": "2026-09-02T12:08:43+00:00", "post": "2020-05-21-notes-on-raym-crow-2009-income-models-for-open-access-an-overview-of-current-practice-sparc.md", "status": "published", "id": "gyakb-ac337", "live_url": "https://works.hcommons.org/records/gyakb-ac337", "collection": "included"}
{"time": "2026-09-02T12:09:01+00:00", "post": "2020-05-21-on-academic-journals-as-clubs.md", "status": "published", "id": "expnj-sw698", "live_url": "https://works.hcommons.org/records/expnj-sw698", "collection": "included"}
{"time": "2026-09-02T12:09:19+00:00", "post": "2020-05-23-if-i-could-radically-reshape-copyright-law.md", "status": "published", "id": "59z1n-jrf65", "live_url": "https://works.hcommons.org/records/59z1n-jrf65", "collection": "included"}
{"time": "2026-09-02T12:09:35+00:00", "post": "2020-05-28-notes-on-vulnerability-and-covid-19.md", "status": "published", "id": "mxy0r-22593", "live_url": "https://works.hcommons.org/records/mxy0r-22593", "collection": "included"}
{"time": "2026-09-02T12:09:51+00:00", "post": "2020-05-29-on-the-overhead-of-business-models.md", "status": "published", "id": "9pgcf-yw089", "live_url": "https://works.hcommons.org/records/9pgcf-yw089", "collection": "included"}
{"time": "2026-09-02T12:10:07+00:00", "post": "2020-06-21-reading-the-democratisation-myth-and-thinking-through-decolonial-oa.md", "status": "published", "id": "k4k24-66q73", "live_url": "https://works.hcommons.org/records/k4k24-66q73", "collection": "included"}
{"time": "2026-09-02T12:10:22+00:00", "post": "2020-06-24-on-the-easing-of-shielding.md", "status": "published", "id": "kdwjn-mkw21", "live_url": "https://works.hcommons.org/records/kdwjn-mkw21", "collection": "included"}
{"time": "2026-09-02T12:10:37+00:00", "post": "2020-07-03-the-emergence-of-threat-infrastructures-plan-s-and-behavioral-change.md", "status": "published", "id": "c9jkz-wbv26", "live_url": "https://works.hcommons.org/records/c9jkz-wbv26", "collection": "included"}
{"time": "2026-09-02T12:10:53+00:00", "post": "2020-07-30-davmail-uses-java-certificate-store-not-central-ca-certificates.md", "status": "published", "id": "t94th-ent57", "live_url": "https://works.hcommons.org/records/t94th-ent57", "collection": "included"}
{"time": "2026-09-02T12:11:07+00:00", "post": "2020-08-07-some-reflections-on-the-politics-of-open-peer-review.md", "status": "published", "id": "j3ned-rad61", "live_url": "https://works.hcommons.org/records/j3ned-rad61", "collection": "included"}
{"time": "2026-09-02T12:11:22+00:00", "post": "2020-08-18-rethinking-assessment-during-the-pandemic.md", "status": "published", "id": "syd0f-yss42", "live_url": "https://works.hcommons.org/records/syd0f-yss42", "collection": "included"}
{"time": "2026-09-02T12:11:37+00:00", "post": "2020-08-21-rapid-response-grants-and-disciplinary-boundaries.md", "status": "published", "id": "mfwgn-ycd56", "live_url": "https://works.hcommons.org/records/mfwgn-ycd56", "collection": "included"}
{"time": "2026-09-02T12:11:51+00:00", "post": "2020-09-03-retractions-against-racial-discrimination.md", "status": "published", "id": "70mae-j2j94", "live_url": "https://works.hcommons.org/records/70mae-j2j94", "collection": "included"}
{"time": "2026-09-02T12:12:07+00:00", "post": "2020-10-04-the-observer-should-not-offer-column-inches-to-allow-oxford-college-principals-to-lie-about-other-universities.md", "status": "published", "id": "e140p-eyd75", "live_url": "https://works.hcommons.org/records/e140p-eyd75", "collection": "included"}
{"time": "2026-09-02T12:12:21+00:00", "post": "2020-10-10-an-update-on-my-warez-book.md", "status": "published", "id": "heaya-2mk39", "live_url": "https://works.hcommons.org/records/heaya-2mk39", "collection": "included"}
{"time": "2026-09-02T12:12:36+00:00", "post": "2020-10-21-on-reassembling-scholarly-communications.md", "status": "published", "id": "qctv2-yhn70", "live_url": "https://works.hcommons.org/records/qctv2-yhn70", "collection": "included"}
{"time": "2026-09-02T12:12:52+00:00", "post": "2020-10-22-backlist-to-the-future-a-new-business-model-for-university-presses-and-open-access-books.md", "status": "published", "id": "k9zga-vfh33", "live_url": "https://works.hcommons.org/records/k9zga-vfh33", "collection": "included"}
{"time": "2026-09-02T12:13:09+00:00", "post": "2020-11-13-on-the-ethics-of-studying-pirate-cultures.md", "status": "published", "id": "e9a5g-nxf92", "live_url": "https://works.hcommons.org/records/e9a5g-nxf92", "collection": "included"}
{"time": "2026-09-02T12:13:26+00:00", "post": "2020-12-12-how-to-install-ubuntu-on-the-hp-dragonfly-elite.md", "status": "published", "id": "hac12-f6317", "live_url": "https://works.hcommons.org/records/hac12-f6317", "collection": "included"}
{"time": "2026-09-02T12:13:42+00:00", "post": "2020-12-16-my-2020-year-in-review.md", "status": "published", "id": "97dk9-wpn03", "live_url": "https://works.hcommons.org/records/97dk9-wpn03", "collection": "included"}
{"time": "2026-09-02T12:13:58+00:00", "post": "2020-12-28-some-reflections-on-the-professionalization-of-my-disciplines.md", "status": "published", "id": "3eamf-t9453", "live_url": "https://works.hcommons.org/records/3eamf-t9453", "collection": "included"}
{"time": "2026-09-02T12:14:15+00:00", "post": "2020-12-29-an-anecdote-on-editing.md", "status": "published", "id": "mbtk0-w8b63", "live_url": "https://works.hcommons.org/records/mbtk0-w8b63", "collection": "included"}
{"time": "2026-09-02T12:14:29+00:00", "post": "2020-12-29-resolutions-and-the-good-parts-of-academia.md", "status": "published", "id": "rnddr-6eh09", "live_url": "https://works.hcommons.org/records/rnddr-6eh09", "collection": "included"}
{"time": "2026-09-02T12:14:45+00:00", "post": "2021-01-03-i-have-submitted-the-warez-book.md", "status": "published", "id": "g5ss5-2jd47", "live_url": "https://works.hcommons.org/records/g5ss5-2jd47", "collection": "included"}
{"time": "2026-09-02T12:15:00+00:00", "post": "2021-01-03-reading-peer-review-is-published-today.md", "status": "published", "id": "5bzq3-3fg44", "live_url": "https://works.hcommons.org/records/5bzq3-3fg44", "collection": "included"}
{"time": "2026-09-02T12:15:16+00:00", "post": "2021-01-07-2021-is-not-looking-much-better.md", "status": "published", "id": "d0c5r-3p759", "live_url": "https://works.hcommons.org/records/d0c5r-3p759", "collection": "included"}
{"time": "2026-09-02T12:15:31+00:00", "post": "2021-01-08-on-the-costs-of-scholarly-communications-and-the-discourse-of-fairness.md", "status": "published", "id": "djegd-j0e68", "live_url": "https://works.hcommons.org/records/djegd-j0e68", "collection": "included"}
{"time": "2026-09-02T12:15:46+00:00", "post": "2021-01-18-how-much-optimism.md", "status": "published", "id": "97f63-h3c66", "live_url": "https://works.hcommons.org/records/97f63-h3c66", "collection": "included"}
{"time": "2026-09-02T12:16:01+00:00", "post": "2021-01-21-on-healthcare-economics-and-valuing-lives.md", "status": "published", "id": "w7z3n-htz35", "live_url": "https://works.hcommons.org/records/w7z3n-htz35", "collection": "included"}
{"time": "2026-09-02T12:16:17+00:00", "post": "2021-01-25-the-open-library-of-humanities-and-brexit-vat-position.md", "status": "published", "id": "2y7dd-neb06", "live_url": "https://works.hcommons.org/records/2y7dd-neb06", "collection": "included"}
{"time": "2026-09-02T12:16:31+00:00", "post": "2021-02-03-my-resignation-as-an-external-examiner-at-the-university-of-leicester-in-the-wake-of-proposed-cuts-to-english.md", "status": "published", "id": "11nmf-4bt87", "live_url": "https://works.hcommons.org/records/11nmf-4bt87", "collection": "included"}
{"time": "2026-09-02T12:16:47+00:00", "post": "2021-02-17-the-publishers-associations-impact-assessment-on-oa.md", "status": "published", "id": "mm28q-vvd61", "live_url": "https://works.hcommons.org/records/mm28q-vvd61", "collection": "included"}
{"time": "2026-09-02T12:17:02+00:00", "post": "2021-02-22-the-social-network-of-the-london-review-of-books.md", "status": "published", "id": "yg8p9-53n33", "live_url": "https://works.hcommons.org/records/yg8p9-53n33", "collection": "included"}
{"time": "2026-09-02T12:17:18+00:00", "post": "2021-03-02-oa-books-being-reprinted-under-cc-by-license.md", "status": "published", "id": "pn5ag-cj249", "live_url": "https://works.hcommons.org/records/pn5ag-cj249", "collection": "included"}
{"time": "2026-09-02T12:17:32+00:00", "post": "2021-03-18-shielding-is-being-eased-again-heres-why-this-is-so-frightening.md", "status": "published", "id": "fk923-r3827", "live_url": "https://works.hcommons.org/records/fk923-r3827", "collection": "included"}
{"time": "2026-09-02T12:17:49+00:00", "post": "2021-03-27-how-to-fix-a-broken-crumar-bit99-synthesizer.md", "status": "published", "id": "kfbft-xfg74", "live_url": "https://works.hcommons.org/records/kfbft-xfg74", "collection": "included"}
{"time": "2026-09-02T12:18:08+00:00", "post": "2021-04-08-software-as-a-service-and-commodity-fetishism.md", "status": "published", "id": "v06k7-0zm62", "live_url": "https://works.hcommons.org/records/v06k7-0zm62", "collection": "included"}
{"time": "2026-09-02T12:18:25+00:00", "post": "2021-04-13-moog-minitaur-the-editor-and-exclusive-usb-lock.md", "status": "published", "id": "mdb7b-s2613", "live_url": "https://works.hcommons.org/records/mdb7b-s2613", "collection": "included"}
{"time": "2026-09-02T12:18:40+00:00", "post": "2021-04-13-questions-and-answers-from-uksg-on-opening-the-future.md", "status": "published", "id": "kvfxb-6x084", "live_url": "https://works.hcommons.org/records/kvfxb-6x084", "collection": "included"}
{"time": "2026-09-02T12:18:54+00:00", "post": "2021-04-28-an-update-on-the-reprint-of-my-book.md", "status": "published", "id": "7btgj-zyw48", "live_url": "https://works.hcommons.org/records/7btgj-zyw48", "collection": "included"}
{"time": "2026-09-02T12:19:08+00:00", "post": "2021-05-03-coalition-s-endorsing-subscribe-to-open-is-a-great-start-we-need-the-same-thinking-about-books-from-the-beginning.md", "status": "published", "id": "jfw76-b0022", "live_url": "https://works.hcommons.org/records/jfw76-b0022", "collection": "included"}
{"time": "2026-09-02T12:19:22+00:00", "post": "2021-05-15-while-the-government-introduces-new-freedom-of-speech-rules-at-universities-the-biggest-threat-to-academic-freedom-remains-their-insistence-on-the-financial-destabilization-of-institutions.md", "status": "published", "id": "m1pk0-eqr72", "live_url": "https://works.hcommons.org/records/m1pk0-eqr72", "collection": "included"}
{"time": "2026-09-02T12:19:37+00:00", "post": "2021-05-21-whats-happening-at-the-moment-with-open-access-books.md", "status": "published", "id": "hxj0p-de969", "live_url": "https://works.hcommons.org/records/hxj0p-de969", "collection": "included"}
{"time": "2026-09-02T12:19:51+00:00", "post": "2021-06-05-when-and-why-did-paper-become-white-and-why-was-white-paper-so-valued.md", "status": "published", "id": "t70e4-5tq53", "live_url": "https://works.hcommons.org/records/t70e4-5tq53", "collection": "included"}
{"time": "2026-09-02T12:20:06+00:00", "post": "2021-06-12-on-the-chromoclasm.md", "status": "published", "id": "0esfs-5gy28", "live_url": "https://works.hcommons.org/records/0esfs-5gy28", "collection": "included"}
{"time": "2026-09-02T12:20:20+00:00", "post": "2021-06-28-the-history-of-studying-english-at-birkbeck.md", "status": "published", "id": "4fktj-j3z43", "live_url": "https://works.hcommons.org/records/4fktj-j3z43", "collection": "included"}
{"time": "2026-09-02T12:20:35+00:00", "post": "2021-07-03-thinking-about-uk-phd-examinations.md", "status": "published", "id": "78jhx-e6777", "live_url": "https://works.hcommons.org/records/78jhx-e6777", "collection": "included"}
{"time": "2026-09-02T12:20:49+00:00", "post": "2021-07-05-abandoning-restrictions-should-not-mean-abandoning-the-vulnerable-we-need-policies-to-help-those-who-remain-at-risk.md", "status": "published", "id": "vev2n-yb961", "live_url": "https://works.hcommons.org/records/vev2n-yb961", "collection": "included"}
{"time": "2026-09-02T12:21:05+00:00", "post": "2021-07-18-augar-the-humanities-covid.md", "status": "published", "id": "jfgcp-6qn39", "live_url": "https://works.hcommons.org/records/jfgcp-6qn39", "collection": "included"}
{"time": "2026-09-02T12:21:20+00:00", "post": "2021-07-23-its-time-we-dropped-agamben.md", "status": "published", "id": "9j93w-te389", "live_url": "https://works.hcommons.org/records/9j93w-te389", "collection": "included"}
{"time": "2026-09-02T12:21:34+00:00", "post": "2021-07-28-mesh-on-a-budget-converting-rbr50-to-rbs50-units-and-using-lbr20-for-4g-fallback.md", "status": "published", "id": "rqp69-8wg38", "live_url": "https://works.hcommons.org/records/rqp69-8wg38", "collection": "included"}
{"time": "2026-09-02T12:21:48+00:00", "post": "2021-08-02-some-incomplete-notes-on-les-encres-noires-au-moyen-\u00e2ge.md", "status": "failed", "error": "No PDF edition found for '2021-08-02-some-incomplete-notes-on-les-encres-noires-au-moyen-\u00e2ge' (looked in .pdf_cache/2021-08-02-some-incomplete-notes-on-les-encres-noires-au-moyen-\u00e2ge.pdf and _site/PDF/2021-08-02-some-incomplete-notes-on-les-encres-noires-au-moyen-\u00e2ge.pdf); run `jekyll build` to generate it"}
{"time": "2026-09-02T12:21:58+00:00", "post": "2021-08-07-notes-on-nicholas-gaskills-chromographia-american-literature-and-the-modernization-of-color.md", "status": "published", "id": "008bj-2x237", "live_url": "https://works.hcommons.org/records/008bj-2x237", "collection": "included"}
{"time": "2026-09-02T12:22:14+00:00", "post": "2021-08-19-thomas-pynchon-from-s-ger\u00e4t-to-y-ger\u00e4t.md", "status": "failed", "error": "No PDF edition found for '2021-08-19-thomas-pynchon-from-s-ger\u00e4t-to-y-ger\u00e4t' (looked in .pdf_cache/2021-08-19-thomas-pynchon-from-s-ger\u00e4t-to-y-ger\u00e4t.pdf and _site/PDF/2021-08-19-thomas-pynchon-from-s-ger\u00e4t-to-y-ger\u00e4t.pdf); run `jekyll build` to generate it"}
{"time": "2026-09-02T12:22:24+00:00", "post": "2021-08-20-a-bibliography-on-the-interestingim-interested-in.md", "status": "published", "id": "x45sz-1at34", "live_url": "https://works.hcommons.org/records/x45sz-1at34", "collection": "included"}
{"time": "2026-09-02T12:22:40+00:00", "post": "2021-08-20-replacing-openvpn-with-wireguard-including-on-synology-devices.md", "status": "published", "id": "bfwfv-24m49", "live_url": "https://works.hcommons.org/records/bfwfv-24m49", "collection": "included"}
{"time": "2026-09-02T12:22:57+00:00", "post": "2021-08-23-on-programminglanguages.md", "status": "published", "id": "8en1r-7w923", "live_url": "https://works.hcommons.org/records/8en1r-7w923", "collection": "included"}
{"time": "2026-09-02T12:23:12+00:00", "post": "2021-09-04-paper-thin-moving-on-to-chapter-four.md", "status": "published", "id": "z399b-hm516", "live_url": "https://works.hcommons.org/records/z399b-hm516", "collection": "included"}
{"time": "2026-09-02T12:23:27+00:00", "post": "2021-09-08-why-lower-tier-journals-might-contain-better-work.md", "status": "published", "id": "6s9c6-tk289", "live_url": "https://works.hcommons.org/records/6s9c6-tk289", "collection": "included"}
{"time": "2026-09-02T12:23:41+00:00", "post": "2021-09-23-the-proliferation-of-business-models-for-open-access-books.md", "status": "published", "id": "01tmv-cc873", "live_url": "https://works.hcommons.org/records/01tmv-cc873", "collection": "included"}
{"time": "2026-09-02T12:23:55+00:00", "post": "2021-10-18-headless-pdf-printing-in-chrome-when-the-standard-timeout-isnt-enough.md", "status": "published", "id": "jvd1b-pw763", "live_url": "https://works.hcommons.org/records/jvd1b-pw763", "collection": "included"}
{"time": "2026-09-02T12:24:10+00:00", "post": "2021-11-20-citing-pirate-artifacts.md", "status": "published", "id": "y9x57-vkq18", "live_url": "https://works.hcommons.org/records/y9x57-vkq18", "collection": "included"}
{"time": "2026-09-02T12:24:24+00:00", "post": "2021-12-04-all-ten-of-my-books-now-are-or-will-be-when-published-open-access.md", "status": "published", "id": "xbf97-xfq79", "live_url": "https://works.hcommons.org/records/xbf97-xfq79", "collection": "included"}
{"time": "2026-09-02T12:24:39+00:00", "post": "2021-12-06-what-is-the-relationship-between-legal-form-governance-and-ethics.md", "status": "published", "id": "ey044-cef27", "live_url": "https://works.hcommons.org/records/ey044-cef27", "collection": "included"}
{"time": "2026-09-02T12:24:53+00:00", "post": "2021-12-09-my-2021-year-in-review.md", "status": "published", "id": "vsswe-q7r72", "live_url": "https://works.hcommons.org/records/vsswe-q7r72", "collection": "included"}
{"time": "2026-09-02T12:25:07+00:00", "post": "2021-12-10-what-if-downloads-are-not-actually-non-rivalrous.md", "status": "published", "id": "88t95-h0p21", "live_url": "https://works.hcommons.org/records/88t95-h0p21", "collection": "included"}
{"time": "2026-09-02T12:25:22+00:00", "post": "2021-12-11-on-life-death-dignity-and-dignitas.md", "status": "published", "id": "1qd6x-p9p37", "live_url": "https://works.hcommons.org/records/1qd6x-p9p37", "collection": "included"}
{"time": "2026-09-02T12:25:35+00:00", "post": "2021-12-11-on-phd-vivas-and-being-a-supervisor.md", "status": "published", "id": "jvk2w-zce86", "live_url": "https://works.hcommons.org/records/jvk2w-zce86", "collection": "included"}
{"time": "2026-09-02T12:25:50+00:00", "post": "2021-12-15-today-is-the-publication-of-my-eighth-book-warez-the-infrastructure-and-aesthetics-of-piracy.md", "status": "published", "id": "2g7fj-3tt47", "live_url": "https://works.hcommons.org/records/2g7fj-3tt47", "collection": "included"}
{"time": "2026-09-02T12:26:04+00:00", "post": "2021-12-16-on-informed-consent-and-open-licensing.md", "status": "published", "id": "1acm9-z4238", "live_url": "https://works.hcommons.org/records/1acm9-z4238", "collection": "included"}
{"time": "2026-09-02T12:26:19+00:00", "post": "2022-01-01-last-year-i-spent-506-hours-answering-emails-how-i-hope-to-do-less-of-it-this-year.md", "status": "published", "id": "p7h07-bdb70", "live_url": "https://works.hcommons.org/records/p7h07-bdb70", "collection": "included"}
{"time": "2026-09-02T12:26:33+00:00", "post": "2022-01-02-aiming-for-downtime.md", "status": "published", "id": "aje03-xdf79", "live_url": "https://works.hcommons.org/records/aje03-xdf79", "collection": "included"}
{"time": "2026-09-02T12:26:47+00:00", "post": "2022-01-03-input-output.md", "status": "published", "id": "zep83-hkc24", "live_url": "https://works.hcommons.org/records/zep83-hkc24", "collection": "included"}
{"time": "2026-09-02T12:27:03+00:00", "post": "2022-01-04-adaptation-and-appropriation.md", "status": "published", "id": "j6s20-tx685", "live_url": "https://works.hcommons.org/records/j6s20-tx685", "collection": "included"}
{"time": "2026-09-02T12:27:17+00:00", "post": "2022-01-04-ancient-china.md", "status": "published", "id": "cmsx0-d1r39", "live_url": "https://works.hcommons.org/records/cmsx0-d1r39", "collection": "included"}
{"time": "2026-09-02T12:27:33+00:00", "post": "2022-01-04-ancient-south-asia.md", "status": "published", "id": "vgspp-z4q13", "live_url": "https://works.hcommons.org/records/vgspp-z4q13", "collection": "included"}
{"time": "2026-09-02T12:27:49+00:00", "post": "2022-01-04-aspects-of-the-novel.md", "status": "published", "id": "m7bjt-64n83", "live_url": "https://works.hcommons.org/records/m7bjt-64n83", "collection": "included"}
{"time": "2026-09-02T12:28:03+00:00", "post": "2022-01-04-the-african-american-novel.md", "status": "published", "id": "gmqdx-prc32", "live_url": "https://works.hcommons.org/records/gmqdx-prc32", "collection": "included"}
{"time": "2026-09-02T12:28:17+00:00", "post": "2022-01-05-ancient-west.md", "status": "published", "id": "3187d-m1587", "live_url": "https://works.hcommons.org/records/3187d-m1587", "collection": "included"}
{"time": "2026-09-02T12:28:32+00:00", "post": "2022-01-05-andean-novels.md", "status": "published", "id": "d9we4-agr32", "live_url": "https://works.hcommons.org/records/d9we4-agr32", "collection": "included"}
{"time": "2026-09-02T12:28:47+00:00", "post": "2022-01-06-anthropology-and-the-novel.md", "status": "published", "id": "da45x-h4g82", "live_url": "https://works.hcommons.org/records/da45x-h4g82", "collection": "included"}
{"time": "2026-09-02T12:29:01+00:00", "post": "2022-01-07-the-arabic-novel.md", "status": "published", "id": "9jh6s-6wx90", "live_url": "https://works.hcommons.org/records/9jh6s-6wx90", "collection": "included"}
{"time": "2026-09-02T12:29:16+00:00", "post": "2022-01-08-the-asian-american-novel.md", "status": "published", "id": "scg96-z4892", "live_url": "https://works.hcommons.org/records/scg96-z4892", "collection": "included"}
{"time": "2026-09-02T12:29:30+00:00", "post": "2022-01-09-authorship.md", "status": "published", "id": "y1532-sjh94", "live_url": "https://works.hcommons.org/records/y1532-sjh94", "collection": "included"}
{"time": "2026-09-02T12:29:44+00:00", "post": "2022-01-12-the-baltic-states-and-the-novel.md", "status": "published", "id": "7hrec-cx860", "live_url": "https://works.hcommons.org/records/7hrec-cx860", "collection": "included"}
{"time": "2026-09-02T12:29:59+00:00", "post": "2022-01-13-bildungsroman.md", "status": "published", "id": "s0r73-7m474", "live_url": "https://works.hcommons.org/records/s0r73-7m474", "collection": "included"}
{"time": "2026-09-02T12:30:14+00:00", "post": "2022-01-13-open-access-is-building-a-one-time-shared-international-library-collection.md", "status": "published", "id": "78wxb-mgb12", "live_url": "https://works.hcommons.org/records/78wxb-mgb12", "collection": "included"}
{"time": "2026-09-02T12:30:29+00:00", "post": "2022-01-14-did-you-know-that-you-can-deposit-the-version-of-record-of-bloomsbury-academic-book-chapters-in-your-institutional-repository.md", "status": "published", "id": "vraty-5s398", "live_url": "https://works.hcommons.org/records/vraty-5s398", "collection": "included"}
{"time": "2026-09-02T12:30:42+00:00", "post": "2022-01-22-the-brazilian-novel.md", "status": "published", "id": "4rkwp-49e08", "live_url": "https://works.hcommons.org/records/4rkwp-49e08", "collection": "included"}
{"time": "2026-09-02T12:30:57+00:00", "post": "2022-01-24-using-django-orm-click-and-rich-to-quickly-create-great-command-line-python-apps.md", "status": "published", "id": "tfamg-e7z09", "live_url": "https://works.hcommons.org/records/tfamg-e7z09", "collection": "included"}
{"time": "2026-09-02T12:31:12+00:00", "post": "2022-01-25-18th-century-british-isles.md", "status": "published", "id": "5v6xm-tkx15", "live_url": "https://works.hcommons.org/records/5v6xm-tkx15", "collection": "included"}
{"time": "2026-09-02T12:31:27+00:00", "post": "2022-01-26-19th-century-british-isles.md", "status": "published", "id": "af1nw-5yd40", "live_url": "https://works.hcommons.org/records/af1nw-5yd40", "collection": "included"}
{"time": "2026-09-02T12:31:41+00:00", "post": "2022-01-27-20th-century-british-isles.md", "status": "published", "id": "ngqyw-xvc72", "live_url": "https://works.hcommons.org/records/ngqyw-xvc72", "collection": "included"}
{"time": "2026-09-02T12:31:56+00:00", "post": "2022-01-31-notes-on-plan-s-for-shock.md", "status": "published", "id": "4wyza-y0617", "live_url": "https://works.hcommons.org/records/4wyza-y0617", "collection": "included"}
{"time": "2026-09-02T12:32:10+00:00", "post": "2022-03-25-good-computer-networking-kit.md", "status": "published", "id": "12v3g-xq789", "live_url": "https://works.hcommons.org/records/12v3g-xq789", "collection": "included"}
{"time": "2026-09-02T12:32:24+00:00", "post": "2022-04-13-if-you-cannot-connect-to-a-deluged-daemon-remotely.md", "status": "published", "id": "zmbdt-2a742", "live_url": "https://works.hcommons.org/records/zmbdt-2a742", "collection": "included"}
{"time": "2026-09-02T12:32:39+00:00", "post": "2022-04-28-the-current-state-of-evusheld-tixagevimabcilgavimab-in-the-uk.md", "status": "published", "id": "4p413-fqc45", "live_url": "https://works.hcommons.org/records/4p413-fqc45", "collection": "included"}
{"time": "2026-09-02T12:32:57+00:00", "post": "2022-04-30-resizing-image-uploads-in-django.md", "status": "published", "id": "aw0dm-d0k25", "live_url": "https://works.hcommons.org/records/aw0dm-d0k25", "collection": "included"}
{"time": "2026-09-02T12:33:12+00:00", "post": "2022-05-05-how-you-can-help-people-still-shielding.md", "status": "published", "id": "mn9ne-5x755", "live_url": "https://works.hcommons.org/records/mn9ne-5x755", "collection": "included"}
{"time": "2026-09-02T12:33:27+00:00", "post": "2022-05-07-static-site-hosting-in-the-cloud-should-not-be-this-hard-in-2022.md", "status": "published", "id": "sqv2m-j7y54", "live_url": "https://works.hcommons.org/records/sqv2m-j7y54", "collection": "included"}
{"time": "2026-09-02T12:33:41+00:00", "post": "2022-05-19-running-django-apps-on-amazon-ecsecr-using-fargate.md", "status": "published", "id": "a0hrr-yv247", "live_url": "https://works.hcommons.org/records/a0hrr-yv247", "collection": "included"}
{"time": "2026-09-02T12:33:55+00:00", "post": "2022-06-18-reloading-sqlite-databases-in-django-when-there-have-been-external-changes.md", "status": "published", "id": "r8556-wvx34", "live_url": "https://works.hcommons.org/records/r8556-wvx34", "collection": "included"}
{"time": "2026-09-02T12:34:09+00:00", "post": "2022-07-26-what-is-the-scholarly-record.md", "status": "published", "id": "bw14z-7yg85", "live_url": "https://works.hcommons.org/records/bw14z-7yg85", "collection": "included"}
{"time": "2026-09-02T12:34:24+00:00", "post": "2022-07-28-lastpass-cli-cant-login-using-master-password.md", "status": "published", "id": "v24hk-gax30", "live_url": "https://works.hcommons.org/records/v24hk-gax30", "collection": "included"}
{"time": "2026-09-02T12:34:38+00:00", "post": "2022-08-01-a-glimmer-of-hope.md", "status": "published", "id": "cc885-93x72", "live_url": "https://works.hcommons.org/records/cc885-93x72", "collection": "included"}
{"time": "2026-09-02T12:34:53+00:00", "post": "2022-08-26-moving-on-my-infrastructural-turn.md", "status": "published", "id": "x03n4-yqx61", "live_url": "https://works.hcommons.org/records/x03n4-yqx61", "collection": "included"}
{"time": "2026-09-02T12:35:08+00:00", "post": "2022-08-29-its-tricky.md", "status": "published", "id": "n02xy-4a487", "live_url": "https://works.hcommons.org/records/n02xy-4a487", "collection": "included"}
{"time": "2026-09-02T12:35:23+00:00", "post": "2022-08-30-open-peer-review-and-its-rhythms.md", "status": "published", "id": "nthst-9k356", "live_url": "https://works.hcommons.org/records/nthst-9k356", "collection": "included"}
{"time": "2026-09-02T12:35:39+00:00", "post": "2022-09-01-small-publishers-and-subscribe-to-open.md", "status": "published", "id": "a39j5-3ka22", "live_url": "https://works.hcommons.org/records/a39j5-3ka22", "collection": "included"}
{"time": "2026-09-02T12:35:53+00:00", "post": "2022-10-10-the-politics-of-peer-review-and-preprints-in-the-real-world.md", "status": "published", "id": "61hv2-bk971", "live_url": "https://works.hcommons.org/records/61hv2-bk971", "collection": "included"}
{"time": "2026-09-02T12:36:08+00:00", "post": "2022-10-12-the-uks-department-for-health-and-preprints.md", "status": "published", "id": "hd7hm-fz311", "live_url": "https://works.hcommons.org/records/hd7hm-fz311", "collection": "included"}
{"time": "2026-09-02T12:36:23+00:00", "post": "2022-11-02-i-had-evusheld-in-the-uk.md", "status": "published", "id": "0q226-jct86", "live_url": "https://works.hcommons.org/records/0q226-jct86", "collection": "included"}
{"time": "2026-09-02T12:36:38+00:00", "post": "2022-12-04-my-2022-year-in-review.md", "status": "published", "id": "08nv0-a1d04", "live_url": "https://works.hcommons.org/records/08nv0-a1d04", "collection": "included"}
{"time": "2026-09-02T12:36:52+00:00", "post": "2022-12-10-some-of-my-upcoming-projects-at-crossref.md", "status": "published", "id": "mpnjt-qsf17", "live_url": "https://works.hcommons.org/records/mpnjt-qsf17", "collection": "included"}
{"time": "2026-09-02T12:37:06+00:00", "post": "2022-12-19-how-do-you-get-access-to-antivirals-on-the-nhs-cdmu-system-and-does-it-work.md", "status": "published", "id": "cymzz-17f15", "live_url": "https://works.hcommons.org/records/cymzz-17f15", "collection": "included"}
{"time": "2026-09-02T12:37:20+00:00", "post": "2023-02-13-getting-to-grips-with-airflow-on-amazon-aws.md", "status": "published", "id": "ek4c4-dqk55", "live_url": "https://works.hcommons.org/records/ek4c4-dqk55", "collection": "included"}
{"time": "2026-09-02T12:37:34+00:00", "post": "2023-03-09-a-data-pipeline-with-apache-airflow-and-dask.md", "status": "published", "id": "bfm0b-y8x86", "live_url": "https://works.hcommons.org/records/bfm0b-y8x86", "collection": "included"}
{"time": "2026-09-02T12:37:49+00:00", "post": "2023-03-19-integration-testing-locally-and-on-gitlab-ci-using-localstack.md", "status": "published", "id": "hhm7v-32a11", "live_url": "https://works.hcommons.org/records/hhm7v-32a11", "collection": "included"}
{"time": "2026-09-02T12:38:05+00:00", "post": "2023-03-25-on-application-observability-in-serverless-cloud-contexts.md", "status": "published", "id": "95axh-ptg68", "live_url": "https://works.hcommons.org/records/95axh-ptg68", "collection": "included"}
{"time": "2026-09-02T12:38:21+00:00", "post": "2023-05-07-on-pain-and-subjectivity.md", "status": "published", "id": "nzs2r-df533", "live_url": "https://works.hcommons.org/records/nzs2r-df533", "collection": "included"}
{"time": "2026-09-02T12:38:36+00:00", "post": "2023-07-20-the-latest-ithaka-sr-draft-report-is-hugely-regressive.md", "status": "published", "id": "nxrn7-4nc20", "live_url": "https://works.hcommons.org/records/nxrn7-4nc20", "collection": "included"}
{"time": "2026-09-02T12:38:51+00:00", "post": "2023-07-24-sunsetting-martinevecom.md", "status": "published", "id": "sgt8h-gep50", "live_url": "https://works.hcommons.org/records/sgt8h-gep50", "collection": "included"}
{"time": "2026-09-02T12:39:05+00:00", "post": "2023-07-26-we-are-terrible-at-online-identity-management-or-using-emails-as-an-identifier-was-a-bad-move.md", "status": "published", "id": "dcvap-s6733", "live_url": "https://works.hcommons.org/records/dcvap-s6733", "collection": "included"}
{"time": "2026-09-02T12:39:19+00:00", "post": "2023-07-26-whats-the-point-of-having-open-scholarly-infrastructures-and-how-do-we-test-their-resilience.md", "status": "published", "id": "p071q-dde52", "live_url": "https://works.hcommons.org/records/p071q-dde52", "collection": "included"}
{"time": "2026-09-02T12:39:32+00:00", "post": "2023-07-28-rules-vs-principles-in-posi.md", "status": "published", "id": "qyjhy-b9q86", "live_url": "https://works.hcommons.org/records/qyjhy-b9q86", "collection": "included"}
{"time": "2026-09-02T12:39:46+00:00", "post": "2023-08-10-converting-excel-date-serial-numbers-to-python-datetime-format.md", "status": "published", "id": "jxwqj-qfz78", "live_url": "https://works.hcommons.org/records/jxwqj-qfz78", "collection": "included"}
{"time": "2026-09-02T12:40:02+00:00", "post": "2023-09-06-new-wheels.md", "status": "published", "id": "7j3aq-zs935", "live_url": "https://works.hcommons.org/records/7j3aq-zs935", "collection": "included"}
{"time": "2026-09-02T12:40:16+00:00", "post": "2023-09-08-points-mean-prizes.md", "status": "published", "id": "5scz5-6n113", "live_url": "https://works.hcommons.org/records/5scz5-6n113", "collection": "included"}
{"time": "2026-09-02T12:40:31+00:00", "post": "2023-09-12-retract-this.md", "status": "published", "id": "xnb1r-sq561", "live_url": "https://works.hcommons.org/records/xnb1r-sq561", "collection": "included"}
{"time": "2026-09-02T12:40:45+00:00", "post": "2023-09-14-why-lever-press.md", "status": "published", "id": "0g88h-ted46", "live_url": "https://works.hcommons.org/records/0g88h-ted46", "collection": "included"}
{"time": "2026-09-02T12:41:00+00:00", "post": "2023-09-21-citations-and-addressability.md", "status": "published", "id": "1ebs6-c4j86", "live_url": "https://works.hcommons.org/records/1ebs6-c4j86", "collection": "included"}
{"time": "2026-09-02T12:41:15+00:00", "post": "2023-09-24-creating-a-voice-activated-ai-responder-in-python.md", "status": "published", "id": "hdnxy-2tq35", "live_url": "https://works.hcommons.org/records/hdnxy-2tq35", "collection": "included"}
{"time": "2026-09-02T12:41:29+00:00", "post": "2023-10-12-self-referential-language-counting.md", "status": "published", "id": "nsz9y-btv63", "live_url": "https://works.hcommons.org/records/nsz9y-btv63", "collection": "included"}
{"time": "2026-09-02T12:41:44+00:00", "post": "2023-10-20-connecting-to-aws-opensearch-serverless-using-python.md", "status": "published", "id": "044cp-74053", "live_url": "https://works.hcommons.org/records/044cp-74053", "collection": "included"}
{"time": "2026-09-02T12:41:59+00:00", "post": "2023-11-09-blocking-my-crawl.md", "status": "published", "id": "nd6s3-4cs93", "live_url": "https://works.hcommons.org/records/nd6s3-4cs93", "collection": "included"}
{"time": "2026-09-02T12:42:13+00:00", "post": "2023-12-07-land-of-hope-and-tolerance.md", "status": "published", "id": "2vwz9-dw844", "live_url": "https://works.hcommons.org/records/2vwz9-dw844", "collection": "included"}
{"time": "2026-09-02T12:42:27+00:00", "post": "2023-12-11-my-2023-year-in-review.md", "status": "published", "id": "665y7-grx19", "live_url": "https://works.hcommons.org/records/665y7-grx19", "collection": "included"}
{"time": "2026-09-02T12:42:41+00:00", "post": "2023-12-13-a-year-of-looking-in-on-academia.md", "status": "published", "id": "4v0e2-61e86", "live_url": "https://works.hcommons.org/records/4v0e2-61e86", "collection": "included"}
{"time": "2026-09-02T12:42:55+00:00", "post": "2024-01-09-rusting-away-or-packing-the-entire-crossref-database-into-a-sqlite-file.md", "status": "published", "id": "vzxv9-cap71", "live_url": "https://works.hcommons.org/records/vzxv9-cap71", "collection": "included"}
{"time": "2026-09-02T12:43:10+00:00", "post": "2024-01-14-on-rheumatoid-arthritis-and-the-things-most-people-dont-know-about-it.md", "status": "published", "id": "twgrg-daj54", "live_url": "https://works.hcommons.org/records/twgrg-daj54", "collection": "included"}
{"time": "2026-09-02T12:43:28+00:00", "post": "2024-02-21-betting-against-the-future.md", "status": "published", "id": "2pxym-jez70", "live_url": "https://works.hcommons.org/records/2pxym-jez70", "collection": "included"}
{"time": "2026-09-02T12:43:42+00:00", "post": "2024-02-29-preservation-as-a-memento-mori-and-matter-of-ethics.md", "status": "published", "id": "b56f2-1cr06", "live_url": "https://works.hcommons.org/records/b56f2-1cr06", "collection": "included"}
{"time": "2026-09-02T12:43:56+00:00", "post": "2024-03-19-the-problem-for-ref-2029.md", "status": "published", "id": "hfx2w-tqt49", "live_url": "https://works.hcommons.org/records/hfx2w-tqt49", "collection": "included"}
{"time": "2026-09-02T12:44:10+00:00", "post": "2024-06-05-begin-at-the-beginning-the-king-said-very-gravely-serious-openings-and-subversive-epigraphs-in-the-novels-of-thomas-pynchon.md", "status": "published", "id": "76knm-kyf77", "live_url": "https://works.hcommons.org/records/76knm-kyf77", "collection": "included"}
{"time": "2026-09-02T12:44:26+00:00", "post": "2024-06-14-how-long-have-i-got-doc.md", "status": "published", "id": "9cb5h-gpv69", "live_url": "https://works.hcommons.org/records/9cb5h-gpv69", "collection": "included"}
{"time": "2026-09-02T12:44:41+00:00", "post": "2024-06-21-a-few-notes-on-the-ref-oa-mandate-for-books.md", "status": "published", "id": "dw172-60554", "live_url": "https://works.hcommons.org/records/dw172-60554", "collection": "included"}
{"time": "2026-09-02T12:44:55+00:00", "post": "2024-06-30-ai-and-open-cultural-licensing-remarks-to-be-presented-at-the-sharp-plenary-roundtable-ai-in-the-communications-circuit.md", "status": "published", "id": "1s4g9-4xz76", "live_url": "https://works.hcommons.org/records/1s4g9-4xz76", "collection": "included"}
{"time": "2026-09-02T12:45:09+00:00", "post": "2024-07-15-errata-for-theses-on-the-metaphors-of-digital-textual-history.md", "status": "published", "id": "xc6gc-60455", "live_url": "https://works.hcommons.org/records/xc6gc-60455", "collection": "included"}
{"time": "2026-09-02T12:45:25+00:00", "post": "2024-07-16-theses-on-the-metaphors-of-digital-textual-history-is-out-today.md", "status": "published", "id": "hffbk-v8j37", "live_url": "https://works.hcommons.org/records/hffbk-v8j37", "collection": "included"}
{"time": "2026-09-02T12:45:38+00:00", "post": "2024-07-20-boycott-routledge-over-ai-training-its-probably-in-the-contract.md", "status": "published", "id": "va8pv-2zy47", "live_url": "https://works.hcommons.org/records/va8pv-2zy47", "collection": "included"}
{"time": "2026-09-02T12:45:53+00:00", "post": "2024-08-15-on-dropping-the-ref-oa-mandate-for-books-this-time.md", "status": "published", "id": "vq1ej-1ew79", "live_url": "https://works.hcommons.org/records/vq1ej-1ew79", "collection": "included"}
{"time": "2026-09-02T12:46:07+00:00", "post": "2024-09-12-rollercoaster-days.md", "status": "published", "id": "dd48x-mz775", "live_url": "https://works.hcommons.org/records/dd48x-mz775", "collection": "included"}
{"time": "2026-09-02T12:46:22+00:00", "post": "2024-09-24-are-metadata-facts.md", "status": "published", "id": "w1dw5-0f297", "live_url": "https://works.hcommons.org/records/w1dw5-0f297", "collection": "included"}
{"time": "2026-09-02T12:46:37+00:00", "post": "2024-10-07-why-its-worth-avoiding-as-many-virusescommon-colds-as-possible-mine-led-to-permanent-disability.md", "status": "published", "id": "70kpp-2xa37", "live_url": "https://works.hcommons.org/records/70kpp-2xa37", "collection": "included"}
{"time": "2026-09-02T12:46:52+00:00", "post": "2024-10-14-my-conflicted-thoughts-on-the-uks-assisted-dying-bill.md", "status": "published", "id": "1dd9q-vr696", "live_url": "https://works.hcommons.org/records/1dd9q-vr696", "collection": "included"}
{"time": "2026-09-02T12:47:06+00:00", "post": "2024-12-13-my-academic-year-in-review.md", "status": "published", "id": "sxjtd-k7p10", "live_url": "https://works.hcommons.org/records/sxjtd-k7p10", "collection": "included"}
{"time": "2026-09-02T12:47:21+00:00", "post": "2024-12-21-evaluating-document-similarity-detection-approaches.md", "status": "published", "id": "h09vd-pbr20", "live_url": "https://works.hcommons.org/records/h09vd-pbr20", "collection": "included"}
{"time": "2026-09-02T12:47:36+00:00", "post": "2024-12-28-history-and-digital-preservation.md", "status": "published", "id": "f62mb-d7474", "live_url": "https://works.hcommons.org/records/f62mb-d7474", "collection": "included"}
{"time": "2026-09-02T12:47:51+00:00", "post": "2025-01-08-getting-knowledge-commons-works-running-locally.md", "status": "published", "id": "sfg6g-mah16", "live_url": "https://works.hcommons.org/records/sfg6g-mah16", "collection": "included"}
{"time": "2026-09-02T12:48:05+00:00", "post": "2025-02-06-an-introduction-to-the-poetry-of-emily-dickinson.md", "status": "published", "id": "st1e8-ddh77", "live_url": "https://works.hcommons.org/records/st1e8-ddh77", "collection": "included"}
{"time": "2026-09-02T12:48:20+00:00", "post": "2025-02-06-going-dark-running-a-tor-relay-and-a-dark-web-version-of-this-site.md", "status": "published", "id": "4g9ep-jrb09", "live_url": "https://works.hcommons.org/records/4g9ep-jrb09", "collection": "included"}
{"time": "2026-09-02T12:48:35+00:00", "post": "2025-02-11-an-introduction-to-charlotte-perkins-gilmans-the-yellow-wallpaper.md", "status": "published", "id": "2erzr-srx09", "live_url": "https://works.hcommons.org/records/2erzr-srx09", "collection": "included"}
{"time": "2026-09-02T12:48:52+00:00", "post": "2025-02-13-what-to-do-when-your-tor-relay-isnt-listening.md", "status": "published", "id": "cb21r-h8083", "live_url": "https://works.hcommons.org/records/cb21r-h8083", "collection": "included"}
{"time": "2026-09-02T12:49:11+00:00", "post": "2025-02-16-how-to-securely-create-an-encrypted-digital-in-case-of-death-document.md", "status": "published", "id": "vf7vv-1e758", "live_url": "https://works.hcommons.org/records/vf7vv-1e758", "collection": "included"}
{"time": "2026-09-02T12:49:25+00:00", "post": "2025-02-18-getting-external-access-to-buddypresss-notifications-for-knowledge-commons.md", "status": "published", "id": "y8esg-trq29", "live_url": "https://works.hcommons.org/records/y8esg-trq29", "collection": "included"}
{"time": "2026-09-02T12:49:40+00:00", "post": "2025-02-21-swimming-upstream.md", "status": "published", "id": "8gvmt-0he56", "live_url": "https://works.hcommons.org/records/8gvmt-0he56", "collection": "included"}
{"time": "2026-09-02T12:49:55+00:00", "post": "2025-03-14-testing-1-2-3-on-software-testing-and-why-its-interesting-even-to-non-developersnon-coders.md", "status": "failed", "error": "KC Works returned HTTP 400: A validation error occurred. \u2014 [{'field': 'pids.doi', 'messages': ['doi:10.59348/bnh0a-7cv52 already exists.']}]"}
{"time": "2026-09-02T12:50:09+00:00", "post": "2025-03-20-a-successful-leverhulme-prize-application-in-the-field-of-languages-and-literature.md", "status": "published", "id": "dcq9q-g4q34", "live_url": "https://works.hcommons.org/records/dcq9q-g4q34", "collection": "included"}
{"time": "2026-09-02T12:50:23+00:00", "post": "2025-04-11-rage-against-the-machine-the-politics-of-open-access-large-language-models-and-the-reaction-against-open.md", "status": "published", "id": "vd55j-epz21", "live_url": "https://works.hcommons.org/records/vd55j-epz21", "collection": "included"}
{"time": "2026-09-02T12:50:36+00:00", "post": "2025-04-17-hacking-the-full-site-editor-in-wordpress.md", "status": "published", "id": "ng3z2-0rr85", "live_url": "https://works.hcommons.org/records/ng3z2-0rr85", "collection": "included"}
{"time": "2026-09-02T12:50:50+00:00", "post": "2025-08-24-trying-out-the-nurosym-vagus-nerve-stimulator-for-a-couple-of-weeks.md", "status": "published", "id": "73vt5-3dr33", "live_url": "https://works.hcommons.org/records/73vt5-3dr33", "collection": "included"}
{"time": "2026-09-02T12:51:05+00:00", "post": "2025-10-04-pangolin-newt-gerbil-and-custom-ports.md", "status": "published", "id": "ndyz1-7t012", "live_url": "https://works.hcommons.org/records/ndyz1-7t012", "collection": "included"}
{"time": "2026-09-02T12:51:20+00:00", "post": "2025-10-09-using-a-public-api-or-the-instability-of-musicbrainz-ids.md", "status": "published", "id": "bv5vk-78k85", "live_url": "https://works.hcommons.org/records/bv5vk-78k85", "collection": "included"}
{"time": "2026-09-02T12:51:35+00:00", "post": "2025-12-01-lando-giving-404-page-not-found.md", "status": "published", "id": "s209x-sk523", "live_url": "https://works.hcommons.org/records/s209x-sk523", "collection": "included"}
{"time": "2026-09-02T12:51:50+00:00", "post": "2025-12-03-error-failed-to-build-failed-to-solve-failed-to-compute-cache-key-failed-to-calculate-checksum-of-ref-xxyyzz.md", "status": "published", "id": "0hfs1-msn69", "live_url": "https://works.hcommons.org/records/0hfs1-msn69", "collection": "included"}
{"time": "2026-09-02T12:52:05+00:00", "post": "2025-12-10-handling-403-errors-in-buddypresss-new-activity-comment.md", "status": "published", "id": "x8fs9-18041", "live_url": "https://works.hcommons.org/records/x8fs9-18041", "collection": "included"}
{"time": "2026-09-02T12:52:19+00:00", "post": "2025-12-16-my-2025-end-of-year-reading-and-writing-roundup.md", "status": "published", "id": "px3w9-vc963", "live_url": "https://works.hcommons.org/records/px3w9-vc963", "collection": "included"}
{"time": "2026-09-02T12:52:35+00:00", "post": "2025-12-21-2000-christmas-trees-sold-by-the-14th-december.md", "status": "published", "id": "kqryw-tj414", "live_url": "https://works.hcommons.org/records/kqryw-tj414", "collection": "included"}
{"time": "2026-09-02T12:52:51+00:00", "post": "2026-01-02-who-knows-where-the-time-goes.md", "status": "published", "id": "xmte5-4sp15", "live_url": "https://works.hcommons.org/records/xmte5-4sp15", "collection": "included"}
{"time": "2026-09-02T12:53:05+00:00", "post": "2026-01-10-in-conversation-with-matthew-g-kirschenbaum.md", "status": "published", "id": "r6cd3-y0480", "live_url": "https://works.hcommons.org/records/r6cd3-y0480", "collection": "included"}
{"time": "2026-09-02T12:53:19+00:00", "post": "2026-01-15-wordpress-loading-theme-assets-of-a-different-theme-to-that-selected.md", "status": "published", "id": "09qxk-hf796", "live_url": "https://works.hcommons.org/records/09qxk-hf796", "collection": "included"}
{"time": "2026-09-02T12:53:34+00:00", "post": "2026-01-16-some-example-academic-book-proposal-forms-in-case-they-help.md", "status": "published", "id": "8x3dq-s6e57", "live_url": "https://works.hcommons.org/records/8x3dq-s6e57", "collection": "included"}
{"time": "2026-09-02T12:53:49+00:00", "post": "2026-01-23-its-been-ten-years.md", "status": "published", "id": "et811-pns78", "live_url": "https://works.hcommons.org/records/et811-pns78", "collection": "included"}
{"time": "2026-09-02T12:54:06+00:00", "post": "2026-03-21-how-to-use-yubikey-for-authentication-and-sudo-on-ubuntu-2404.md", "status": "published", "id": "c92r5-33v53", "live_url": "https://works.hcommons.org/records/c92r5-33v53", "collection": "included"}
{"time": "2026-09-02T12:54:21+00:00", "post": "2026-03-23-too-much-publishing.md", "status": "published", "id": "r5pat-8ph38", "live_url": "https://works.hcommons.org/records/r5pat-8ph38", "collection": "included"}
{"time": "2026-09-02T12:54:36+00:00", "post": "2026-03-25-how-to-get-a-blocked-usb-stack-and-dead-microphone-working-again-on-linux.md", "status": "published", "id": "80ymh-tjt29", "live_url": "https://works.hcommons.org/records/80ymh-tjt29", "collection": "included"}
{"time": "2026-09-02T12:54:50+00:00", "post": "2026-06-27-fair-and-square-making-a-static-site-support-fair-signposting.md", "status": "published", "id": "0z4ga-vzf95", "live_url": "https://works.hcommons.org/records/0z4ga-vzf95", "collection": "included"}
{"time": "2026-09-02T12:55:05+00:00", "post": "2026-08-02-the-extended-interviews-on-ito-the-journey-looking-back-ati-star-trek-voyager.md", "status": "published", "id": "h8f98-scr94", "live_url": "https://works.hcommons.org/records/h8f98-scr94", "collection": "included"}
{"time": "2026-09-02T12:55:20+00:00", "post": "2026-08-11-admission-meds-vascular-access.md", "status": "published", "id": "59h4w-8me81", "live_url": "https://works.hcommons.org/records/59h4w-8me81", "collection": "included"}
{"time": "2026-09-02T12:55:35+00:00", "post": "2026-08-17-feed-infection-control-fluid-overload.md", "status": "published", "id": "7dnxk-67x75", "live_url": "https://works.hcommons.org/records/7dnxk-67x75", "collection": "included"}
{"time": "2026-09-02T13:04:40+00:00", "post": "2013-08-24-reports-from-the-frontline-of-humanities-oa-in-japan.md", "status": "published", "id": "ekj2y-1bz30", "live_url": "https://works.hcommons.org/records/ekj2y-1bz30", "collection": "included"}
{"time": "2026-09-02T13:04:57+00:00", "post": "2021-08-02-some-incomplete-notes-on-les-encres-noires-au-moyen-\u00e2ge.md", "status": "published", "id": "5tkse-4gd57", "live_url": "https://works.hcommons.org/records/5tkse-4gd57", "collection": "included"}
{"time": "2026-09-02T13:05:15+00:00", "post": "2021-08-19-thomas-pynchon-from-s-ger\u00e4t-to-y-ger\u00e4t.md", "status": "published", "id": "5qbjt-d1c95", "live_url": "https://works.hcommons.org/records/5qbjt-d1c95", "collection": "included"}
{"time": "2026-09-02T13:05:30+00:00", "post": "2025-03-14-testing-1-2-3-on-software-testing-and-why-its-interesting-even-to-non-developersnon-coders.md", "status": "failed", "error": "KC Works returned HTTP 400: A validation error occurred. \u2014 [{'field': 'pids.doi', 'messages': ['doi:10.59348/bnh0a-7cv52 already exists.']}]"}
