{"time": "2026-09-06T19:38:23+00:00", "post": "2025-12-22-on-citations-ai-and-not-reading.md", "status": "failed", "error": "KC Works returned HTTP 400: A validation error occurred. \u2014 [{'field': 'pids.doi', 'messages': ['Missing DOI for required field.']}]"}
{"time": "2026-09-06T19:42:51+00:00", "post": "2025-12-22-on-citations-ai-and-not-reading.md", "status": "failed", "error": "KC Works returned HTTP 400: A validation error occurred. \u2014 [{'field': 'pids.doi', 'messages': ['doi:10.59348/esc68-nah82 already exists.']}]"}
{"time": "2026-09-06T20:22:59+00:00", "post": "2025-12-22-on-citations-ai-and-not-reading.md", "status": "failed", "error": "KC Works returned HTTP 400: A validation error occurred. \u2014 [{'field': 'pids.doi.value.identifier', 'messages': ['Missing data for required field.']}]"}
{"time": "2026-09-06T20:33:03+00:00", "post": "2025-12-22-on-citations-ai-and-not-reading.md", "status": "failed", "error": "KC Works returned HTTP 400: A validation error occurred. \u2014 [{'field': 'pids.doi', 'messages': ['A PID already exists for type doi']}]"}
{"time": "2026-09-06T20:34:29+00:00", "post": "2025-12-22-on-citations-ai-and-not-reading.md", "status": "failed", "error": "KC Works returned HTTP 400: A validation error occurred. \u2014 [{'field': 'pids.doi', 'messages': ['A PID already exists for type doi']}]"}
{"time": "2026-09-06T20:38:02+00:00", "post": "2025-12-22-on-citations-ai-and-not-reading.md", "status": "failed", "error": "KC Works returned HTTP 404: The persistent identifier does not exist."}
{"time": "2026-09-06T20:39:26+00:00", "post": "2025-12-22-on-citations-ai-and-not-reading.md", "status": "updated", "id": "bsy9p-73c62", "live_url": "https://works.hcommons.org/records/bsy9p-73c62"}
{"time": "2026-09-06T22:08:39+00:00", "post": "2007-05-15-amendments-to-the-british-computer-misuse-act.md", "status": "updated", "id": "0x8zd-7k572", "live_url": "https://works.hcommons.org/records/0x8zd-7k572"}
{"time": "2026-09-06T22:08:55+00:00", "post": "2007-05-15-bypass-asp-net-xss-protection-in-internet-explorer.md", "status": "updated", "id": "d80dx-kh043", "live_url": "https://works.hcommons.org/records/d80dx-kh043"}
{"time": "2026-09-06T22:09:10+00:00", "post": "2007-05-15-evaluating-the-security-of-the-jsonrequest-object.md", "status": "updated", "id": "5z75f-rqe63", "live_url": "https://works.hcommons.org/records/5z75f-rqe63"}
{"time": "2026-09-06T22:09:25+00:00", "post": "2007-05-15-firefox-xbl-js-loader-v1-0.md", "status": "updated", "id": "en0yp-ynx23", "live_url": "https://works.hcommons.org/records/en0yp-ynx23"}
{"time": "2026-09-06T22:09:39+00:00", "post": "2007-05-15-httponly-cookie-detection.md", "status": "updated", "id": "3xya3-47v64", "live_url": "https://works.hcommons.org/records/3xya3-47v64"}
{"time": "2026-09-06T22:09:54+00:00", "post": "2007-05-15-javascript-eval-string-fromcharcode-encoder.md", "status": "updated", "id": "are9z-kzq24", "live_url": "https://works.hcommons.org/records/are9z-kzq24"}
{"time": "2026-09-06T22:10:09+00:00", "post": "2007-05-15-javascript-referer-scripts-xss-injection.md", "status": "updated", "id": "n3d1k-37b98", "live_url": "https://works.hcommons.org/records/n3d1k-37b98"}
{"time": "2026-09-06T22:10:24+00:00", "post": "2007-05-16-heise-security-reports-backdoor-in-artmedic-cms.md", "status": "updated", "id": "3a6pr-69053", "live_url": "https://works.hcommons.org/records/3a6pr-69053"}
{"time": "2026-09-06T22:10:38+00:00", "post": "2007-05-16-moseb-month-of-search-engine-bugs.md", "status": "updated", "id": "9pvjn-rc163", "live_url": "https://works.hcommons.org/records/9pvjn-rc163"}
{"time": "2026-09-06T22:10:54+00:00", "post": "2007-05-16-php-ids.md", "status": "updated", "id": "xww2h-8q582", "live_url": "https://works.hcommons.org/records/xww2h-8q582"}
{"time": "2026-09-06T22:11:09+00:00", "post": "2007-05-16-xss-in-excess-a-learn-xss-tool.md", "status": "updated", "id": "60fys-daz74", "live_url": "https://works.hcommons.org/records/60fys-daz74"}
{"time": "2026-09-06T22:11:24+00:00", "post": "2007-05-19-xsf-cross-site-flashing.md", "status": "updated", "id": "dfj5c-74r58", "live_url": "https://works.hcommons.org/records/dfj5c-74r58"}
{"time": "2026-09-06T22:11:39+00:00", "post": "2007-05-20-rsnake-jeremiah-grossmans-book-released.md", "status": "updated", "id": "g2z7y-f7f28", "live_url": "https://works.hcommons.org/records/g2z7y-f7f28"}
{"time": "2026-09-06T22:11:53+00:00", "post": "2007-05-21-bypassing-same-origin-policy-using-mash-ups.md", "status": "updated", "id": "p2wtb-sc956", "live_url": "https://works.hcommons.org/records/p2wtb-sc956"}
{"time": "2026-09-06T22:12:08+00:00", "post": "2007-05-23-xss-tutorial.md", "status": "updated", "id": "t56xx-m3b17", "live_url": "https://works.hcommons.org/records/t56xx-m3b17"}
{"time": "2026-09-06T22:12:22+00:00", "post": "2007-05-25-dotnetids.md", "status": "updated", "id": "2m0dy-6sm18", "live_url": "https://works.hcommons.org/records/2m0dy-6sm18"}
{"time": "2026-09-06T22:12:37+00:00", "post": "2007-06-05-a-bad-day-for-browsers.md", "status": "updated", "id": "z4115-gpm02", "live_url": "https://works.hcommons.org/records/z4115-gpm02"}
{"time": "2026-09-06T22:12:52+00:00", "post": "2007-06-13-firefox-nested-comment-fragmented-xss.md", "status": "updated", "id": "efv81-jt525", "live_url": "https://works.hcommons.org/records/efv81-jt525"}
{"time": "2026-09-06T22:13:06+00:00", "post": "2007-06-15-netids-can-now-detect-fragmented-xss.md", "status": "updated", "id": "5xtdf-e8d93", "live_url": "https://works.hcommons.org/records/5xtdf-e8d93"}
{"time": "2026-09-06T22:13:21+00:00", "post": "2007-06-19-netids-v-0-1-0-0-released.md", "status": "updated", "id": "jjnzg-gcf15", "live_url": "https://works.hcommons.org/records/jjnzg-gcf15"}
{"time": "2026-09-06T22:13:36+00:00", "post": "2007-06-26-netids-v-0-1-1-0-released.md", "status": "updated", "id": "fv44e-p5k56", "live_url": "https://works.hcommons.org/records/fv44e-p5k56"}
{"time": "2026-09-06T22:13:50+00:00", "post": "2007-07-05-some-evil-stuff-from-sla-ckers.md", "status": "updated", "id": "tpsxg-trq57", "live_url": "https://works.hcommons.org/records/tpsxg-trq57"}
{"time": "2026-09-06T22:14:06+00:00", "post": "2007-11-09-xss-for-the-common-good-greasemousey.md", "status": "updated", "id": "90a1s-12560", "live_url": "https://works.hcommons.org/records/90a1s-12560"}
{"time": "2026-09-06T22:14:22+00:00", "post": "2008-02-02-an-xml-based-xss-poc-platform.md", "status": "updated", "id": "0e0tq-6kp19", "live_url": "https://works.hcommons.org/records/0e0tq-6kp19"}
{"time": "2026-09-06T22:14:37+00:00", "post": "2008-02-23-wp-aspxrewriter-alpha-test.md", "status": "updated", "id": "a6w70-tyk02", "live_url": "https://works.hcommons.org/records/a6w70-tyk02"}
{"time": "2026-09-06T22:14:51+00:00", "post": "2008-02-28-firefox-3-disallows-cross-site-xbl.md", "status": "updated", "id": "90p60-fd427", "live_url": "https://works.hcommons.org/records/90p60-fd427"}
{"time": "2026-09-06T22:15:06+00:00", "post": "2008-03-05-ie7-remote-file-access.md", "status": "updated", "id": "mf4v5-p2k21", "live_url": "https://works.hcommons.org/records/mf4v5-p2k21"}
{"time": "2026-09-06T22:15:21+00:00", "post": "2008-09-17-creating-an-irc-frontback-end-from-a-c-web-application.md", "status": "updated", "id": "xr32s-jfs42", "live_url": "https://works.hcommons.org/records/xr32s-jfs42"}
{"time": "2026-09-06T22:15:36+00:00", "post": "2009-02-01-ftp-url-fastsnap-parsing-in-net.md", "status": "updated", "id": "7ryp6-kr924", "live_url": "https://works.hcommons.org/records/7ryp6-kr924"}
{"time": "2026-09-06T22:15:51+00:00", "post": "2009-06-23-installing-office-2007-on-wine-1-1-24.md", "status": "updated", "id": "0ayza-8zh88", "live_url": "https://works.hcommons.org/records/0ayza-8zh88"}
{"time": "2026-09-06T22:16:06+00:00", "post": "2009-12-07-fixing-scp-completion-in-ubuntu-9-10.md", "status": "updated", "id": "31h61-hnx42", "live_url": "https://works.hcommons.org/records/31h61-hnx42"}
{"time": "2026-09-06T22:16:20+00:00", "post": "2010-03-02-sshsplit-a-dynamic-tunnel-multiplexer.md", "status": "updated", "id": "41gg0-w7z70", "live_url": "https://works.hcommons.org/records/41gg0-w7z70"}
{"time": "2026-09-06T22:16:35+00:00", "post": "2010-03-13-thomas-pynchon-critical-bibliography-zotero-group.md", "status": "updated", "id": "re4yk-m6b45", "live_url": "https://works.hcommons.org/records/re4yk-m6b45"}
{"time": "2026-09-06T22:16:49+00:00", "post": "2010-03-17-can-we-avoid-the-s-word-regarding-david-foster-wallace.md", "status": "updated", "id": "4936e-j4c64", "live_url": "https://works.hcommons.org/records/4936e-j4c64"}
{"time": "2026-09-06T22:17:03+00:00", "post": "2010-03-17-david-foster-wallace-archive-material.md", "status": "updated", "id": "v5jw7-cxt35", "live_url": "https://works.hcommons.org/records/v5jw7-cxt35"}
{"time": "2026-09-06T22:17:17+00:00", "post": "2010-03-22-undergraduates-in-the-british-library-reading-rooms.md", "status": "updated", "id": "gwxgz-qp657", "live_url": "https://works.hcommons.org/records/gwxgz-qp657"}
{"time": "2026-09-06T22:17:31+00:00", "post": "2010-03-27-implementing-coins.md", "status": "updated", "id": "h0xfn-rjd19", "live_url": "https://works.hcommons.org/records/h0xfn-rjd19"}
{"time": "2026-09-06T22:17:46+00:00", "post": "2010-04-04-applying-for-ahrc-bgp-doctoral-grants.md", "status": "updated", "id": "0p0sg-0ta76", "live_url": "https://works.hcommons.org/records/0p0sg-0ta76"}
{"time": "2026-09-06T22:18:00+00:00", "post": "2010-04-26-poc-code-for-facebook-friend-profile-gatherer.md", "status": "updated", "id": "8c33e-hde21", "live_url": "https://works.hcommons.org/records/8c33e-hde21"}
{"time": "2026-09-06T22:18:15+00:00", "post": "2010-04-28-ousu-freedom-of-information-requests.md", "status": "updated", "id": "jsxyt-fp824", "live_url": "https://works.hcommons.org/records/jsxyt-fp824"}
{"time": "2026-09-06T22:18:30+00:00", "post": "2010-05-01-running-zotero-on-ubuntu-lucid.md", "status": "updated", "id": "t5acw-qqz58", "live_url": "https://works.hcommons.org/records/t5acw-qqz58"}
{"time": "2026-09-06T22:18:45+00:00", "post": "2010-07-02-some-brief-thoughts-on-slavoj-zizek-at-lse.md", "status": "updated", "id": "g7ayd-4sn51", "live_url": "https://works.hcommons.org/records/g7ayd-4sn51"}
{"time": "2026-09-06T22:18:59+00:00", "post": "2010-07-22-plagiarism-by-semiotexte-translations.md", "status": "updated", "id": "jphv1-r1v36", "live_url": "https://works.hcommons.org/records/jphv1-r1v36"}
{"time": "2026-09-06T22:19:13+00:00", "post": "2010-08-15-htc-wildfire-stage-1-soft-root.md", "status": "updated", "id": "cqdr7-4ks59", "live_url": "https://works.hcommons.org/records/cqdr7-4ks59"}
{"time": "2026-09-06T22:19:28+00:00", "post": "2010-09-28-speaking-of-open-access.md", "status": "updated", "id": "w557m-vq361", "live_url": "https://works.hcommons.org/records/w557m-vq361"}
{"time": "2026-09-06T22:19:43+00:00", "post": "2010-10-09-where-to-start-with-thomas-pynchon.md", "status": "updated", "id": "sdg8d-4x932", "live_url": "https://works.hcommons.org/records/sdg8d-4x932"}
{"time": "2026-09-06T22:19:58+00:00", "post": "2010-10-24-notes-and-presentation-from-my-open-access-talk.md", "status": "updated", "id": "z682f-10023", "live_url": "https://works.hcommons.org/records/z682f-10023"}
{"time": "2026-09-06T22:20:12+00:00", "post": "2010-11-02-a-few-notes-on-some-of-jacques-derridas-writings.md", "status": "updated", "id": "2c0z0-63456", "live_url": "https://works.hcommons.org/records/2c0z0-63456"}
{"time": "2026-09-06T22:20:27+00:00", "post": "2010-11-14-online-crossword-helper-httpana-grammatic-org.md", "status": "updated", "id": "4q6s6-ap630", "live_url": "https://works.hcommons.org/records/4q6s6-ap630"}
{"time": "2026-09-06T22:20:41+00:00", "post": "2010-11-16-wireless-when-housesitting-airmon-ng.md", "status": "updated", "id": "es7v9-a3002", "live_url": "https://works.hcommons.org/records/es7v9-a3002"}
{"time": "2026-09-06T22:20:56+00:00", "post": "2010-11-19-rockaby-text-annotation-software-gpl-alpha-announcement.md", "status": "updated", "id": "ejafp-d3s03", "live_url": "https://works.hcommons.org/records/ejafp-d3s03"}
{"time": "2026-09-06T22:21:11+00:00", "post": "2010-11-19-userspace-responsiveness-bashrc-alternative-ubuntu-10-10-working.md", "status": "updated", "id": "6kse8-azw79", "live_url": "https://works.hcommons.org/records/6kse8-azw79"}
{"time": "2026-09-06T22:21:26+00:00", "post": "2010-11-22-vince-cables-orwell-esque-doublethink.md", "status": "updated", "id": "9w4c4-vzj40", "live_url": "https://works.hcommons.org/records/9w4c4-vzj40"}
{"time": "2026-09-06T22:21:40+00:00", "post": "2010-11-24-fixing-headphone-jack-on-toshiba-satellite-c650d-under-ubuntu-linux-maverick.md", "status": "updated", "id": "y72yg-xer49", "live_url": "https://works.hcommons.org/records/y72yg-xer49"}
{"time": "2026-09-06T22:21:55+00:00", "post": "2010-12-01-alternativecomplementary-medicine-and-mass-anecdotal-evidence-as-theological-in-structure.md", "status": "updated", "id": "5at2n-ws090", "live_url": "https://works.hcommons.org/records/5at2n-ws090"}
{"time": "2026-09-06T22:22:09+00:00", "post": "2010-12-02-rockaby-refactoring-and-abstraction.md", "status": "updated", "id": "0gp4t-90y79", "live_url": "https://works.hcommons.org/records/0gp4t-90y79"}
{"time": "2026-09-06T22:22:23+00:00", "post": "2010-12-03-wikileaks-is-about-capitalist-paradigm-shift-not-single-government-overthrow.md", "status": "updated", "id": "ebvya-e1179", "live_url": "https://works.hcommons.org/records/ebvya-e1179"}
{"time": "2026-09-06T22:22:38+00:00", "post": "2010-12-08-converting-zotero-documents-to-mendeley.md", "status": "updated", "id": "ynsdb-bt188", "live_url": "https://works.hcommons.org/records/ynsdb-bt188"}
{"time": "2026-09-06T22:22:52+00:00", "post": "2010-12-13-djiscography-a-django-based-discography-generator.md", "status": "updated", "id": "h17dt-3wy60", "live_url": "https://works.hcommons.org/records/h17dt-3wy60"}
{"time": "2026-09-06T22:23:07+00:00", "post": "2010-12-14-our-duty-to-minorities.md", "status": "updated", "id": "wtzjv-csh29", "live_url": "https://works.hcommons.org/records/wtzjv-csh29"}
{"time": "2026-09-06T22:23:21+00:00", "post": "2010-12-15-the-net-was-never-free-from-commercial-interest-its-not-a-new-threat-to-democratic-speech.md", "status": "updated", "id": "42h9a-gkd34", "live_url": "https://works.hcommons.org/records/42h9a-gkd34"}
{"time": "2026-09-06T22:23:36+00:00", "post": "2010-12-15-using-producteev-to-manage-overbearing-inboxes.md", "status": "updated", "id": "1psh6-s2n24", "live_url": "https://works.hcommons.org/records/1psh6-s2n24"}
{"time": "2026-09-06T22:23:51+00:00", "post": "2010-12-20-mendeley-android-client-first-preview-and-oauth-problem.md", "status": "updated", "id": "ekp89-8p789", "live_url": "https://works.hcommons.org/records/ekp89-8p789"}
{"time": "2026-09-06T22:24:05+00:00", "post": "2010-12-30-using-unison-to-synchronize-and-backup-your-work-part-1.md", "status": "updated", "id": "5ncw8-ynx48", "live_url": "https://works.hcommons.org/records/5ncw8-ynx48"}
{"time": "2026-09-06T22:24:20+00:00", "post": "2011-01-04-mendeley-android-client-progress-w-video-source-and-apk.md", "status": "updated", "id": "ynt4t-pjy62", "live_url": "https://works.hcommons.org/records/ynt4t-pjy62"}
{"time": "2026-09-06T22:24:35+00:00", "post": "2011-01-04-oauth-for-mendeley-on-android-solved-and-a-bug.md", "status": "updated", "id": "ddc71-g2f97", "live_url": "https://works.hcommons.org/records/ddc71-g2f97"}
{"time": "2026-09-06T22:24:49+00:00", "post": "2011-01-05-mendley-android-client-now-implemented-as-a-user-account-with-sync.md", "status": "updated", "id": "rf4mq-43b21", "live_url": "https://works.hcommons.org/records/rf4mq-43b21"}
{"time": "2026-09-06T22:25:04+00:00", "post": "2011-01-09-android-rom-update-utility-extractor-for-linux.md", "status": "updated", "id": "pgfj5-s0852", "live_url": "https://works.hcommons.org/records/pgfj5-s0852"}
{"time": "2026-09-06T22:25:19+00:00", "post": "2011-01-11-sussex-research-hive-seminars.md", "status": "updated", "id": "v7zsf-m4n65", "live_url": "https://works.hcommons.org/records/v7zsf-m4n65"}
{"time": "2026-09-06T22:25:33+00:00", "post": "2011-01-13-publication-e2-80-98local-transcendence-postmodern-historiography-and-the-database-by-alan-liu-e2-80-99-textual-practice-24-6-december-2010.md", "status": "updated", "id": "45wpy-r4k96", "live_url": "https://works.hcommons.org/records/45wpy-r4k96"}
{"time": "2026-09-06T22:25:47+00:00", "post": "2011-01-14-getting-a-custom-sync-service-and-adapter-to-show-up-under-data-and-synchronization-on-android.md", "status": "updated", "id": "mprfe-ha734", "live_url": "https://works.hcommons.org/records/mprfe-ha734"}
{"time": "2026-09-06T22:26:02+00:00", "post": "2011-01-15-bbc-news-fathoming-financial-terms.md", "status": "updated", "id": "a8efz-r1q78", "live_url": "https://works.hcommons.org/records/a8efz-r1q78"}
{"time": "2026-09-06T22:26:16+00:00", "post": "2011-01-18-the-botnet-webs-of-hegemonyzombies-who-publish.md", "status": "updated", "id": "8twpr-qga63", "live_url": "https://works.hcommons.org/records/8twpr-qga63"}
{"time": "2026-09-06T22:26:30+00:00", "post": "2011-01-19-rockaby-mission-statement-and-implementation-plans.md", "status": "updated", "id": "wrmzv-08k05", "live_url": "https://works.hcommons.org/records/wrmzv-08k05"}
{"time": "2026-09-06T22:26:46+00:00", "post": "2011-01-21-ocz-revodrive-on-abit-fatal1ty-fp-in9-sli.md", "status": "updated", "id": "9tgk8-98z53", "live_url": "https://works.hcommons.org/records/9tgk8-98z53"}
{"time": "2026-09-06T22:27:00+00:00", "post": "2011-01-21-picture-this-postcards-competition.md", "status": "updated", "id": "px15h-kq970", "live_url": "https://works.hcommons.org/records/px15h-kq970"}
{"time": "2026-09-06T22:27:15+00:00", "post": "2011-01-27-ssl-enabled.md", "status": "updated", "id": "98ypr-gas63", "live_url": "https://works.hcommons.org/records/98ypr-gas63"}
{"time": "2026-09-06T22:27:29+00:00", "post": "2011-01-28-a-statistical-history-of-uk-pynchon-doctorates.md", "status": "updated", "id": "6qqzm-75h21", "live_url": "https://works.hcommons.org/records/6qqzm-75h21"}
{"time": "2026-09-06T22:27:45+00:00", "post": "2011-02-02-on-phdchat-call-for-collaborationhistory-overview-themes-and-response.md", "status": "updated", "id": "31695-3yv93", "live_url": "https://works.hcommons.org/records/31695-3yv93"}
{"time": "2026-09-06T22:28:00+00:00", "post": "2011-02-03-sa4qe-2011-spreading-the-word-of-russell-hoban.md", "status": "updated", "id": "krmby-6wa81", "live_url": "https://works.hcommons.org/records/krmby-6wa81"}
{"time": "2026-09-06T22:28:14+00:00", "post": "2011-02-03-the-big-society-and-mythical-structure.md", "status": "updated", "id": "mcbt2-nk549", "live_url": "https://works.hcommons.org/records/mcbt2-nk549"}
{"time": "2026-09-06T22:28:28+00:00", "post": "2011-02-08-cfp-first-conference-of-the-uk-academic-pynchon-network.md", "status": "updated", "id": "rm6pf-m3003", "live_url": "https://works.hcommons.org/records/rm6pf-m3003"}
{"time": "2026-09-06T22:28:42+00:00", "post": "2011-02-14-the-analytic-of-patriotism-on-greg-mitchells-the-age-of-wikileaks.md", "status": "updated", "id": "dee4z-6qx82", "live_url": "https://works.hcommons.org/records/dee4z-6qx82"}
{"time": "2026-09-06T22:28:57+00:00", "post": "2011-02-18-prisoner-rights-overcriminalisation-and-reform-in-democracy.md", "status": "updated", "id": "79pb4-de891", "live_url": "https://works.hcommons.org/records/79pb4-de891"}
{"time": "2026-09-06T22:29:11+00:00", "post": "2011-03-11-getting-published-in-academia.md", "status": "updated", "id": "fcv39-5ke39", "live_url": "https://works.hcommons.org/records/fcv39-5ke39"}
{"time": "2026-09-06T22:29:26+00:00", "post": "2011-03-11-uk-pynchon-network-site-up-and-programme-announced.md", "status": "updated", "id": "x9me6-mf041", "live_url": "https://works.hcommons.org/records/x9me6-mf041"}
{"time": "2026-09-06T22:29:40+00:00", "post": "2011-03-14-things-to-do-when-you-get-a-new-android-phone.md", "status": "updated", "id": "y9v95-wyp66", "live_url": "https://works.hcommons.org/records/y9v95-wyp66"}
{"time": "2026-09-06T22:29:54+00:00", "post": "2011-03-15-unreasonable-fees-by-which-metric.md", "status": "updated", "id": "zskjt-jnh95", "live_url": "https://works.hcommons.org/records/zskjt-jnh95"}
{"time": "2026-09-06T22:30:09+00:00", "post": "2011-03-17-conference-paper-the-f-word-2011-04-01-university-of-durham.md", "status": "updated", "id": "s3pn0-jyd74", "live_url": "https://works.hcommons.org/records/s3pn0-jyd74"}
{"time": "2026-09-06T22:30:23+00:00", "post": "2011-03-17-designing-a-uk-undergraduate-english-literature-course.md", "status": "updated", "id": "eq8fk-fpw87", "live_url": "https://works.hcommons.org/records/eq8fk-fpw87"}
{"time": "2026-09-06T22:30:38+00:00", "post": "2011-03-23-picture-this-postcards-exhibition.md", "status": "updated", "id": "tp4wn-jv423", "live_url": "https://works.hcommons.org/records/tp4wn-jv423"}
{"time": "2026-09-06T22:30:52+00:00", "post": "2011-03-25-upcoming-workshop-using-twitter-for-research.md", "status": "updated", "id": "acbc4-x7726", "live_url": "https://works.hcommons.org/records/acbc4-x7726"}
{"time": "2026-09-06T22:31:07+00:00", "post": "2011-04-02-my-recent-work-at-berfrois.md", "status": "updated", "id": "pd650-sdp36", "live_url": "https://works.hcommons.org/records/pd650-sdp36"}
{"time": "2026-09-06T22:31:21+00:00", "post": "2011-04-03-installing-zotero-on-ubuntu-natty-11-04beta.md", "status": "updated", "id": "1qg49-sj831", "live_url": "https://works.hcommons.org/records/1qg49-sj831"}
{"time": "2026-09-06T22:31:36+00:00", "post": "2011-04-05-ubuntu-natty-beta-1-my-upgrade-experience.md", "status": "updated", "id": "2frb1-mx512", "live_url": "https://works.hcommons.org/records/2frb1-mx512"}
{"time": "2026-09-06T22:31:51+00:00", "post": "2011-04-08-speaking-plainly.md", "status": "updated", "id": "avtbc-88w93", "live_url": "https://works.hcommons.org/records/avtbc-88w93"}
{"time": "2026-09-06T22:32:05+00:00", "post": "2011-04-11-delay-to-report-on-first-ukpn-meeting.md", "status": "updated", "id": "9fq6x-tr683", "live_url": "https://works.hcommons.org/records/9fq6x-tr683"}
{"time": "2026-09-06T22:32:19+00:00", "post": "2011-04-13-how-not-to-apply-to-give-a-conference-paper.md", "status": "updated", "id": "nmm0f-ver62", "live_url": "https://works.hcommons.org/records/nmm0f-ver62"}
{"time": "2026-09-06T22:32:34+00:00", "post": "2011-04-13-publication-review-of-joe-moran-interdisciplinarity-2nd-edition-rupkatha-3-1-april-2011.md", "status": "updated", "id": "ynxfs-mpe10", "live_url": "https://works.hcommons.org/records/ynxfs-mpe10"}
{"time": "2026-09-06T22:32:48+00:00", "post": "2011-04-14-live-qa-life-after-a-phd-friday-15th-april-2011-13-00-16-00.md", "status": "updated", "id": "6j5je-jbb15", "live_url": "https://works.hcommons.org/records/6j5je-jbb15"}
{"time": "2026-09-06T22:33:03+00:00", "post": "2011-04-14-pynchon-in-public-day-2011.md", "status": "updated", "id": "89ca3-bb470", "live_url": "https://works.hcommons.org/records/89ca3-bb470"}
{"time": "2026-09-06T22:33:18+00:00", "post": "2011-04-16-david-foster-wallaces-the-pale-king-bonnie-nadell-and-michael-pietsch-at-foyles.md", "status": "updated", "id": "87pk6-w8g57", "live_url": "https://works.hcommons.org/records/87pk6-w8g57"}
{"time": "2026-09-06T22:33:32+00:00", "post": "2011-04-21-crossword-helper-for-android.md", "status": "updated", "id": "tkrh0-6j578", "live_url": "https://works.hcommons.org/records/tkrh0-6j578"}
{"time": "2026-09-06T22:33:46+00:00", "post": "2011-04-24-romeo-castellucci-societas-raffaello-sanzios-on-the-concept-of-the-face-regarding-the-son-of-god.md", "status": "updated", "id": "90k9a-5fv11", "live_url": "https://works.hcommons.org/records/90k9a-5fv11"}
{"time": "2026-09-06T22:34:01+00:00", "post": "2011-04-28-guardian-qa-summary-life-after-a-phd.md", "status": "updated", "id": "99ajz-q6v23", "live_url": "https://works.hcommons.org/records/99ajz-q6v23"}
{"time": "2026-09-06T22:34:15+00:00", "post": "2011-04-28-my-ahea-success-featured-in-rustle.md", "status": "updated", "id": "xvcw1-9hx65", "live_url": "https://works.hcommons.org/records/xvcw1-9hx65"}
{"time": "2026-09-06T22:34:29+00:00", "post": "2011-05-06-on-pynchon-and-privacy.md", "status": "updated", "id": "q3dda-prq51", "live_url": "https://works.hcommons.org/records/q3dda-prq51"}
{"time": "2026-09-06T22:34:44+00:00", "post": "2011-05-16-photograph-and-interview-in-the-guardian.md", "status": "updated", "id": "qab1t-rd548", "live_url": "https://works.hcommons.org/records/qab1t-rd548"}
{"time": "2026-09-06T22:34:58+00:00", "post": "2011-05-18-guarding-your-academic-ideas.md", "status": "updated", "id": "n5gfr-1p793", "live_url": "https://works.hcommons.org/records/n5gfr-1p793"}
{"time": "2026-09-06T22:35:13+00:00", "post": "2011-05-20-osama-bin-laden-and-nuremberg-precedent.md", "status": "updated", "id": "e9v6n-6wk50", "live_url": "https://works.hcommons.org/records/e9v6n-6wk50"}
{"time": "2026-09-06T22:35:28+00:00", "post": "2011-05-23-using-twitter-for-research.md", "status": "updated", "id": "hnx14-psh18", "live_url": "https://works.hcommons.org/records/hnx14-psh18"}
{"time": "2026-09-06T22:35:43+00:00", "post": "2011-05-25-the-rhetoric-of-fighting-illness-and-disability.md", "status": "updated", "id": "2mcz3-jjc67", "live_url": "https://works.hcommons.org/records/2mcz3-jjc67"}
{"time": "2026-09-06T22:35:57+00:00", "post": "2011-05-27-academic-businesss-cards.md", "status": "updated", "id": "f88ww-hf737", "live_url": "https://works.hcommons.org/records/f88ww-hf737"}
{"time": "2026-09-06T22:36:12+00:00", "post": "2011-05-30-moving-from-ubuntu-to-fedora.md", "status": "updated", "id": "ne292-10q05", "live_url": "https://works.hcommons.org/records/ne292-10q05"}
{"time": "2026-09-06T22:36:27+00:00", "post": "2011-06-01-william-gibson-cory-doctorow-diane-coyle-and-mark-stevenson-at-the-british-library.md", "status": "updated", "id": "9p6sj-hhc76", "live_url": "https://works.hcommons.org/records/9p6sj-hhc76"}
{"time": "2026-09-06T22:36:41+00:00", "post": "2011-06-07-a-brief-intro-pynchon-bibliography-biographical-and-gravitys-rainbow.md", "status": "updated", "id": "vdgqb-as420", "live_url": "https://works.hcommons.org/records/vdgqb-as420"}
{"time": "2026-09-06T22:36:56+00:00", "post": "2011-06-08-six-lines-to-get-sun-java-running-on-fedora-15-x64.md", "status": "updated", "id": "ynzjg-97c91", "live_url": "https://works.hcommons.org/records/ynzjg-97c91"}
{"time": "2026-09-06T22:37:10+00:00", "post": "2011-06-14-upcoming-workshop-inbox-zero-and-tech-task-lists-getting-things-done.md", "status": "updated", "id": "pc0ed-v9280", "live_url": "https://works.hcommons.org/records/pc0ed-v9280"}
{"time": "2026-09-06T22:37:25+00:00", "post": "2011-06-15-media-piece-taking-back-the-university-the-guardian.md", "status": "updated", "id": "h3ysb-y2w12", "live_url": "https://works.hcommons.org/records/h3ysb-y2w12"}
{"time": "2026-09-06T22:37:40+00:00", "post": "2011-06-16-conference-paper-geo-specificity-of-enlightenment-in-mason-dixon-2011-06-24-university-of-glasgow.md", "status": "updated", "id": "5xvcg-x4298", "live_url": "https://works.hcommons.org/records/5xvcg-x4298"}
{"time": "2026-09-06T22:37:54+00:00", "post": "2011-06-20-cfp-excursions-journal-states-of-emergence-states-of-emergency.md", "status": "updated", "id": "dync1-4r583", "live_url": "https://works.hcommons.org/records/dync1-4r583"}
{"time": "2026-09-06T22:38:08+00:00", "post": "2011-06-21-excursions-vol-2-issue-1-virus-2011.md", "status": "updated", "id": "yst06-rhy79", "live_url": "https://works.hcommons.org/records/yst06-rhy79"}
{"time": "2026-09-06T22:38:22+00:00", "post": "2011-06-22-angry-young-academics-the-directors-cut.md", "status": "updated", "id": "ggk4g-kev04", "live_url": "https://works.hcommons.org/records/ggk4g-kev04"}
{"time": "2026-09-06T22:38:36+00:00", "post": "2011-06-25-the-8th-biennial-symbiosis-conference-day-2.md", "status": "updated", "id": "d87e9-ze241", "live_url": "https://works.hcommons.org/records/d87e9-ze241"}
{"time": "2026-09-06T22:38:50+00:00", "post": "2011-06-26-the-8th-biennial-symbiosis-conference-day-3.md", "status": "updated", "id": "qw4za-qr694", "live_url": "https://works.hcommons.org/records/qw4za-qr694"}
{"time": "2026-09-06T22:39:04+00:00", "post": "2011-06-27-enslavement-conference-portsmouth-17th-june-2011.md", "status": "updated", "id": "6y102-65c26", "live_url": "https://works.hcommons.org/records/6y102-65c26"}
{"time": "2026-09-06T22:39:19+00:00", "post": "2011-06-28-is-academic-work-commercial-how-does-this-affect-libre-licensing.md", "status": "updated", "id": "deegv-7bc12", "live_url": "https://works.hcommons.org/records/deegv-7bc12"}
{"time": "2026-09-06T22:39:33+00:00", "post": "2011-06-28-uk-he-white-paper-day.md", "status": "updated", "id": "eh3xj-ce034", "live_url": "https://works.hcommons.org/records/eh3xj-ce034"}
{"time": "2026-09-06T22:39:47+00:00", "post": "2011-07-05-dropbox-youve-missed-the-real-problem.md", "status": "updated", "id": "0635j-46150", "live_url": "https://works.hcommons.org/records/0635j-46150"}
{"time": "2026-09-06T22:40:01+00:00", "post": "2011-07-11-change-of-license-all-content-now-cc-by.md", "status": "updated", "id": "n699q-ev933", "live_url": "https://works.hcommons.org/records/n699q-ev933"}
{"time": "2026-09-06T22:40:16+00:00", "post": "2011-07-11-orbit-writing-around-pynchon.md", "status": "updated", "id": "5580f-6vj15", "live_url": "https://works.hcommons.org/records/5580f-6vj15"}
{"time": "2026-09-06T22:40:31+00:00", "post": "2011-07-21-i-have-nothing-to-do-with-this-dissertation-writing-service.md", "status": "updated", "id": "kgy1g-qdr68", "live_url": "https://works.hcommons.org/records/kgy1g-qdr68"}
{"time": "2026-09-06T22:40:46+00:00", "post": "2011-07-22-using-elliptical-curve-cryptography-in-openssh.md", "status": "updated", "id": "7gzdm-yn661", "live_url": "https://works.hcommons.org/records/7gzdm-yn661"}
{"time": "2026-09-06T22:41:01+00:00", "post": "2011-07-30-thoughts-from-calling-all-agents-the-first-symposium-on-the-work-of-tom-mccarthy.md", "status": "updated", "id": "9bmev-hmd90", "live_url": "https://works.hcommons.org/records/9bmev-hmd90"}
{"time": "2026-09-06T22:41:15+00:00", "post": "2011-08-03-conference-paper-it-sures-hell-looked-like-war-terrorism-and-the-cold-war-in-thomas-pynchons-against-the-day-and-don-delillos-underworld-2010-06-09-university-of-lublin.md", "status": "updated", "id": "8qj99-e3z39", "live_url": "https://works.hcommons.org/records/8qj99-e3z39"}
{"time": "2026-09-06T22:41:30+00:00", "post": "2011-08-04-conference-paper-autosubversive-practices-in-academic-publishing-uksg-2012-03-26.md", "status": "updated", "id": "s61m3-qjk58", "live_url": "https://works.hcommons.org/records/s61m3-qjk58"}
{"time": "2026-09-06T22:41:44+00:00", "post": "2011-08-08-encrypted-partition-recovery-on-ubuntu-10-10.md", "status": "updated", "id": "7y2sp-93t68", "live_url": "https://works.hcommons.org/records/7y2sp-93t68"}
{"time": "2026-09-06T22:41:59+00:00", "post": "2011-08-19-postgraduate-publishing.md", "status": "updated", "id": "ryv6p-4jt06", "live_url": "https://works.hcommons.org/records/ryv6p-4jt06"}
{"time": "2026-09-06T22:42:13+00:00", "post": "2011-08-26-satchmo-payment-modules.md", "status": "updated", "id": "54wfz-sk609", "live_url": "https://works.hcommons.org/records/54wfz-sk609"}
{"time": "2026-09-06T22:42:28+00:00", "post": "2011-08-27-hefce-board-appointments-learning-through-argos.md", "status": "updated", "id": "tgnvp-n3487", "live_url": "https://works.hcommons.org/records/tgnvp-n3487"}
{"time": "2026-09-06T22:42:43+00:00", "post": "2011-08-31-guest-post-at-phd2published.md", "status": "updated", "id": "0z7hr-k1h74", "live_url": "https://works.hcommons.org/records/0z7hr-k1h74"}
{"time": "2026-09-06T22:42:57+00:00", "post": "2011-09-02-immanent-critique-of-closed-access-publication.md", "status": "updated", "id": "bv7k3-pwp62", "live_url": "https://works.hcommons.org/records/bv7k3-pwp62"}
{"time": "2026-09-06T22:43:11+00:00", "post": "2011-09-03-installing-zotero-on-ubuntu-oneiric-11-10beta.md", "status": "updated", "id": "sgw8b-kpv21", "live_url": "https://works.hcommons.org/records/sgw8b-kpv21"}
{"time": "2026-09-06T22:43:26+00:00", "post": "2011-09-06-adorno-terminology-intentio-recta-and-intention-obliqua.md", "status": "updated", "id": "wqgy1-6qt44", "live_url": "https://works.hcommons.org/records/wqgy1-6qt44"}
{"time": "2026-09-06T22:43:41+00:00", "post": "2011-09-06-is-it-worth-presenting-at-postgraduate-conferences.md", "status": "updated", "id": "5k6w6-zxg84", "live_url": "https://works.hcommons.org/records/5k6w6-zxg84"}
{"time": "2026-09-06T22:43:55+00:00", "post": "2011-09-08-troy-davis-innocence-and-execution-if-this-is-a-man.md", "status": "updated", "id": "9ww8t-36802", "live_url": "https://works.hcommons.org/records/9ww8t-36802"}
{"time": "2026-09-06T22:44:10+00:00", "post": "2011-09-14-publishing-articles-in-pdf-via-xmlxslt-using-open-journal-systems-2-3-6.md", "status": "updated", "id": "97pz2-s7b61", "live_url": "https://works.hcommons.org/records/97pz2-s7b61"}
{"time": "2026-09-06T22:44:25+00:00", "post": "2011-09-22-words-in-memory-of-troy-davis.md", "status": "updated", "id": "fzjy5-gnb93", "live_url": "https://works.hcommons.org/records/fzjy5-gnb93"}
{"time": "2026-09-06T22:44:39+00:00", "post": "2011-09-25-writing-a-plugin-for-open-journal-systems-part-2.md", "status": "updated", "id": "zxmsj-57f81", "live_url": "https://works.hcommons.org/records/zxmsj-57f81"}
{"time": "2026-09-06T22:44:54+00:00", "post": "2011-09-30-adorno-benjamin-and-wittgenstein-knowledge-is-not-property.md", "status": "updated", "id": "37an5-e2973", "live_url": "https://works.hcommons.org/records/37an5-e2973"}
{"time": "2026-09-06T22:45:09+00:00", "post": "2011-10-06-the-nobel-prize-for-literature-2011-hoax.md", "status": "updated", "id": "4nfwx-14m55", "live_url": "https://works.hcommons.org/records/4nfwx-14m55"}
{"time": "2026-09-06T22:45:24+00:00", "post": "2011-10-12-the-werritty-feasel.md", "status": "updated", "id": "a31cq-7t540", "live_url": "https://works.hcommons.org/records/a31cq-7t540"}
{"time": "2026-09-06T22:45:39+00:00", "post": "2011-10-15-happy-85th-birthday-michel-foucault.md", "status": "updated", "id": "47m3d-cwa08", "live_url": "https://works.hcommons.org/records/47m3d-cwa08"}
{"time": "2026-09-06T22:45:53+00:00", "post": "2011-10-17-donne-it-wrong-holy-sonnet-numbering-confusion.md", "status": "updated", "id": "gyejm-95q78", "live_url": "https://works.hcommons.org/records/gyejm-95q78"}
{"time": "2026-09-06T22:46:07+00:00", "post": "2011-10-25-open-access-week-at-the-university-of-sussex.md", "status": "updated", "id": "mv3e4-gxf18", "live_url": "https://works.hcommons.org/records/mv3e4-gxf18"}
{"time": "2026-09-06T22:46:21+00:00", "post": "2011-10-30-booting-ubuntu-from-devices-invisible-to-grub2.md", "status": "updated", "id": "grmsk-vdr42", "live_url": "https://works.hcommons.org/records/grmsk-vdr42"}
{"time": "2026-09-06T22:46:36+00:00", "post": "2011-11-02-a-dissenting-voice-on-acbowrimo.md", "status": "updated", "id": "g4ts5-w7236", "live_url": "https://works.hcommons.org/records/g4ts5-w7236"}
{"time": "2026-09-06T22:46:51+00:00", "post": "2011-11-02-complaint-over-the-closure-of-the-british-library-to-accomodate-a-visit-from-the-queen.md", "status": "updated", "id": "j66se-g9p22", "live_url": "https://works.hcommons.org/records/j66se-g9p22"}
{"time": "2026-09-06T22:47:05+00:00", "post": "2011-11-07-simon-f-davies-open-educational-resource-on-literary-terms.md", "status": "updated", "id": "j84sz-dph80", "live_url": "https://works.hcommons.org/records/j84sz-dph80"}
{"time": "2026-09-06T22:47:19+00:00", "post": "2011-11-18-guest-post-on-google-scholar-citations.md", "status": "updated", "id": "51yds-v3z03", "live_url": "https://works.hcommons.org/records/51yds-v3z03"}
{"time": "2026-09-06T22:47:33+00:00", "post": "2011-11-19-netids-development-restarted-participants-wanted.md", "status": "updated", "id": "97k2z-cw217", "live_url": "https://works.hcommons.org/records/97k2z-cw217"}
{"time": "2026-09-06T22:47:48+00:00", "post": "2011-11-28-forthcoming-workshops-academic-websites-protecting-your-assets.md", "status": "updated", "id": "9pa75-k1v16", "live_url": "https://works.hcommons.org/records/9pa75-k1v16"}
{"time": "2026-09-06T22:48:02+00:00", "post": "2011-12-02-dialectic-of-enlightenment-2011.md", "status": "updated", "id": "kp998-xnb78", "live_url": "https://works.hcommons.org/records/kp998-xnb78"}
{"time": "2026-09-06T22:48:17+00:00", "post": "2011-12-02-global-and-historical-reasons-why-it-is-utterly-innapropriate-even-to-joke-about-killing-trade-unionists.md", "status": "updated", "id": "h16ta-qtq03", "live_url": "https://works.hcommons.org/records/h16ta-qtq03"}
{"time": "2026-09-06T22:48:31+00:00", "post": "2011-12-07-support-war-child-and-see-laurent-gardnerbooka-shadeleftfield-live-april-2012.md", "status": "updated", "id": "4zpms-enj56", "live_url": "https://works.hcommons.org/records/4zpms-enj56"}
{"time": "2026-09-06T22:48:46+00:00", "post": "2011-12-13-a-minor-correction-to-anne-mangels-maxwells-demon-entropy-information-the-crying-of-lot-49.md", "status": "updated", "id": "dwy32-k7w72", "live_url": "https://works.hcommons.org/records/dwy32-k7w72"}
{"time": "2026-09-06T22:49:00+00:00", "post": "2011-12-16-mexmlgalley-now-supporting-image-insertion-ojs-xml-to-pdf.md", "status": "updated", "id": "xg5eg-6w721", "live_url": "https://works.hcommons.org/records/xg5eg-6w721"}
{"time": "2026-09-06T22:49:15+00:00", "post": "2011-12-22-guest-piece-in-the-guardian-secondary-schools-are-not-adequately-preparing-students-for-higher-education.md", "status": "updated", "id": "nqfqy-w2r54", "live_url": "https://works.hcommons.org/records/nqfqy-w2r54"}
{"time": "2026-09-06T22:49:29+00:00", "post": "2011-12-30-2012-year-of-the-phd-completion-guardian-higher-education-top-10-posts-of-2011.md", "status": "updated", "id": "1fcmq-vms21", "live_url": "https://works.hcommons.org/records/1fcmq-vms21"}
{"time": "2026-09-06T22:49:44+00:00", "post": "2011-12-30-account-aggregation-with-uk-banks-and-a-free-software-lloyds-tsb-scraper.md", "status": "updated", "id": "etf5t-c7072", "live_url": "https://works.hcommons.org/records/etf5t-c7072"}
{"time": "2026-09-06T22:49:58+00:00", "post": "2012-01-03-the-only-known-inscribed-pynchon-book-with-a-presentation-letter.md", "status": "updated", "id": "twxkp-1rk76", "live_url": "https://works.hcommons.org/records/twxkp-1rk76"}
{"time": "2026-09-06T22:50:13+00:00", "post": "2012-01-07-adorno-greek-lexicon-project.md", "status": "updated", "id": "1m4hr-bk312", "live_url": "https://works.hcommons.org/records/1m4hr-bk312"}
{"time": "2026-09-06T22:50:28+00:00", "post": "2012-01-07-adorno-terminology-ce-ba-ce-b1-ce-b9-cf-81-ce-bf-cf-82.md", "status": "updated", "id": "gxcdq-rfz10", "live_url": "https://works.hcommons.org/records/gxcdq-rfz10"}
{"time": "2026-09-06T22:50:42+00:00", "post": "2012-01-09-its-not-p-t-anderson-but-someone-has-started-an-inherent-vice-adaptation.md", "status": "updated", "id": "1mrp3-p2z32", "live_url": "https://works.hcommons.org/records/1mrp3-p2z32"}
{"time": "2026-09-06T22:50:56+00:00", "post": "2012-01-09-pynchon-character-etymology-etienne-cherdlu.md", "status": "updated", "id": "rkdxe-s1x35", "live_url": "https://works.hcommons.org/records/rkdxe-s1x35"}
{"time": "2026-09-06T22:51:11+00:00", "post": "2012-01-10-adorno-terminology-ce-b5-cf-80-ce-bf-cf-87-ce-b7-misprint-of-ce-b1-cf-80-ce-bf-cf-87-ce-ae.md", "status": "updated", "id": "g9bqf-86a41", "live_url": "https://works.hcommons.org/records/g9bqf-86a41"}
{"time": "2026-09-06T22:51:25+00:00", "post": "2012-01-13-adorno-terminology-cf-84-ce-bf-ce-b4-ce-b5-cf-84-ce-b9.md", "status": "updated", "id": "vhvnq-qst45", "live_url": "https://works.hcommons.org/records/vhvnq-qst45"}
{"time": "2026-09-06T22:51:40+00:00", "post": "2012-01-14-joe-ortons-defaced-books-at-the-islington-museum.md", "status": "updated", "id": "ec2tf-xbn20", "live_url": "https://works.hcommons.org/records/ec2tf-xbn20"}
{"time": "2026-09-06T22:51:54+00:00", "post": "2012-01-18-a-complete-list-of-the-ancient-greek-terms-in-adornos-aesthetic-theory.md", "status": "updated", "id": "x8hwm-fsq19", "live_url": "https://works.hcommons.org/records/x8hwm-fsq19"}
{"time": "2026-09-06T22:52:09+00:00", "post": "2012-01-23-ive-gone-to-ipv6.md", "status": "updated", "id": "fywan-bct98", "live_url": "https://works.hcommons.org/records/fywan-bct98"}
{"time": "2026-09-06T22:52:24+00:00", "post": "2012-01-23-protecting-your-assets-backing-up-your-academic-work.md", "status": "updated", "id": "gr13j-6d737", "live_url": "https://works.hcommons.org/records/gr13j-6d737"}
{"time": "2026-09-06T22:52:39+00:00", "post": "2012-01-27-first-draft-of-my-ph-d-is-done.md", "status": "updated", "id": "4vk18-bm591", "live_url": "https://works.hcommons.org/records/4vk18-bm591"}
{"time": "2026-09-06T22:52:53+00:00", "post": "2012-02-02-project-idearequest-for-comment-opendoi.md", "status": "updated", "id": "5w13a-b2p17", "live_url": "https://works.hcommons.org/records/5w13a-b2p17"}
{"time": "2026-09-06T22:53:08+00:00", "post": "2012-02-03-dois-what-you-need-to-know.md", "status": "updated", "id": "93yqc-10k02", "live_url": "https://works.hcommons.org/records/93yqc-10k02"}
{"time": "2026-09-06T22:53:23+00:00", "post": "2012-02-04-more-thoughts-on-metrics-link-rot-canonical-urls.md", "status": "updated", "id": "zcg9b-96m16", "live_url": "https://works.hcommons.org/records/zcg9b-96m16"}
{"time": "2026-09-06T22:53:38+00:00", "post": "2012-02-06-doing-a-ph-d-using-only-free-open-source-software.md", "status": "updated", "id": "fb7vy-22f22", "live_url": "https://works.hcommons.org/records/fb7vy-22f22"}
{"time": "2026-09-06T22:53:53+00:00", "post": "2012-02-09-wordpress-for-academics.md", "status": "updated", "id": "0gfem-6mp63", "live_url": "https://works.hcommons.org/records/0gfem-6mp63"}
{"time": "2026-09-06T22:54:07+00:00", "post": "2012-02-10-conference-paper-thomas-pynchon-david-foster-wallace-and-twenty-first-century-utopianism-16-18-july-2012-university-of-lincoln.md", "status": "updated", "id": "11amv-1bj15", "live_url": "https://works.hcommons.org/records/11amv-1bj15"}
{"time": "2026-09-06T22:54:22+00:00", "post": "2012-02-16-teaching-undergraduates-to-use-secondary-sources.md", "status": "updated", "id": "90mas-7d176", "live_url": "https://works.hcommons.org/records/90mas-7d176"}
{"time": "2026-09-06T22:54:37+00:00", "post": "2012-02-22-copyright-and-academia-particularly-for-ph-d.md", "status": "updated", "id": "grrhg-4ft84", "live_url": "https://works.hcommons.org/records/grrhg-4ft84"}
{"time": "2026-09-06T22:54:51+00:00", "post": "2012-02-24-my-review-of-the-cambridge-companion-to-thomas-pynchon-at-berfrois.md", "status": "updated", "id": "9f47g-pz892", "live_url": "https://works.hcommons.org/records/9f47g-pz892"}
{"time": "2026-09-06T22:55:06+00:00", "post": "2012-02-27-podcast-on-open-source-open-access-publishing.md", "status": "updated", "id": "prb91-47r21", "live_url": "https://works.hcommons.org/records/prb91-47r21"}
{"time": "2026-09-06T22:55:20+00:00", "post": "2012-03-08-doctoral-thesis-editing-cutting-words.md", "status": "updated", "id": "qj6fm-d7z57", "live_url": "https://works.hcommons.org/records/qj6fm-d7z57"}
{"time": "2026-09-06T22:55:34+00:00", "post": "2012-03-09-for-attn-david-cameron-and-andrew-lansley.md", "status": "updated", "id": "p2fnh-xy274", "live_url": "https://works.hcommons.org/records/p2fnh-xy274"}
{"time": "2026-09-06T22:55:49+00:00", "post": "2012-03-11-talawas-waiting-for-godot.md", "status": "updated", "id": "de50x-gm881", "live_url": "https://works.hcommons.org/records/de50x-gm881"}
{"time": "2026-09-06T22:56:04+00:00", "post": "2012-03-14-conference-paper-thomas-pynchon-materialism-and-negative-dialectics-28-29-may-2012-northumbria-university.md", "status": "updated", "id": "x1kkq-sgd31", "live_url": "https://works.hcommons.org/records/x1kkq-sgd31"}
{"time": "2026-09-06T22:56:18+00:00", "post": "2012-03-24-finishing-a-uk-ph-d-within-3-years.md", "status": "updated", "id": "7thfw-1hv37", "live_url": "https://works.hcommons.org/records/7thfw-1hv37"}
{"time": "2026-09-06T22:56:32+00:00", "post": "2012-03-30-the-problems-for-small-open-access-journals-in-terms-of-digital-preservation.md", "status": "updated", "id": "ew8c2-fpa43", "live_url": "https://works.hcommons.org/records/ew8c2-fpa43"}
{"time": "2026-09-06T22:56:47+00:00", "post": "2012-04-02-my-day-as-a-higher-ed-researcher.md", "status": "updated", "id": "nwm8p-pym51", "live_url": "https://works.hcommons.org/records/nwm8p-pym51"}
{"time": "2026-09-06T22:57:02+00:00", "post": "2012-04-03-i-am-joining-the-oapen-uk-open-access-monograph-steering-group.md", "status": "updated", "id": "4kmy8-t1r92", "live_url": "https://works.hcommons.org/records/4kmy8-t1r92"}
{"time": "2026-09-06T22:57:16+00:00", "post": "2012-04-04-uksg-conference-photos-and-slides.md", "status": "updated", "id": "0t68y-mxf48", "live_url": "https://works.hcommons.org/records/0t68y-mxf48"}
{"time": "2026-09-06T22:57:31+00:00", "post": "2012-04-05-new-york-times-writes-about-my-ph-d-thesis-work.md", "status": "updated", "id": "zw0hg-56w56", "live_url": "https://works.hcommons.org/records/zw0hg-56w56"}
{"time": "2026-09-06T22:57:45+00:00", "post": "2012-04-11-starting-a-digital-humanities-project-epilog.md", "status": "updated", "id": "8m3pr-cg185", "live_url": "https://works.hcommons.org/records/8m3pr-cg185"}
{"time": "2026-09-06T22:58:00+00:00", "post": "2012-04-28-contemporary-fiction-research-seminar-write-up-martin-amis-money-2012-04-28.md", "status": "updated", "id": "ntm2f-zrp61", "live_url": "https://works.hcommons.org/records/ntm2f-zrp61"}
{"time": "2026-09-06T22:58:15+00:00", "post": "2012-04-30-pynchon-in-public-day-2012-our-meetup-details.md", "status": "updated", "id": "5cq81-88260", "live_url": "https://works.hcommons.org/records/5cq81-88260"}
{"time": "2026-09-06T22:58:29+00:00", "post": "2012-05-02-an-update-on-orbit-1-1.md", "status": "updated", "id": "t3s9q-dcg38", "live_url": "https://works.hcommons.org/records/t3s9q-dcg38"}
{"time": "2026-09-06T22:58:43+00:00", "post": "2012-05-05-excursions-journal-vol-3-launch-party.md", "status": "updated", "id": "abjxf-63h73", "live_url": "https://works.hcommons.org/records/abjxf-63h73"}
{"time": "2026-09-06T22:58:58+00:00", "post": "2012-05-13-the-ontological-problems-of-contemporary-fiction-studies-are-actually-its-ontological-prerequsites.md", "status": "updated", "id": "pvgab-40e08", "live_url": "https://works.hcommons.org/records/pvgab-40e08"}
{"time": "2026-09-06T22:59:12+00:00", "post": "2012-05-19-thinking-feeling-conference-at-the-university-of-sussex.md", "status": "updated", "id": "p1p6j-qqh04", "live_url": "https://works.hcommons.org/records/p1p6j-qqh04"}
{"time": "2026-09-06T22:59:27+00:00", "post": "2012-05-21-beware-the-next-wave-of-academic-publishing-grimness-apps.md", "status": "updated", "id": "bbt0j-skm95", "live_url": "https://works.hcommons.org/records/bbt0j-skm95"}
{"time": "2026-09-06T22:59:41+00:00", "post": "2012-05-21-day-2-of-twenty-first-century-literature-conference-at-birkbeck.md", "status": "updated", "id": "qnsym-28t44", "live_url": "https://works.hcommons.org/records/qnsym-28t44"}
{"time": "2026-09-06T22:59:56+00:00", "post": "2012-05-21-sussex-southampton-initiative-sushi-an-interdisciplinary-fusion.md", "status": "updated", "id": "5qbdj-xbe75", "live_url": "https://works.hcommons.org/records/5qbdj-xbe75"}
{"time": "2026-09-06T23:00:13+00:00", "post": "2012-06-06-metadata-handling-for-open-access-journal-pdfs.md", "status": "updated", "id": "3tfvg-1m859", "live_url": "https://works.hcommons.org/records/3tfvg-1m859"}
{"time": "2026-09-06T23:00:28+00:00", "post": "2012-06-08-is-this-a-picture-of-thomas-pynchon-aged-51.md", "status": "updated", "id": "1g94n-88412", "live_url": "https://works.hcommons.org/records/1g94n-88412"}
{"time": "2026-09-06T23:00:43+00:00", "post": "2012-06-12-another-adorno-against-wittgenstein-moment.md", "status": "updated", "id": "fq2zx-3hg80", "live_url": "https://works.hcommons.org/records/fq2zx-3hg80"}
{"time": "2026-09-06T23:00:58+00:00", "post": "2012-06-24-another-great-source-for-free-images-to-use-in-blogging.md", "status": "updated", "id": "4zpz0-cfc08", "live_url": "https://works.hcommons.org/records/4zpz0-cfc08"}
{"time": "2026-09-06T23:01:13+00:00", "post": "2012-06-25-our-epistemic-gap-actually-we-need-to-re-think-unemployment-underemployment-and-benefits-entirely.md", "status": "updated", "id": "ga6n5-8ym81", "live_url": "https://works.hcommons.org/records/ga6n5-8ym81"}
{"time": "2026-09-06T23:01:28+00:00", "post": "2012-06-28-the-part-of-the-open-access-debate-that-is-irritatingly-ignored.md", "status": "updated", "id": "rbx4m-ky748", "live_url": "https://works.hcommons.org/records/rbx4m-ky748"}
{"time": "2026-09-06T23:01:42+00:00", "post": "2012-07-03-teaching-post-millenial-fiction-conference-archive.md", "status": "updated", "id": "8yggd-amx95", "live_url": "https://works.hcommons.org/records/8yggd-amx95"}
{"time": "2026-09-06T23:01:57+00:00", "post": "2012-07-05-signing-over-copyright-vs-licensing-your-journal-articles.md", "status": "updated", "id": "k7nt5-qt043", "live_url": "https://works.hcommons.org/records/k7nt5-qt043"}
{"time": "2026-09-06T23:02:12+00:00", "post": "2012-07-09-orbit-writing-around-pynchon-is-live.md", "status": "updated", "id": "tmbdb-0f678", "live_url": "https://works.hcommons.org/records/tmbdb-0f678"}
{"time": "2026-09-06T23:02:27+00:00", "post": "2012-07-09-publication-tear-it-down-build-it-up-the-research-output-team-or-the-library-as-publisher-insights-25-2-july-2012-pp-158-162.md", "status": "updated", "id": "pa7as-sw419", "live_url": "https://works.hcommons.org/records/pa7as-sw419"}
{"time": "2026-09-06T23:02:41+00:00", "post": "2012-07-10-starting-an-open-access-journal-a-step-by-step-guide-part-1.md", "status": "updated", "id": "3fdc8-v0e22", "live_url": "https://works.hcommons.org/records/3fdc8-v0e22"}
{"time": "2026-09-06T23:02:56+00:00", "post": "2012-07-11-starting-an-open-access-journal-a-step-by-step-guide-part-2.md", "status": "updated", "id": "9yne3-3ae47", "live_url": "https://works.hcommons.org/records/9yne3-3ae47"}
{"time": "2026-09-06T23:03:11+00:00", "post": "2012-07-12-starting-an-open-access-journal-a-step-by-step-guide-part-3.md", "status": "updated", "id": "8xdhy-qrf83", "live_url": "https://works.hcommons.org/records/8xdhy-qrf83"}
{"time": "2026-09-06T23:03:26+00:00", "post": "2012-07-13-orbit-writing-around-pynchon-is-now-digitally-preserved-by-clockss.md", "status": "updated", "id": "a14y1-fm755", "live_url": "https://works.hcommons.org/records/a14y1-fm755"}
{"time": "2026-09-06T23:03:41+00:00", "post": "2012-07-13-starting-an-open-access-journal-a-step-by-step-guide-part-4.md", "status": "updated", "id": "1x2zq-xa446", "live_url": "https://works.hcommons.org/records/1x2zq-xa446"}
{"time": "2026-09-06T23:03:57+00:00", "post": "2012-07-13-starting-an-open-access-journal-a-step-by-step-guide-part-5.md", "status": "updated", "id": "jgyfm-ab720", "live_url": "https://works.hcommons.org/records/jgyfm-ab720"}
{"time": "2026-09-06T23:04:12+00:00", "post": "2012-07-19-thomas-pynchon-david-foster-wallace-and-21st-century-utopianism-presentation.md", "status": "updated", "id": "rtzgj-x2d77", "live_url": "https://works.hcommons.org/records/rtzgj-x2d77"}
{"time": "2026-09-06T23:04:27+00:00", "post": "2012-07-24-mythbusting-a-proposed-list-60-things-journal-publishers-do.md", "status": "updated", "id": "5apjf-nkq28", "live_url": "https://works.hcommons.org/records/5apjf-nkq28"}
{"time": "2026-09-06T23:04:42+00:00", "post": "2012-08-02-impossible-objects-preservation-and-extinction-on-the-first-folio.md", "status": "updated", "id": "55c4v-vd357", "live_url": "https://works.hcommons.org/records/55c4v-vd357"}
{"time": "2026-09-06T23:04:57+00:00", "post": "2012-08-02-more-unpaid-academic-positions-and-apparent-culture-of-entitlement.md", "status": "updated", "id": "9ktd6-4ax72", "live_url": "https://works.hcommons.org/records/9ktd6-4ax72"}
{"time": "2026-09-06T23:05:11+00:00", "post": "2012-08-05-e-books-copyright-infringement-theft-materiality-and-the-virtual.md", "status": "updated", "id": "qm2wn-5nq19", "live_url": "https://works.hcommons.org/records/qm2wn-5nq19"}
{"time": "2026-09-06T23:05:26+00:00", "post": "2012-08-07-on-blog-inequality-in-scholarly-research.md", "status": "updated", "id": "pxnyb-1km64", "live_url": "https://works.hcommons.org/records/pxnyb-1km64"}
{"time": "2026-09-06T23:05:41+00:00", "post": "2012-08-23-brief-interviews-with-hideous-men-live-stage-version-at-the-ica.md", "status": "updated", "id": "dh5fs-fv073", "live_url": "https://works.hcommons.org/records/dh5fs-fv073"}
{"time": "2026-09-06T23:05:56+00:00", "post": "2012-08-23-the-real-problem-with-this-mode-of-curbing-grade-inflation.md", "status": "updated", "id": "24rx3-zvr14", "live_url": "https://works.hcommons.org/records/24rx3-zvr14"}
{"time": "2026-09-06T23:06:15+00:00", "post": "2012-08-31-open-access-needs-terminology-to-distinguish-between-funding-models-platinum-oagold-non-apc.md", "status": "updated", "id": "7df05-w0c68", "live_url": "https://works.hcommons.org/records/7df05-w0c68"}
{"time": "2026-09-06T23:06:29+00:00", "post": "2012-09-02-publication-whose-line-is-it-anyway-enlightenment-revolution-and-ipseic-ethics-in-the-works-of-thomas-pynchon-textual-practice-26-5.md", "status": "updated", "id": "9krhc-dp796", "live_url": "https://works.hcommons.org/records/9krhc-dp796"}
{"time": "2026-09-06T23:06:43+00:00", "post": "2012-09-02-re-decentralizing-the-web.md", "status": "updated", "id": "a8vy6-ctb56", "live_url": "https://works.hcommons.org/records/a8vy6-ctb56"}
{"time": "2026-09-06T23:06:58+00:00", "post": "2012-09-03-conference-on-china-mieville-weird-council.md", "status": "updated", "id": "m5te1-31q55", "live_url": "https://works.hcommons.org/records/m5te1-31q55"}
{"time": "2026-09-06T23:07:13+00:00", "post": "2012-09-03-quibbling-with-the-lrb-over-hackers.md", "status": "updated", "id": "cvkf5-1bm52", "live_url": "https://works.hcommons.org/records/cvkf5-1bm52"}
{"time": "2026-09-06T23:07:28+00:00", "post": "2012-09-04-karl-marx-that-sly-old-racist.md", "status": "updated", "id": "7dbcb-e6x47", "live_url": "https://works.hcommons.org/records/7dbcb-e6x47"}
{"time": "2026-09-06T23:07:42+00:00", "post": "2012-09-05-keeping-up-with-research-in-response-to-plashingvole.md", "status": "updated", "id": "fprr6-bkh32", "live_url": "https://works.hcommons.org/records/fprr6-bkh32"}
{"time": "2026-09-06T23:07:57+00:00", "post": "2012-09-06-astrid-and-producteev.md", "status": "updated", "id": "z529p-kr550", "live_url": "https://works.hcommons.org/records/z529p-kr550"}
{"time": "2026-09-06T23:08:12+00:00", "post": "2012-09-06-cant-receive-emails-from-hotmail-fixing-their-buggy-dns-process.md", "status": "updated", "id": "jvvz8-0tb85", "live_url": "https://works.hcommons.org/records/jvvz8-0tb85"}
{"time": "2026-09-06T23:08:27+00:00", "post": "2012-09-08-what-will-the-humanities-do-post-finch-or-where-are-the-oa-venues.md", "status": "updated", "id": "75t4s-z5x44", "live_url": "https://works.hcommons.org/records/75t4s-z5x44"}
{"time": "2026-09-06T23:08:41+00:00", "post": "2012-09-13-relativize-and-historicize-open-access-article-processing-charges-and-transparency.md", "status": "updated", "id": "5xxkw-c6e54", "live_url": "https://works.hcommons.org/records/5xxkw-c6e54"}
{"time": "2026-09-06T23:08:57+00:00", "post": "2012-09-16-weird-council-the-first-international-conference-on-the-works-of-china-mieville-mieville2012-storify.md", "status": "updated", "id": "090vh-bfv22", "live_url": "https://works.hcommons.org/records/090vh-bfv22"}
{"time": "2026-09-06T23:09:12+00:00", "post": "2012-09-22-on-the-impurity-of-the-humanities-and-critical-university-studies.md", "status": "updated", "id": "k6p9k-cvj29", "live_url": "https://works.hcommons.org/records/k6p9k-cvj29"}
{"time": "2026-09-06T23:09:27+00:00", "post": "2012-09-30-my-thoughts-on-dt-maxs-biography-of-dfw.md", "status": "updated", "id": "qtc3q-n3412", "live_url": "https://works.hcommons.org/records/qtc3q-n3412"}
{"time": "2026-09-06T23:09:42+00:00", "post": "2012-10-13-jeffrey-archers-140-character-story-and-plagiarism.md", "status": "updated", "id": "srcd3-cea79", "live_url": "https://works.hcommons.org/records/srcd3-cea79"}
{"time": "2026-09-06T23:09:56+00:00", "post": "2012-10-16-publication-thomas-pynchon-the-dark-passages-of-history-review-textual-practice-26-5.md", "status": "updated", "id": "6b8nh-jm682", "live_url": "https://works.hcommons.org/records/6b8nh-jm682"}
{"time": "2026-09-06T23:10:11+00:00", "post": "2012-10-19-crude-but-helpful-typesetting-script-from-mexml.md", "status": "updated", "id": "tj8ky-mey94", "live_url": "https://works.hcommons.org/records/tj8ky-mey94"}
{"time": "2026-09-06T23:10:26+00:00", "post": "2012-10-19-orbit-1-2-is-now-open-and-our-rolling-format-is-live.md", "status": "updated", "id": "rmac4-4gp18", "live_url": "https://works.hcommons.org/records/rmac4-4gp18"}
{"time": "2026-09-06T23:10:40+00:00", "post": "2012-10-21-new-orbit-review-american-postmodernist-fiction-and-the-past-by-theophilus-savvas.md", "status": "updated", "id": "p9kkm-zs929", "live_url": "https://works.hcommons.org/records/p9kkm-zs929"}
{"time": "2026-09-06T23:10:55+00:00", "post": "2012-10-22-the-grim-phoenix-the-new-challenges-for-open-access.md", "status": "updated", "id": "zaetn-efe41", "live_url": "https://works.hcommons.org/records/zaetn-efe41"}
{"time": "2026-09-06T23:11:11+00:00", "post": "2012-10-24-open-journal-systems-now-supports-archiving-with-clockss-out-of-the-box.md", "status": "updated", "id": "s8b7a-81q23", "live_url": "https://works.hcommons.org/records/s8b7a-81q23"}
{"time": "2026-09-06T23:11:26+00:00", "post": "2012-10-26-notes-on-adornos-the-essay-as-form.md", "status": "updated", "id": "c128c-3kv72", "live_url": "https://works.hcommons.org/records/c128c-3kv72"}
{"time": "2026-09-06T23:11:41+00:00", "post": "2012-11-01-on-academic-blogging.md", "status": "updated", "id": "6vzpe-e9b48", "live_url": "https://works.hcommons.org/records/6vzpe-e9b48"}
{"time": "2026-09-06T23:11:55+00:00", "post": "2012-11-02-more-on-ojs-and-clockss.md", "status": "updated", "id": "78wvr-09f91", "live_url": "https://works.hcommons.org/records/78wvr-09f91"}
{"time": "2026-09-06T23:12:09+00:00", "post": "2012-11-05-publication-review-of-1q84-in-1001-books-to-read-before-you-die-london-cassell-illustrated-2012.md", "status": "updated", "id": "bz4nm-9jt92", "live_url": "https://works.hcommons.org/records/bz4nm-9jt92"}
{"time": "2026-09-06T23:12:24+00:00", "post": "2012-11-12-on-freedom-of-speech.md", "status": "updated", "id": "dp2vq-kdf81", "live_url": "https://works.hcommons.org/records/dp2vq-kdf81"}
{"time": "2026-09-06T23:12:39+00:00", "post": "2012-11-14-on-orcid-accreditation-structures-and-altmetrics.md", "status": "updated", "id": "gzy38-tje87", "live_url": "https://works.hcommons.org/records/gzy38-tje87"}
{"time": "2026-09-06T23:12:53+00:00", "post": "2012-11-21-judging-the-safety-of-an-open-access-journal.md", "status": "updated", "id": "n7sh0-yen77", "live_url": "https://works.hcommons.org/records/n7sh0-yen77"}
{"time": "2026-09-06T23:13:08+00:00", "post": "2012-12-07-fixing-scanning-on-an-hp-photosmart-c6300-series-in-ubuntu-12-10.md", "status": "updated", "id": "xwvcr-0fw38", "live_url": "https://works.hcommons.org/records/xwvcr-0fw38"}
{"time": "2026-09-06T23:13:23+00:00", "post": "2012-12-13-alluvium-technical-news-doi-numbers-clockss-and-mla-bibliography.md", "status": "updated", "id": "5h2b7-06136", "live_url": "https://works.hcommons.org/records/5h2b7-06136"}
{"time": "2026-09-06T23:13:38+00:00", "post": "2012-12-20-on-that-statement-by-history-journal-editors.md", "status": "updated", "id": "7ncpg-dzs35", "live_url": "https://works.hcommons.org/records/7ncpg-dzs35"}
{"time": "2026-09-06T23:13:53+00:00", "post": "2012-12-21-orbit-writing-around-pynchon-receives-funding-from-ludwig-maximilian-university-of-munich.md", "status": "updated", "id": "p2ywh-n7s78", "live_url": "https://works.hcommons.org/records/p2ywh-n7s78"}
{"time": "2026-09-06T23:14:07+00:00", "post": "2012-12-30-using-bumblebee-for-opteron-graphics-on-ubuntu-12-10-on-a-samsung-chronos-7-series-laptop.md", "status": "updated", "id": "7cvwm-85s65", "live_url": "https://works.hcommons.org/records/7cvwm-85s65"}
{"time": "2026-09-06T23:14:22+00:00", "post": "2013-01-09-call-for-participants-to-build-a-plos-style-model-for-the-humanities-and-social-sciences.md", "status": "updated", "id": "mzbw3-xna78", "live_url": "https://works.hcommons.org/records/mzbw3-xna78"}
{"time": "2026-09-06T23:14:37+00:00", "post": "2013-01-24-conference-paper-floats-like-a-butterfly-stings-like-a-finch-adorno-utopia-and-open-access-publishing-lincoln-university.md", "status": "updated", "id": "rjn1m-jpk61", "live_url": "https://works.hcommons.org/records/rjn1m-jpk61"}
{"time": "2026-09-06T23:14:52+00:00", "post": "2013-02-10-conference-paper-too-many-goddamn-echoes-historicizing-the-iraq-war-in-don-delillos-point-omega-birkbeck.md", "status": "updated", "id": "4qwm3-hhy43", "live_url": "https://works.hcommons.org/records/4qwm3-hhy43"}
{"time": "2026-09-06T23:15:06+00:00", "post": "2013-03-07-conference-paper-the-future-of-peer-review-university-of-sussex-14th-march-2013-12-2pm.md", "status": "updated", "id": "7nm43-0fw40", "live_url": "https://works.hcommons.org/records/7nm43-0fw40"}
{"time": "2026-09-06T23:15:20+00:00", "post": "2013-03-09-house-of-commons-bis-inquiry-on-open-access-evidence-published.md", "status": "updated", "id": "xnsqb-tyg23", "live_url": "https://works.hcommons.org/records/xnsqb-tyg23"}
{"time": "2026-09-06T23:15:34+00:00", "post": "2013-03-10-open-access-neoliberalism-impact-and-the-privatisation-of-knowledge.md", "status": "updated", "id": "cqa1v-e4s94", "live_url": "https://works.hcommons.org/records/cqa1v-e4s94"}
{"time": "2026-09-06T23:15:49+00:00", "post": "2013-03-15-the-future-of-peer-review.md", "status": "updated", "id": "ay0pp-e5e19", "live_url": "https://works.hcommons.org/records/ay0pp-e5e19"}
{"time": "2026-09-06T23:16:04+00:00", "post": "2013-03-25-futurity-books-marx-labour.md", "status": "updated", "id": "0z7d6-zqe74", "live_url": "https://works.hcommons.org/records/0z7d6-zqe74"}
{"time": "2026-09-06T23:16:19+00:00", "post": "2013-03-26-crossref-dois-and-preparing-for-future-assignment.md", "status": "updated", "id": "jwg8m-16a27", "live_url": "https://works.hcommons.org/records/jwg8m-16a27"}
{"time": "2026-09-06T23:16:34+00:00", "post": "2013-03-29-exposing-xml-data-for-orbit.md", "status": "updated", "id": "tx3h7-7kx77", "live_url": "https://works.hcommons.org/records/tx3h7-7kx77"}
{"time": "2026-09-06T23:16:48+00:00", "post": "2013-04-15-im-appearing-before-the-house-of-commons-bis-select-committee-into-open-access.md", "status": "updated", "id": "m7jea-wjs39", "live_url": "https://works.hcommons.org/records/m7jea-wjs39"}
{"time": "2026-09-06T23:17:03+00:00", "post": "2013-04-21-pynchon-in-public-day-2013.md", "status": "updated", "id": "9brgh-cwa74", "live_url": "https://works.hcommons.org/records/9brgh-cwa74"}
{"time": "2026-09-06T23:17:18+00:00", "post": "2013-04-27-internationalisation-of-new-open-access-initiatives.md", "status": "updated", "id": "nmkjz-q3m81", "live_url": "https://works.hcommons.org/records/nmkjz-q3m81"}
{"time": "2026-09-06T23:17:32+00:00", "post": "2013-05-12-getting-free_cite-running-on-your-own-server.md", "status": "updated", "id": "8zk1t-ett62", "live_url": "https://works.hcommons.org/records/8zk1t-ett62"}
{"time": "2026-09-06T23:17:46+00:00", "post": "2013-05-21-fixing-mpd-segfault-on-ubuntu-12-10-on-arm-devices-mele-pandaboard-etc.md", "status": "updated", "id": "ye0p6-rdg72", "live_url": "https://works.hcommons.org/records/ye0p6-rdg72"}
{"time": "2026-09-06T23:18:02+00:00", "post": "2013-07-05-digital-literatures-digital-democracies-digital-threats.md", "status": "updated", "id": "ttgnk-jv796", "live_url": "https://works.hcommons.org/records/ttgnk-jv796"}
{"time": "2026-09-06T23:18:18+00:00", "post": "2013-07-07-evaluating-the-open-access-software-toolchain.md", "status": "updated", "id": "1k23d-dvb96", "live_url": "https://works.hcommons.org/records/1k23d-dvb96"}
{"time": "2026-09-06T23:18:33+00:00", "post": "2013-07-17-speaking-at-sparc-japan.md", "status": "updated", "id": "p2jey-83m70", "live_url": "https://works.hcommons.org/records/p2jey-83m70"}
{"time": "2026-09-06T23:18:47+00:00", "post": "2013-07-20-punchdrunks-the-drowned-man.md", "status": "updated", "id": "317cj-dar86", "live_url": "https://works.hcommons.org/records/317cj-dar86"}
{"time": "2026-09-06T23:19:01+00:00", "post": "2013-07-21-joining-the-uk-national-monographs-strategy-expert-panel.md", "status": "updated", "id": "dj7w9-tcn35", "live_url": "https://works.hcommons.org/records/dj7w9-tcn35"}
{"time": "2026-09-06T23:19:16+00:00", "post": "2013-07-27-hefce-the-state-of-open-access-in-the-uk-and-post-2014-ref.md", "status": "updated", "id": "w902m-4nb30", "live_url": "https://works.hcommons.org/records/w902m-4nb30"}
{"time": "2026-09-06T23:19:30+00:00", "post": "2013-07-28-determining-glyph-availability-for-fop.md", "status": "updated", "id": "ym7m1-rsh71", "live_url": "https://works.hcommons.org/records/ym7m1-rsh71"}
{"time": "2026-09-06T23:19:45+00:00", "post": "2013-07-28-rendering-mathml-in-xslfo-to-pdf-using-fop.md", "status": "updated", "id": "amz26-mys02", "live_url": "https://works.hcommons.org/records/amz26-mys02"}
{"time": "2026-09-06T23:20:00+00:00", "post": "2013-08-02-has-the-licensing-battle-been-deferred-in-the-latest-hefce-document.md", "status": "updated", "id": "hh2ar-kzv80", "live_url": "https://works.hcommons.org/records/hh2ar-kzv80"}
{"time": "2026-09-06T23:20:14+00:00", "post": "2013-08-18-using-git-in-my-writing-workflow.md", "status": "updated", "id": "jfd2s-enj44", "live_url": "https://works.hcommons.org/records/jfd2s-enj44"}
{"time": "2026-09-06T23:20:29+00:00", "post": "2013-08-27-sxsw-panel-vote-to-get-open-access-on-the-agenda.md", "status": "updated", "id": "ffsb8-tr930", "live_url": "https://works.hcommons.org/records/ffsb8-tr930"}
{"time": "2026-09-06T23:20:44+00:00", "post": "2013-08-29-full-response-to-science-metrix-report-on-gold-oa-citation-rates.md", "status": "updated", "id": "mahm6-y3021", "live_url": "https://works.hcommons.org/records/mahm6-y3021"}
{"time": "2026-09-06T23:20:58+00:00", "post": "2013-09-09-work-on-open-access-technology-get-a-masters-degree-in-computer-science-funded-place.md", "status": "updated", "id": "4a4w5-j6d58", "live_url": "https://works.hcommons.org/records/4a4w5-j6d58"}
{"time": "2026-09-06T23:21:13+00:00", "post": "2013-09-10-is-what-i-do-digital-humanities.md", "status": "updated", "id": "cxxnc-g4426", "live_url": "https://works.hcommons.org/records/cxxnc-g4426"}
{"time": "2026-09-06T23:21:28+00:00", "post": "2013-09-18-publication-gatekeepers-in-a-digital-wasteland-the-author.md", "status": "updated", "id": "61wvd-ssn82", "live_url": "https://works.hcommons.org/records/61wvd-ssn82"}
{"time": "2026-09-06T23:21:42+00:00", "post": "2013-09-30-fixing-broken-spellcheck-in-thunderbird-24.md", "status": "updated", "id": "wqe2k-bsq30", "live_url": "https://works.hcommons.org/records/wqe2k-bsq30"}
{"time": "2026-09-06T23:21:57+00:00", "post": "2013-10-03-whats-open-got-to-do-with-it.md", "status": "updated", "id": "p200q-2gj51", "live_url": "https://works.hcommons.org/records/p200q-2gj51"}
{"time": "2026-09-06T23:22:12+00:00", "post": "2013-10-21-how-ironic-are-the-open-access-irony-awards.md", "status": "updated", "id": "tpz56-5de08", "live_url": "https://works.hcommons.org/records/tpz56-5de08"}
{"time": "2026-09-06T23:22:26+00:00", "post": "2013-11-15-some-diagrams-of-jennifer-egan-novels.md", "status": "updated", "id": "xbpej-jd825", "live_url": "https://works.hcommons.org/records/xbpej-jd825"}
{"time": "2026-09-06T23:22:40+00:00", "post": "2013-11-16-three-reasons-why-i-think-journal-prestige-is-a-broken-system.md", "status": "updated", "id": "1fvyq-t4b22", "live_url": "https://works.hcommons.org/records/1fvyq-t4b22"}
{"time": "2026-09-06T23:22:55+00:00", "post": "2013-12-19-publication-review-of-humanities-in-the-twenty-first-century-beyond-utility-and-markets.md", "status": "updated", "id": "fkprp-cdq25", "live_url": "https://works.hcommons.org/records/fkprp-cdq25"}
{"time": "2026-09-06T23:23:10+00:00", "post": "2013-12-20-publication-utopia-fading-taxonomies-freedom-and-dissent-in-open-access-publishing.md", "status": "updated", "id": "zyqne-dcy72", "live_url": "https://works.hcommons.org/records/zyqne-dcy72"}
{"time": "2026-09-06T23:23:24+00:00", "post": "2013-12-27-why-im-a-fan-of-open-source-software-an-argument-by-anecdoteexample.md", "status": "updated", "id": "yhkbf-yqx57", "live_url": "https://works.hcommons.org/records/yhkbf-yqx57"}
{"time": "2026-09-06T23:23:39+00:00", "post": "2013-12-29-my-2013-academic-year-in-review.md", "status": "updated", "id": "gjghn-zr881", "live_url": "https://works.hcommons.org/records/gjghn-zr881"}
{"time": "2026-09-06T23:23:53+00:00", "post": "2014-01-06-introducing-eprintscv-a-python-script-to-create-an-academic-web-cv-from-your-eprints-record.md", "status": "updated", "id": "a62gb-n0y55", "live_url": "https://works.hcommons.org/records/a62gb-n0y55"}
{"time": "2026-09-06T23:24:09+00:00", "post": "2014-01-13-handling-the-absence-of-a-newline-break-tag-in-jats.md", "status": "updated", "id": "5wr3m-dae15", "live_url": "https://works.hcommons.org/records/5wr3m-dae15"}
{"time": "2026-09-06T23:24:24+00:00", "post": "2014-01-19-every-generation-has-its-philosopher.md", "status": "updated", "id": "sa5cm-yy071", "live_url": "https://works.hcommons.org/records/sa5cm-yy071"}
{"time": "2026-09-06T23:24:38+00:00", "post": "2014-02-12-publication-mitchell-hoban.md", "status": "updated", "id": "awse2-9xh62", "live_url": "https://works.hcommons.org/records/awse2-9xh62"}
{"time": "2026-09-06T23:24:53+00:00", "post": "2014-02-14-publication-the-means-of-re-production-expertise-open-tools-standards-and-communication.md", "status": "updated", "id": "jevrx-vrc96", "live_url": "https://works.hcommons.org/records/jevrx-vrc96"}
{"time": "2026-09-06T23:25:07+00:00", "post": "2014-02-20-publication-pynchon-and-wittgenstein-ethics-relativism-and-philosophical-methodology.md", "status": "updated", "id": "tzjez-sbe89", "live_url": "https://works.hcommons.org/records/tzjez-sbe89"}
{"time": "2026-09-06T23:25:21+00:00", "post": "2014-02-22-google-scholar-will-count-a-blog-post-as-an-article-if-its-cited-a-preservation-suggesstion.md", "status": "updated", "id": "ya012-frd71", "live_url": "https://works.hcommons.org/records/ya012-frd71"}
{"time": "2026-09-06T23:25:36+00:00", "post": "2014-02-24-modularizing-the-metypeset-typesetter-for-the-user-interface-phase.md", "status": "updated", "id": "0c81v-gxc30", "live_url": "https://works.hcommons.org/records/0c81v-gxc30"}
{"time": "2026-09-06T23:25:51+00:00", "post": "2014-02-25-predatory-publishers-not-just-oa-and-who-loses-out.md", "status": "updated", "id": "gzkym-nq264", "live_url": "https://works.hcommons.org/records/gzkym-nq264"}
{"time": "2026-09-06T23:26:06+00:00", "post": "2014-02-26-mathml-support-in-the-metypeset-typesetter.md", "status": "updated", "id": "j2r0w-m7n18", "live_url": "https://works.hcommons.org/records/j2r0w-m7n18"}
{"time": "2026-09-06T23:26:20+00:00", "post": "2014-02-27-debugging-metypeset-using-a-git-filesystem.md", "status": "updated", "id": "mh2ep-w5730", "live_url": "https://works.hcommons.org/records/mh2ep-w5730"}
{"time": "2026-09-06T23:26:35+00:00", "post": "2014-03-06-who-owns-a-prezi.md", "status": "updated", "id": "nydw7-pyt78", "live_url": "https://works.hcommons.org/records/nydw7-pyt78"}
{"time": "2026-09-06T23:26:50+00:00", "post": "2014-03-10-scholars-and-scientists-who-work-in-languages-other-than-english-please-help.md", "status": "updated", "id": "bx663-0dv37", "live_url": "https://works.hcommons.org/records/bx663-0dv37"}
{"time": "2026-09-06T23:27:04+00:00", "post": "2014-03-31-hefces-post-2014-open-access-policy-the-short-what-you-need-to-know-version.md", "status": "updated", "id": "89v1p-ym328", "live_url": "https://works.hcommons.org/records/89v1p-ym328"}
{"time": "2026-09-06T23:27:19+00:00", "post": "2014-04-01-why-oa-mandates-dont-compromise-academic-freedom.md", "status": "updated", "id": "xvsgs-yxj44", "live_url": "https://works.hcommons.org/records/xvsgs-yxj44"}
{"time": "2026-09-06T23:27:34+00:00", "post": "2014-04-07-funding-for-the-open-library-of-humanities-from-the-andrew-w-mellon-foundation.md", "status": "updated", "id": "ccyg7-94e20", "live_url": "https://works.hcommons.org/records/ccyg7-94e20"}
{"time": "2026-09-06T23:27:48+00:00", "post": "2014-04-10-book-pynchon-and-philosophy-wittgenstein-foucault-and-adorno.md", "status": "updated", "id": "6zwz4-n7448", "live_url": "https://works.hcommons.org/records/6zwz4-n7448"}
{"time": "2026-09-06T23:28:02+00:00", "post": "2014-04-15-enabling-a-triple-head-3-monitor-setup-on-linux-mint-16-petra-with-two-nvidia-cards.md", "status": "updated", "id": "fd38c-xg869", "live_url": "https://works.hcommons.org/records/fd38c-xg869"}
{"time": "2026-09-06T23:28:17+00:00", "post": "2014-04-17-what-do-we-mean-by-the-standing-and-reach-of-research.md", "status": "updated", "id": "h3hj5-7em06", "live_url": "https://works.hcommons.org/records/h3hj5-7em06"}
{"time": "2026-09-06T23:28:32+00:00", "post": "2014-05-03-two-free-copies-of-pynchon-and-philosophy-to-win-andor-a-25-discount.md", "status": "updated", "id": "hdmv7-sqm50", "live_url": "https://works.hcommons.org/records/hdmv7-sqm50"}
{"time": "2026-09-06T23:28:46+00:00", "post": "2014-06-03-a-research-tool-i-want-but-probably-wont-get-cross-referenceintersect-bibliographies-of-books-and-articles.md", "status": "updated", "id": "v2kj2-3cw34", "live_url": "https://works.hcommons.org/records/v2kj2-3cw34"}
{"time": "2026-09-06T23:29:01+00:00", "post": "2014-06-04-ann-wordsworth-critical-theory-faculty-contingency-and-the-university-in-ruins.md", "status": "updated", "id": "f1q12-35b14", "live_url": "https://works.hcommons.org/records/f1q12-35b14"}
{"time": "2026-09-06T23:29:16+00:00", "post": "2014-06-19-my-short-additional-response-to-the-hefce-metrics-consultation.md", "status": "updated", "id": "d21y8-axn28", "live_url": "https://works.hcommons.org/records/d21y8-axn28"}
{"time": "2026-09-06T23:29:30+00:00", "post": "2014-06-22-typesetting-jats-bibliographies-using-csl-and-zotero.md", "status": "updated", "id": "97c82-xkx16", "live_url": "https://works.hcommons.org/records/97c82-xkx16"}
{"time": "2026-09-06T23:29:45+00:00", "post": "2014-06-23-dumping-jats-from-zotero.md", "status": "updated", "id": "gpq8j-jzp52", "live_url": "https://works.hcommons.org/records/gpq8j-jzp52"}
{"time": "2026-09-06T23:30:00+00:00", "post": "2014-07-02-historicizing-the-iraq-war-in-don-delillos-point-omega-preprint-forthcoming-in-journal-of-american-studies.md", "status": "updated", "id": "va4vs-aaw66", "live_url": "https://works.hcommons.org/records/va4vs-aaw66"}
{"time": "2026-09-06T23:30:15+00:00", "post": "2014-07-05-semantically-marking-up-jats-bibliographies-using-metypeset-and-zotero.md", "status": "updated", "id": "c3vhy-t6j32", "live_url": "https://works.hcommons.org/records/c3vhy-t6j32"}
{"time": "2026-09-06T23:30:29+00:00", "post": "2014-08-05-publication-all-that-glisters-investigating-collective-funding-mechanisms-for-gold-open-access-in-humanities-disciplines.md", "status": "updated", "id": "s7p2b-w0652", "live_url": "https://works.hcommons.org/records/s7p2b-w0652"}
{"time": "2026-09-06T23:30:44+00:00", "post": "2014-08-14-publication-historicizing-the-iraq-war-in-don-delillos-point-omega.md", "status": "updated", "id": "cbgzc-ngd46", "live_url": "https://works.hcommons.org/records/cbgzc-ngd46"}
{"time": "2026-09-06T23:30:58+00:00", "post": "2014-08-27-the-ice-bucket-challenge-and-the-waste-of-water-critique.md", "status": "updated", "id": "j6483-g6561", "live_url": "https://works.hcommons.org/records/j6483-g6561"}
{"time": "2026-09-06T23:31:13+00:00", "post": "2014-09-01-forthcoming-book-open-access-and-the-humanities-contexts-controversies-and-the-future-cambridge-up-2014.md", "status": "updated", "id": "pf1ea-xmq27", "live_url": "https://works.hcommons.org/records/pf1ea-xmq27"}
{"time": "2026-09-06T23:31:28+00:00", "post": "2014-09-03-does-amazon-kill-a-revenue-channel-for-open-access-monographs.md", "status": "updated", "id": "v26ph-n7e46", "live_url": "https://works.hcommons.org/records/v26ph-n7e46"}
{"time": "2026-09-06T23:31:42+00:00", "post": "2014-09-03-why-do-some-academic-publishers-think-they-should-charge-extra-for-more-liberal-licenses-cc-by.md", "status": "updated", "id": "htbxt-9zk71", "live_url": "https://works.hcommons.org/records/htbxt-9zk71"}
{"time": "2026-09-06T23:31:56+00:00", "post": "2014-09-04-whats-so-moral-about-the-moral-rights-of-copyright-for-academics.md", "status": "updated", "id": "y4wrk-w9z35", "live_url": "https://works.hcommons.org/records/y4wrk-w9z35"}
{"time": "2026-09-06T23:32:11+00:00", "post": "2014-09-05-ranciere-misreading-kautsky.md", "status": "updated", "id": "m8csk-1jb49", "live_url": "https://works.hcommons.org/records/m8csk-1jb49"}
{"time": "2026-09-06T23:32:26+00:00", "post": "2014-09-05-things-academia-edu-academia-should-do-hint-work-with-green-oa.md", "status": "updated", "id": "1j8ek-pqm32", "live_url": "https://works.hcommons.org/records/1j8ek-pqm32"}
{"time": "2026-09-06T23:32:40+00:00", "post": "2014-09-08-university-presses-and-commercial-publishers-should-start-offering-green-oa-for-monographs.md", "status": "updated", "id": "c0488-fjy50", "live_url": "https://works.hcommons.org/records/c0488-fjy50"}
{"time": "2026-09-06T23:32:54+00:00", "post": "2014-09-13-is-open-access-a-solution-without-a-problem-for-the-humanities.md", "status": "updated", "id": "z3ya8-t6m94", "live_url": "https://works.hcommons.org/records/z3ya8-t6m94"}
{"time": "2026-09-06T23:33:09+00:00", "post": "2014-10-04-pondering-a-solution-to-the-problem-of-learned-societies-and-the-transition-to-open-access.md", "status": "updated", "id": "bs68s-6dh61", "live_url": "https://works.hcommons.org/records/bs68s-6dh61"}
{"time": "2026-09-06T23:33:23+00:00", "post": "2014-11-05-discussingannotating-the-history-manifesto-and-the-open-access-effect.md", "status": "updated", "id": "scgrn-0cj06", "live_url": "https://works.hcommons.org/records/scgrn-0cj06"}
{"time": "2026-09-06T23:33:38+00:00", "post": "2014-11-12-universities-dh-the-crowd-and-labour-that-looks-like-a-game.md", "status": "updated", "id": "78vfs-hm761", "live_url": "https://works.hcommons.org/records/78vfs-hm761"}
{"time": "2026-09-06T23:33:54+00:00", "post": "2014-11-22-above-and-beyond-good-and-bad-surpluses-in-academic-publishing.md", "status": "updated", "id": "6d3pb-ke332", "live_url": "https://works.hcommons.org/records/6d3pb-ke332"}
{"time": "2026-09-06T23:34:08+00:00", "post": "2014-11-23-current-working-music.md", "status": "updated", "id": "gt14w-hv360", "live_url": "https://works.hcommons.org/records/gt14w-hv360"}
{"time": "2026-09-06T23:34:22+00:00", "post": "2014-11-27-book-open-access-and-the-humanities.md", "status": "updated", "id": "gs4qd-hrp32", "live_url": "https://works.hcommons.org/records/gs4qd-hrp32"}
{"time": "2026-09-06T23:34:36+00:00", "post": "2014-12-01-the-tension-between-dissemination-and-measurement.md", "status": "updated", "id": "2djet-mhp49", "live_url": "https://works.hcommons.org/records/2djet-mhp49"}
{"time": "2026-09-06T23:34:51+00:00", "post": "2014-12-10-gold-open-access-and-article-processing-charges.md", "status": "updated", "id": "9b01w-wv462", "live_url": "https://works.hcommons.org/records/9b01w-wv462"}
{"time": "2026-09-06T23:35:06+00:00", "post": "2014-12-15-webinar-to-talk-open-access-with-mweller.md", "status": "updated", "id": "17hav-y2a04", "live_url": "https://works.hcommons.org/records/17hav-y2a04"}
{"time": "2026-09-06T23:35:20+00:00", "post": "2014-12-16-my-2014-round-up.md", "status": "updated", "id": "mtnzy-bhb96", "live_url": "https://works.hcommons.org/records/mtnzy-bhb96"}
{"time": "2026-09-06T23:35:35+00:00", "post": "2014-12-19-tied-to-the-mast-a-response-to-rmss-principles-for-loyal-computers.md", "status": "updated", "id": "s0bsy-nsh89", "live_url": "https://works.hcommons.org/records/s0bsy-nsh89"}
{"time": "2026-09-06T23:35:50+00:00", "post": "2015-01-15-metrics-in-the-humanities.md", "status": "updated", "id": "ded64-bah26", "live_url": "https://works.hcommons.org/records/ded64-bah26"}
{"time": "2026-09-06T23:36:04+00:00", "post": "2015-01-19-foucauldian-methodologies-for-considering-emerging-archives.md", "status": "updated", "id": "8tqwr-q0e91", "live_url": "https://works.hcommons.org/records/8tqwr-q0e91"}
{"time": "2026-09-06T23:36:18+00:00", "post": "2015-01-20-being-called-to-account-tax-considerations-for-uk-based-collectively-funded-open-access-publishers.md", "status": "updated", "id": "5qf14-4ek08", "live_url": "https://works.hcommons.org/records/5qf14-4ek08"}
{"time": "2026-09-06T23:36:32+00:00", "post": "2015-01-22-the-hefce-report-on-open-access-monographs-some-reflections.md", "status": "updated", "id": "27ccg-ypg58", "live_url": "https://works.hcommons.org/records/27ccg-ypg58"}
{"time": "2026-09-06T23:36:47+00:00", "post": "2015-01-31-on-open-access-books-and-double-dipping.md", "status": "updated", "id": "t5j6k-vfq66", "live_url": "https://works.hcommons.org/records/t5j6k-vfq66"}
{"time": "2026-09-06T23:37:03+00:00", "post": "2015-02-06-financing-for-free-driven-gold-open-access.md", "status": "updated", "id": "kae85-gza70", "live_url": "https://works.hcommons.org/records/kae85-gza70"}
{"time": "2026-09-06T23:37:17+00:00", "post": "2015-02-14-how-can-elsevier-claim-that-its-oa-revenue-stream-is-separate-from-subscriptions-in-a-hybrid-environment.md", "status": "updated", "id": "dwft2-ptn92", "live_url": "https://works.hcommons.org/records/dwft2-ptn92"}
{"time": "2026-09-06T23:37:31+00:00", "post": "2015-02-15-the-anxiety-of-academia-academics-legitimation-and-discipline-in-contemporary-metafiction.md", "status": "updated", "id": "kyg0d-kh342", "live_url": "https://works.hcommons.org/records/kyg0d-kh342"}
{"time": "2026-09-06T23:37:46+00:00", "post": "2015-02-27-ethics-of-a-journals-surplus.md", "status": "updated", "id": "k8j66-1mj61", "live_url": "https://works.hcommons.org/records/k8j66-1mj61"}
{"time": "2026-09-06T23:38:00+00:00", "post": "2015-03-05-publication-co-operating-for-gold-open-access-without-apcs.md", "status": "updated", "id": "9yyek-ag073", "live_url": "https://works.hcommons.org/records/9yyek-ag073"}
{"time": "2026-09-06T23:38:15+00:00", "post": "2015-04-12-it-is-never-a-good-time-to-start-a-new-journal.md", "status": "updated", "id": "egvyq-wa843", "live_url": "https://works.hcommons.org/records/egvyq-wa843"}
{"time": "2026-09-06T23:38:29+00:00", "post": "2015-05-01-moving-to-birkbeck.md", "status": "updated", "id": "dpqyk-wr960", "live_url": "https://works.hcommons.org/records/dpqyk-wr960"}
{"time": "2026-09-06T23:38:44+00:00", "post": "2015-05-04-scalability-sustainability-and-market-responsiveness-in-oa.md", "status": "updated", "id": "m67hc-zn882", "live_url": "https://works.hcommons.org/records/m67hc-zn882"}
{"time": "2026-09-06T23:38:59+00:00", "post": "2015-05-13-more-on-fair-use-of-screengrabs.md", "status": "updated", "id": "d3hc0-nrn70", "live_url": "https://works.hcommons.org/records/d3hc0-nrn70"}
{"time": "2026-09-06T23:39:13+00:00", "post": "2015-05-18-some-lessons-in-writing-python-web-scrapers.md", "status": "updated", "id": "b04pr-g9t82", "live_url": "https://works.hcommons.org/records/b04pr-g9t82"}
{"time": "2026-09-06T23:39:28+00:00", "post": "2015-05-25-thoughts-in-response-to-michael-chibniks-editorial-on-oa-and-american-anthropologist.md", "status": "updated", "id": "whw1t-7gf21", "live_url": "https://works.hcommons.org/records/whw1t-7gf21"}
{"time": "2026-09-06T23:39:43+00:00", "post": "2015-05-31-flipping-journals-to-oa-while-supporting-existing-oa-publications.md", "status": "updated", "id": "7rt9m-ek173", "live_url": "https://works.hcommons.org/records/7rt9m-ek173"}
{"time": "2026-09-06T23:39:57+00:00", "post": "2015-06-17-apcs-and-uneven-distribution.md", "status": "updated", "id": "2myk5-q8a73", "live_url": "https://works.hcommons.org/records/2myk5-q8a73"}
{"time": "2026-09-06T23:40:13+00:00", "post": "2015-06-19-vint-cerf-on-digital-preservation-at-aaup-2015.md", "status": "updated", "id": "k4ae7-7mv96", "live_url": "https://works.hcommons.org/records/k4ae7-7mv96"}
{"time": "2026-09-06T23:40:28+00:00", "post": "2015-06-21-the-conservatism-of-cloud-atlas.md", "status": "updated", "id": "3hkdz-e1f84", "live_url": "https://works.hcommons.org/records/3hkdz-e1f84"}
{"time": "2026-09-06T23:40:43+00:00", "post": "2015-06-28-the-link-between-teaching-tuition-fees-and-research-publication-economics.md", "status": "updated", "id": "53qsq-kny77", "live_url": "https://works.hcommons.org/records/53qsq-kny77"}
{"time": "2026-09-06T23:40:58+00:00", "post": "2015-07-04-he-doesnt-talk-politics-any-more-politics-and-postmodernism-morality-and-metafiction-nihilism-and-the-novel.md", "status": "updated", "id": "ynn0v-y9592", "live_url": "https://works.hcommons.org/records/ynn0v-y9592"}
{"time": "2026-09-06T23:41:13+00:00", "post": "2015-07-16-the-politics-of-style-on-styleguides-in-scholarly-communications.md", "status": "updated", "id": "5ycbf-ywt51", "live_url": "https://works.hcommons.org/records/5ycbf-ywt51"}
{"time": "2026-09-06T23:41:27+00:00", "post": "2015-07-20-building-a-real-xml-first-workflow-for-scholarly-typesetting.md", "status": "updated", "id": "02sk1-hdq56", "live_url": "https://works.hcommons.org/records/02sk1-hdq56"}
{"time": "2026-09-06T23:41:42+00:00", "post": "2015-07-23-cassius-a-pdf-typesetter-using-css-regions-via-polyfill.md", "status": "updated", "id": "bp2dw-ry662", "live_url": "https://works.hcommons.org/records/bp2dw-ry662"}
{"time": "2026-09-06T23:41:57+00:00", "post": "2015-07-24-getting-started-typesetting-with-cassius.md", "status": "updated", "id": "7ny2j-ge959", "live_url": "https://works.hcommons.org/records/7ny2j-ge959"}
{"time": "2026-09-06T23:42:12+00:00", "post": "2015-08-07-fix-some-of-your-writing-tics-with-a-bit-of-technology.md", "status": "updated", "id": "5shdt-1zc57", "live_url": "https://works.hcommons.org/records/5shdt-1zc57"}
{"time": "2026-09-06T23:42:27+00:00", "post": "2015-08-19-additional-contexts-for-reading-the-emergence-of-new-UK-university-presses.md", "status": "updated", "id": "1ftqp-9c264", "live_url": "https://works.hcommons.org/records/1ftqp-9c264"}
{"time": "2026-09-06T23:42:41+00:00", "post": "2015-08-22-researchers-are-altering-their-methods-because-of-uncertainty-over-creative-commons-licenses.md", "status": "updated", "id": "wtf94-58n55", "live_url": "https://works.hcommons.org/records/wtf94-58n55"}
{"time": "2026-09-06T23:42:56+00:00", "post": "2015-09-06-a-final-example-to-show-that-misquotation-is-nothing-to-do-with-open-licensing.md", "status": "updated", "id": "h40r6-0sz87", "live_url": "https://works.hcommons.org/records/h40r6-0sz87"}
{"time": "2026-09-06T23:43:11+00:00", "post": "2015-09-09-speculations-on-jo-johnsons-he-talk.md", "status": "updated", "id": "tx8am-gpj95", "live_url": "https://works.hcommons.org/records/tx8am-gpj95"}
{"time": "2026-09-06T23:43:25+00:00", "post": "2015-09-18-its-not-about-stifling-academic-freedom.md", "status": "updated", "id": "f19v4-9dn31", "live_url": "https://works.hcommons.org/records/f19v4-9dn31"}
{"time": "2026-09-06T23:43:40+00:00", "post": "2015-10-11-quasi-objects.md", "status": "updated", "id": "hwdh0-9p879", "live_url": "https://works.hcommons.org/records/hwdh0-9p879"}
{"time": "2026-09-06T23:43:54+00:00", "post": "2015-10-26-academiaedus-peer-review-experiments.md", "status": "updated", "id": "ws10e-m9e13", "live_url": "https://works.hcommons.org/records/ws10e-m9e13"}
{"time": "2026-09-06T23:44:08+00:00", "post": "2015-10-30-jo-johnson-your-proposals-for-british-higher-education-will-not-yield-the-competitiveness-you-seek.md", "status": "updated", "id": "jfap0-nj143", "live_url": "https://works.hcommons.org/records/jfap0-nj143"}
{"time": "2026-09-06T23:44:23+00:00", "post": "2015-11-03-new-review-published-of-joanna-freer-thomas-pynchon-and-the-american-counterculture.md", "status": "updated", "id": "vt5ka-hzq22", "live_url": "https://works.hcommons.org/records/vt5ka-hzq22"}
{"time": "2026-09-06T23:44:38+00:00", "post": "2015-11-05-clarifying-a-few-facts-for-elsevier-and-their-response-to-lingua.md", "status": "updated", "id": "ge852-ttt86", "live_url": "https://works.hcommons.org/records/ge852-ttt86"}
{"time": "2026-09-06T23:44:52+00:00", "post": "2015-11-08-what-tef-is-really-for.md", "status": "updated", "id": "qssgd-3pp65", "live_url": "https://works.hcommons.org/records/qssgd-3pp65"}
{"time": "2026-09-06T23:45:07+00:00", "post": "2015-11-17-some-numbers-on-book-processing-charge-scalability.md", "status": "updated", "id": "v3499-gr897", "live_url": "https://works.hcommons.org/records/v3499-gr897"}
{"time": "2026-09-06T23:45:22+00:00", "post": "2015-11-18-bis-metrics-and-non-selective-qr-allocation.md", "status": "updated", "id": "g0rhx-gwj91", "live_url": "https://works.hcommons.org/records/g0rhx-gwj91"}
{"time": "2026-09-06T23:45:36+00:00", "post": "2015-11-21-he-green-paper-response-to-question-1.md", "status": "updated", "id": "mgr5j-9g213", "live_url": "https://works.hcommons.org/records/mgr5j-9g213"}
{"time": "2026-09-06T23:45:50+00:00", "post": "2015-11-21-he-green-paper-response-to-question-2.md", "status": "updated", "id": "8kz9s-hd121", "live_url": "https://works.hcommons.org/records/8kz9s-hd121"}
{"time": "2026-09-06T23:46:04+00:00", "post": "2015-11-29-he-green-paper-response-to-question-10.md", "status": "updated", "id": "ynynz-9qk60", "live_url": "https://works.hcommons.org/records/ynynz-9qk60"}
{"time": "2026-09-06T23:46:19+00:00", "post": "2015-12-02-he-green-paper-response-to-question-14.md", "status": "updated", "id": "823d5-6tk88", "live_url": "https://works.hcommons.org/records/823d5-6tk88"}
{"time": "2026-09-06T23:46:33+00:00", "post": "2015-12-06-he-green-paper-response-to-question-15.md", "status": "updated", "id": "hqe7k-0vh21", "live_url": "https://works.hcommons.org/records/hqe7k-0vh21"}
{"time": "2026-09-06T23:46:48+00:00", "post": "2015-12-06-he-green-paper-response-to-question-16.md", "status": "updated", "id": "2jekc-fbp70", "live_url": "https://works.hcommons.org/records/2jekc-fbp70"}
{"time": "2026-09-06T23:47:02+00:00", "post": "2015-12-14-auto-renewing-ssl-certificates-with-letsencrypt.md", "status": "updated", "id": "dmkmr-27638", "live_url": "https://works.hcommons.org/records/dmkmr-27638"}
{"time": "2026-09-06T23:47:17+00:00", "post": "2015-12-17-my-2015-academic-year-in-review.md", "status": "updated", "id": "abgq2-qhg28", "live_url": "https://works.hcommons.org/records/abgq2-qhg28"}
{"time": "2026-09-06T23:47:31+00:00", "post": "2015-12-24-visualizing-textual-variancegenetics-with-sankeyvariant.md", "status": "updated", "id": "yzwgp-95738", "live_url": "https://works.hcommons.org/records/yzwgp-95738"}
{"time": "2026-09-06T23:47:46+00:00", "post": "2015-12-28-internal-review-of-foi201525797.md", "status": "updated", "id": "xx8td-2h875", "live_url": "https://works.hcommons.org/records/xx8td-2h875"}
{"time": "2026-09-06T23:48:02+00:00", "post": "2016-01-06-my-response-to-the-he-green-paper.md", "status": "updated", "id": "wgjfh-hv377", "live_url": "https://works.hcommons.org/records/wgjfh-hv377"}
{"time": "2026-09-06T23:48:16+00:00", "post": "2016-01-07-the-uk-copyright-exemption-for-text-and-data-mining-vs-the-dmca.md", "status": "updated", "id": "01s71-78212", "live_url": "https://works.hcommons.org/records/01s71-78212"}
{"time": "2026-09-06T23:48:31+00:00", "post": "2016-01-11-the-methodology-of-literary-taxonomy-harking-and-p-hacking.md", "status": "updated", "id": "5y2ac-yms36", "live_url": "https://works.hcommons.org/records/5y2ac-yms36"}
{"time": "2026-09-06T23:48:45+00:00", "post": "2016-01-22-phd-criterion-to-merit-publication.md", "status": "updated", "id": "54afq-yd126", "live_url": "https://works.hcommons.org/records/54afq-yd126"}
{"time": "2026-09-06T23:48:59+00:00", "post": "2016-01-30-institutional-finance-and-academic-freedom.md", "status": "updated", "id": "n1d1r-qp284", "live_url": "https://works.hcommons.org/records/n1d1r-qp284"}
{"time": "2026-09-06T23:49:14+00:00", "post": "2016-02-12-professor-of-literature-technology-and-publishing.md", "status": "updated", "id": "yf3qg-69078", "live_url": "https://works.hcommons.org/records/yf3qg-69078"}
{"time": "2026-09-06T23:49:29+00:00", "post": "2016-02-13-looking-back-on-my-early-visualizations-of-gravitys-rainbow.md", "status": "updated", "id": "w6dqm-r6x16", "live_url": "https://works.hcommons.org/records/w6dqm-r6x16"}
{"time": "2026-09-06T23:49:43+00:00", "post": "2016-02-15-accreditation-and-research-assessment-practices.md", "status": "updated", "id": "3awa7-x4s42", "live_url": "https://works.hcommons.org/records/3awa7-x4s42"}
{"time": "2026-09-06T23:49:58+00:00", "post": "2016-02-16-understanding-ofquals-inter-subject-comparability-rasch-model-tests-for-easyhard-subjects-at-gcse-and-a-level.md", "status": "updated", "id": "hwp02-wer32", "live_url": "https://works.hcommons.org/records/hwp02-wer32"}
{"time": "2026-09-06T23:50:13+00:00", "post": "2016-02-18-REF-consultation.md", "status": "updated", "id": "bne0y-f0b48", "live_url": "https://works.hcommons.org/records/bne0y-f0b48"}
{"time": "2026-09-06T23:50:28+00:00", "post": "2016-03-01-it-looks-unlikely-that-universities-are-going-to-get-out-of-the-freedom-of-information-act.md", "status": "updated", "id": "zknqr-zvc67", "live_url": "https://works.hcommons.org/records/zknqr-zvc67"}
{"time": "2026-09-06T23:50:43+00:00", "post": "2016-03-28-i-am-currently-off-work-having-suffered-cerebral-vasculitis-and-a-stroke.md", "status": "updated", "id": "3xvg7-fjj59", "live_url": "https://works.hcommons.org/records/3xvg7-fjj59"}
{"time": "2026-09-06T23:50:58+00:00", "post": "2016-04-07-open-access-in-a-time-of-illness.md", "status": "updated", "id": "8vsbd-a1313", "live_url": "https://works.hcommons.org/records/8vsbd-a1313"}
{"time": "2026-09-06T23:51:12+00:00", "post": "2016-04-16-the-faber-finds-edition-of-rex-warners-the-professor.md", "status": "updated", "id": "2pj5b-q5y25", "live_url": "https://works.hcommons.org/records/2pj5b-q5y25"}
{"time": "2026-09-06T23:51:27+00:00", "post": "2016-04-27-embargoing-metadata.md", "status": "updated", "id": "stqef-jy427", "live_url": "https://works.hcommons.org/records/stqef-jy427"}
{"time": "2026-09-06T23:51:41+00:00", "post": "2016-05-03-overriding-hypothesiss-interface-the-right-way.md", "status": "updated", "id": "49ba0-2cf32", "live_url": "https://works.hcommons.org/records/49ba0-2cf32"}
{"time": "2026-09-06T23:51:57+00:00", "post": "2016-05-04-on-neural-networks-and-health-data-privacy.md", "status": "updated", "id": "t906p-11693", "live_url": "https://works.hcommons.org/records/t906p-11693"}
{"time": "2026-09-06T23:52:12+00:00", "post": "2016-05-04-what-elsevier-and-the-minister-for-higher-education-in-the-uk-jo-johnson-met-about.md", "status": "updated", "id": "aw21d-wxz57", "live_url": "https://works.hcommons.org/records/aw21d-wxz57"}
{"time": "2026-09-06T23:52:27+00:00", "post": "2016-05-19-reading-potter-stewart.md", "status": "updated", "id": "v33qr-v2t52", "live_url": "https://works.hcommons.org/records/v33qr-v2t52"}
{"time": "2026-09-06T23:52:42+00:00", "post": "2016-05-23-what-do-we-mean-when-we-call-scholarly-communications-platforms-sustainable.md", "status": "updated", "id": "j3107-b8b39", "live_url": "https://works.hcommons.org/records/j3107-b8b39"}
{"time": "2026-09-06T23:52:56+00:00", "post": "2016-06-19-cassius-now-supports-full-headless-pdf-creation-from-jats.md", "status": "updated", "id": "cae4m-5de48", "live_url": "https://works.hcommons.org/records/cae4m-5de48"}
{"time": "2026-09-06T23:53:11+00:00", "post": "2016-07-28-my-book-password-is-out-now.md", "status": "updated", "id": "0nfhd-9x180", "live_url": "https://works.hcommons.org/records/0nfhd-9x180"}
{"time": "2026-09-06T23:53:26+00:00", "post": "2016-07-28-the-stern-review-of-ref.md", "status": "updated", "id": "6ac50-p8679", "live_url": "https://works.hcommons.org/records/6ac50-p8679"}
{"time": "2026-09-06T23:53:41+00:00", "post": "2016-08-08-stern-and-ref-assessing-the-past-to-fund-the-future.md", "status": "updated", "id": "1033c-eax47", "live_url": "https://works.hcommons.org/records/1033c-eax47"}
{"time": "2026-09-06T23:53:55+00:00", "post": "2016-08-09-have-you-read-david-mitchells-cloud-atlas-if-so-which-of-the-two-very-different-versions.md", "status": "updated", "id": "vke3d-6fv63", "live_url": "https://works.hcommons.org/records/vke3d-6fv63"}
{"time": "2026-09-06T23:54:10+00:00", "post": "2016-08-12-computational-reading-as-reading-against-the-reader.md", "status": "updated", "id": "xmqg1-4g578", "live_url": "https://works.hcommons.org/records/xmqg1-4g578"}
{"time": "2026-09-06T23:54:26+00:00", "post": "2016-08-24-paying-it-forward-to-fund-scholarly-communications.md", "status": "updated", "id": "c5e0g-zqm59", "live_url": "https://works.hcommons.org/records/c5e0g-zqm59"}
{"time": "2026-09-06T23:54:40+00:00", "post": "2016-08-26-why-open-book-publishers-for-my-next-book.md", "status": "updated", "id": "bca6z-7j171", "live_url": "https://works.hcommons.org/records/bca6z-7j171"}
{"time": "2026-09-06T23:54:55+00:00", "post": "2016-09-14-of-latex-and-labour.md", "status": "updated", "id": "6xhrc-6a564", "live_url": "https://works.hcommons.org/records/6xhrc-6a564"}
{"time": "2026-09-06T23:55:09+00:00", "post": "2016-10-03-a-few-initial-notes-on-david-golumbias-marxism-and-open-access-in-the-humanities.md", "status": "updated", "id": "7dx3e-vwn68", "live_url": "https://works.hcommons.org/records/7dx3e-vwn68"}
{"time": "2026-09-06T23:55:24+00:00", "post": "2016-10-20-my-new-book-literature-against-criticism-is-published-today.md", "status": "updated", "id": "dvqnz-7bd66", "live_url": "https://works.hcommons.org/records/dvqnz-7bd66"}
{"time": "2026-09-06T23:55:40+00:00", "post": "2016-11-04-arguments-counter-arguments-and-political-alignments-for-and-against-open-access.md", "status": "updated", "id": "ckdam-qae04", "live_url": "https://works.hcommons.org/records/ckdam-qae04"}
{"time": "2026-09-06T23:55:54+00:00", "post": "2016-11-06-but-the-public-dont-need-access-to-humanities-research.md", "status": "updated", "id": "h3mg5-c8y87", "live_url": "https://works.hcommons.org/records/h3mg5-c8y87"}
{"time": "2026-09-06T23:56:09+00:00", "post": "2016-11-19-next-book-project-the-aesthetics-of-metadata-redaction-reference-the-archive-in-contemporary-fictionnredaction-reference-the-archive-in-contemporary-fiction.md", "status": "updated", "id": "ddjxc-vaa27", "live_url": "https://works.hcommons.org/records/ddjxc-vaa27"}
{"time": "2026-09-06T23:56:24+00:00", "post": "2016-12-03-referring-elsevierrelx-to-the-competition-and-markets-authority.md", "status": "updated", "id": "59xk6-d1m79", "live_url": "https://works.hcommons.org/records/59xk6-d1m79"}
{"time": "2026-09-06T23:56:39+00:00", "post": "2016-12-06-five-un-busted-aspects-of-the-tef.md", "status": "updated", "id": "frpxj-0tr14", "live_url": "https://works.hcommons.org/records/frpxj-0tr14"}
{"time": "2026-09-06T23:56:54+00:00", "post": "2016-12-08-points-from-my-first-reading-of-the-consultation-on-the-second-research-excellence-framework.md", "status": "updated", "id": "5fzj9-gwz58", "live_url": "https://works.hcommons.org/records/5fzj9-gwz58"}
{"time": "2026-09-06T23:57:09+00:00", "post": "2016-12-13-introducing-cemmento-a-digital-preservation-tool-for-annotations.md", "status": "updated", "id": "eqhga-pm816", "live_url": "https://works.hcommons.org/records/eqhga-pm816"}
{"time": "2026-09-06T23:57:24+00:00", "post": "2016-12-16-my-2016-academic-year-in-review.md", "status": "updated", "id": "1g9vz-qzg23", "live_url": "https://works.hcommons.org/records/1g9vz-qzg23"}
{"time": "2026-09-06T23:57:39+00:00", "post": "2017-01-01-the-rivalrous-parts-of-non-rivalrous-digital-forms.md", "status": "updated", "id": "wkanc-1nz13", "live_url": "https://works.hcommons.org/records/wkanc-1nz13"}
{"time": "2026-09-06T23:57:54+00:00", "post": "2017-01-02-learned-societies-open-access-and-paying-for-disciplinary-goods.md", "status": "updated", "id": "hqcb0-2hz87", "live_url": "https://works.hcommons.org/records/hqcb0-2hz87"}
{"time": "2026-09-06T23:58:09+00:00", "post": "2017-01-03-four-implementation-questions-about-open-access-and-monographs.md", "status": "updated", "id": "yyx3n-6k941", "live_url": "https://works.hcommons.org/records/yyx3n-6k941"}
{"time": "2026-09-06T23:58:24+00:00", "post": "2017-01-06-my-responses-to-the-consultation-on-the-second-research-excellence-framework.md", "status": "updated", "id": "26n73-axz85", "live_url": "https://works.hcommons.org/records/26n73-axz85"}
{"time": "2026-09-06T23:58:39+00:00", "post": "2017-01-16-thinking-more-about-eu-law-and-uk-copyright-exemptions.md", "status": "updated", "id": "0dkbc-5rc08", "live_url": "https://works.hcommons.org/records/0dkbc-5rc08"}
{"time": "2026-09-06T23:58:55+00:00", "post": "2017-01-19-on-responses-and-rebuttals-in-the-discipline-of-english-literature.md", "status": "updated", "id": "098t9-13m24", "live_url": "https://works.hcommons.org/records/098t9-13m24"}
{"time": "2026-09-06T23:59:09+00:00", "post": "2017-02-10-on-automatically-detecting-parenthetical-citations.md", "status": "updated", "id": "371ad-87f56", "live_url": "https://works.hcommons.org/records/371ad-87f56"}
{"time": "2026-09-06T23:59:25+00:00", "post": "2017-02-13-how-much-does-it-cost-to-run-a-small-scholarly-publisher.md", "status": "updated", "id": "bqwtr-g5m25", "live_url": "https://works.hcommons.org/records/bqwtr-g5m25"}
{"time": "2026-09-06T23:59:39+00:00", "post": "2017-02-16-judging-the-painting-research-without-the-frame-the-journal.md", "status": "updated", "id": "q3yw1-33q29", "live_url": "https://works.hcommons.org/records/q3yw1-33q29"}
{"time": "2026-09-06T23:59:54+00:00", "post": "2017-02-28-conducting-non-commercial-research-on-in-copyright-amazon-kindle-books.md", "status": "updated", "id": "zbp2j-h2q25", "live_url": "https://works.hcommons.org/records/zbp2j-h2q25"}
{"time": "2026-09-07T00:00:08+00:00", "post": "2017-03-11-on-the-economics-of-flipping-subscription-journals.md", "status": "updated", "id": "v4bcg-j1526", "live_url": "https://works.hcommons.org/records/v4bcg-j1526"}
{"time": "2026-09-07T00:00:23+00:00", "post": "2017-05-07-an-important-note-if-you-have-a-lenovo-g580.md", "status": "updated", "id": "7w5w4-xd083", "live_url": "https://works.hcommons.org/records/7w5w4-xd083"}
{"time": "2026-09-07T00:00:38+00:00", "post": "2017-05-29-lingua-refund.md", "status": "updated", "id": "523a8-ney58", "live_url": "https://works.hcommons.org/records/523a8-ney58"}
{"time": "2026-09-07T00:00:54+00:00", "post": "2017-06-11-did-thomas-pynchon-write-cow-country-stylistic-affinities-and-divergences.md", "status": "updated", "id": "3dvxd-8dv22", "live_url": "https://works.hcommons.org/records/3dvxd-8dv22"}
{"time": "2026-09-07T00:01:09+00:00", "post": "2017-06-23-dear-walt.md", "status": "updated", "id": "2e2h6-v4h13", "live_url": "https://works.hcommons.org/records/2e2h6-v4h13"}
{"time": "2026-09-07T00:01:25+00:00", "post": "2017-07-13-mediating-forms-and-free-thinking-or-on-selecting-journals.md", "status": "updated", "id": "bvtn0-0ty24", "live_url": "https://works.hcommons.org/records/bvtn0-0ty24"}
{"time": "2026-09-07T00:01:39+00:00", "post": "2017-07-21-on-ecrs-and-non-portability-of-outputs.md", "status": "updated", "id": "211tv-2sq14", "live_url": "https://works.hcommons.org/records/211tv-2sq14"}
{"time": "2026-09-07T00:01:54+00:00", "post": "2017-08-03-open-access-monographs-misrepresented.md", "status": "updated", "id": "pjc55-a7106", "live_url": "https://works.hcommons.org/records/pjc55-a7106"}
{"time": "2026-09-07T00:02:09+00:00", "post": "2017-08-21-cambridge-university-press-and-censorship.md", "status": "updated", "id": "q595j-qns40", "live_url": "https://works.hcommons.org/records/q595j-qns40"}
{"time": "2026-09-07T00:02:24+00:00", "post": "2017-12-15-my-2017-academic-year-in-review.md", "status": "updated", "id": "wx467-5s570", "live_url": "https://works.hcommons.org/records/wx467-5s570"}
{"time": "2026-09-07T00:02:39+00:00", "post": "2018-01-19-open-access-resources-and-evaluation-or-why-oa-journals-might-fare-badly-in-terms-of-usage.md", "status": "updated", "id": "xz6sn-k7y07", "live_url": "https://works.hcommons.org/records/xz6sn-k7y07"}
{"time": "2026-09-07T00:02:54+00:00", "post": "2018-02-06-who-was-responsible-for-the-toby-young-ofs-debacle.md", "status": "updated", "id": "7ttfd-hgj13", "live_url": "https://works.hcommons.org/records/7ttfd-hgj13"}
{"time": "2026-09-07T00:03:10+00:00", "post": "2018-03-03-who-does-the-work-of-implementing-dora.md", "status": "updated", "id": "4xq42-ygr86", "live_url": "https://works.hcommons.org/records/4xq42-ygr86"}
{"time": "2026-09-07T00:03:25+00:00", "post": "2018-03-20-action-short-of-a-strike-must-recognize-that-9-5-is-not-always-helpful.md", "status": "updated", "id": "638qn-ra769", "live_url": "https://works.hcommons.org/records/638qn-ra769"}
{"time": "2026-09-07T00:03:40+00:00", "post": "2018-04-01-the-tender-document-for-the-european-commissions-open-access-platform-asks-for-an-awful-lot.md", "status": "updated", "id": "ekk18-8e641", "live_url": "https://works.hcommons.org/records/ekk18-8e641"}
{"time": "2026-09-07T00:03:56+00:00", "post": "2018-04-02-the-OA-mandate.md", "status": "updated", "id": "7vyj1-gzy56", "live_url": "https://works.hcommons.org/records/7vyj1-gzy56"}
{"time": "2026-09-07T00:04:12+00:00", "post": "2018-04-05-thoughts-on-the-UUK-offer.md", "status": "updated", "id": "mzdh1-r6k75", "live_url": "https://works.hcommons.org/records/mzdh1-r6k75"}
{"time": "2026-09-07T00:04:26+00:00", "post": "2018-05-09-some-critiques-of-metamodernism.md", "status": "updated", "id": "79aks-wcn90", "live_url": "https://works.hcommons.org/records/79aks-wcn90"}
{"time": "2026-09-07T00:04:41+00:00", "post": "2018-06-03-transparency-agendas-are-used-to-legislate-against-consortial-open-access-models.md", "status": "updated", "id": "mjkzn-w0077", "live_url": "https://works.hcommons.org/records/mjkzn-w0077"}
{"time": "2026-09-07T00:04:56+00:00", "post": "2018-07-01-where-we-are-with-the-oa-monograph-mandate-for-the-third-research-excellence-framework.md", "status": "updated", "id": "0ytr6-r0m18", "live_url": "https://works.hcommons.org/records/0ytr6-r0m18"}
{"time": "2026-09-07T00:05:11+00:00", "post": "2018-07-02-the-real-ethics-of-AI-are-about-the-labour-underpinning-it.md", "status": "updated", "id": "xvs3p-0qh26", "live_url": "https://works.hcommons.org/records/xvs3p-0qh26"}
{"time": "2026-09-07T00:05:27+00:00", "post": "2018-08-07-open-source-patents.md", "status": "updated", "id": "f2gg2-6ya18", "live_url": "https://works.hcommons.org/records/f2gg2-6ya18"}
{"time": "2026-09-07T00:05:42+00:00", "post": "2018-10-03-on-the-practical-implementation-of-plan-s.md", "status": "updated", "id": "2tdhh-2t504", "live_url": "https://works.hcommons.org/records/2tdhh-2t504"}
{"time": "2026-09-07T00:05:57+00:00", "post": "2018-10-23-jottings-on-academic-freedom-and-plan-s.md", "status": "updated", "id": "hdcsk-rym79", "live_url": "https://works.hcommons.org/records/hdcsk-rym79"}
{"time": "2026-09-07T00:06:13+00:00", "post": "2018-12-14-my-2018-in-review.md", "status": "updated", "id": "x0txm-bcn33", "live_url": "https://works.hcommons.org/records/x0txm-bcn33"}
{"time": "2026-09-07T00:06:28+00:00", "post": "2019-01-17-comments-on-the-interim-royal-historical-society-response-to-plan-s.md", "status": "updated", "id": "ejtbm-gwd26", "live_url": "https://works.hcommons.org/records/ejtbm-gwd26"}
{"time": "2026-09-07T00:06:43+00:00", "post": "2019-01-21-my-draft-plan-s-implementation-guidance-feedback.md", "status": "updated", "id": "fjva5-bxv42", "live_url": "https://works.hcommons.org/records/fjva5-bxv42"}
{"time": "2026-09-07T00:06:58+00:00", "post": "2019-01-24-a-little-more-on-defamation-and-cc-by.md", "status": "updated", "id": "dmnna-axs79", "live_url": "https://works.hcommons.org/records/dmnna-axs79"}
{"time": "2026-09-07T00:07:13+00:00", "post": "2019-02-07-how-to-read-a-blank-page.md", "status": "updated", "id": "w3nh8-q3f22", "live_url": "https://works.hcommons.org/records/w3nh8-q3f22"}
{"time": "2026-09-07T00:07:28+00:00", "post": "2019-03-16-digital-ways-of-looking.md", "status": "updated", "id": "rvr41-myy87", "live_url": "https://works.hcommons.org/records/rvr41-myy87"}
{"time": "2026-09-07T00:07:44+00:00", "post": "2019-03-29-on-music-tici-taci-and-a-new-release.md", "status": "updated", "id": "a6v4j-tby97", "live_url": "https://works.hcommons.org/records/a6v4j-tby97"}
{"time": "2026-09-07T00:08:03+00:00", "post": "2019-04-09-learned-societies-and-plan-s-report.md", "status": "updated", "id": "sh2m6-j2v04", "live_url": "https://works.hcommons.org/records/sh2m6-j2v04"}
{"time": "2026-09-07T00:08:17+00:00", "post": "2019-04-26-running-the-presonus-quantum-interfaces-on-windows-7.md", "status": "updated", "id": "571h2-cc647", "live_url": "https://works.hcommons.org/records/571h2-cc647"}
{"time": "2026-09-07T00:08:32+00:00", "post": "2019-04-26-the-learning-experience-out-today-on-tici-taci-and-my-book-has-gone-to-print-at-stanford-university-press.md", "status": "updated", "id": "4k8rt-nqj10", "live_url": "https://works.hcommons.org/records/4k8rt-nqj10"}
{"time": "2026-09-07T00:08:48+00:00", "post": "2019-05-21-text-of-digital-library-futures-keynote-cambridge-21st-may-2019.md", "status": "updated", "id": "ksf8h-1yr74", "live_url": "https://works.hcommons.org/records/ksf8h-1yr74"}
{"time": "2026-09-07T00:09:05+00:00", "post": "2019-05-23-academic-prestige-and-institutional-solvency.md", "status": "updated", "id": "vbpyy-mmb90", "live_url": "https://works.hcommons.org/records/vbpyy-mmb90"}
{"time": "2026-09-07T00:09:20+00:00", "post": "2019-05-24-instrumental-reading.md", "status": "updated", "id": "1sfgg-2e534", "live_url": "https://works.hcommons.org/records/1sfgg-2e534"}
{"time": "2026-09-07T00:09:35+00:00", "post": "2019-06-01-what-size-should-my-music-studio-be.md", "status": "updated", "id": "gznwp-z3t60", "live_url": "https://works.hcommons.org/records/gznwp-z3t60"}
{"time": "2026-09-07T00:09:50+00:00", "post": "2019-06-04-close-reading-with-computers-is-published-today-and-next-projects.md", "status": "updated", "id": "y92w6-dd458", "live_url": "https://works.hcommons.org/records/y92w6-dd458"}
{"time": "2026-09-07T00:10:05+00:00", "post": "2019-07-24-the-british-academy-response-misrepresents-plan-s-and-oa.md", "status": "updated", "id": "bqkh7-czb13", "live_url": "https://works.hcommons.org/records/bqkh7-czb13"}
{"time": "2026-09-07T00:10:20+00:00", "post": "2019-08-03-elsevier-threatens-others-for-linking-to-sci-hub-but-does-it-itself.md", "status": "updated", "id": "vbc0q-8fa97", "live_url": "https://works.hcommons.org/records/vbc0q-8fa97"}
{"time": "2026-09-07T00:10:35+00:00", "post": "2019-09-04-when-infrastructural-support-clashes-with-dora-and-good-research-assessment-practices.md", "status": "updated", "id": "pcvdd-hhw64", "live_url": "https://works.hcommons.org/records/pcvdd-hhw64"}
{"time": "2026-09-07T00:10:50+00:00", "post": "2019-09-17-learned-societies-open-access-and-budgetary-cross-subsidy.md", "status": "updated", "id": "nr9gz-qxd96", "live_url": "https://works.hcommons.org/records/nr9gz-qxd96"}
{"time": "2026-09-07T00:11:05+00:00", "post": "2019-09-19-the-problems-of-unit-costs-per-article.md", "status": "updated", "id": "h5cm7-mk428", "live_url": "https://works.hcommons.org/records/h5cm7-mk428"}
{"time": "2026-09-07T00:11:19+00:00", "post": "2019-09-22-a-thought-experiment-do-we-really-care-about-the-type-of-scholarly-publishing-entity.md", "status": "updated", "id": "qffb2-8jj77", "live_url": "https://works.hcommons.org/records/qffb2-8jj77"}
{"time": "2026-09-07T00:11:34+00:00", "post": "2019-10-14-i-have-won-the-2019-philip-leverhulme-prizei-have-won-the-2019-philip-leverhulme-prizei-have-won-the-2019-philip-leverhulme-prize.md", "status": "updated", "id": "s0vb8-hcr57", "live_url": "https://works.hcommons.org/records/s0vb8-hcr57"}
{"time": "2026-09-07T00:11:49+00:00", "post": "2019-10-24-a-brief-note-on-the-rhs-plan-s-report.md", "status": "updated", "id": "a9hmy-zrn09", "live_url": "https://works.hcommons.org/records/a9hmy-zrn09"}
{"time": "2026-09-07T00:12:04+00:00", "post": "2019-12-02-the-first-oa-liberated-article-from-my-leverhulme-prize.md", "status": "updated", "id": "ty77b-42e39", "live_url": "https://works.hcommons.org/records/ty77b-42e39"}
{"time": "2026-09-07T00:12:19+00:00", "post": "2019-12-04-the-second-oa-liberated-article-from-my-leverhulme-prize-natural-language-generation-and-authorial-labour.md", "status": "updated", "id": "pzdzd-1b057", "live_url": "https://works.hcommons.org/records/pzdzd-1b057"}
{"time": "2026-09-07T00:12:33+00:00", "post": "2019-12-11-an-irony-of-the-hierarchy-of-journals.md", "status": "updated", "id": "9xgz4-mxz85", "live_url": "https://works.hcommons.org/records/9xgz4-mxz85"}
{"time": "2026-09-07T00:12:48+00:00", "post": "2019-12-12-the-new-ref-individual-circumstances-setup-the-good-and-the-bad.md", "status": "updated", "id": "zfwfn-abt48", "live_url": "https://works.hcommons.org/records/zfwfn-abt48"}
{"time": "2026-09-07T00:13:02+00:00", "post": "2019-12-14-my-2019-in-review.md", "status": "updated", "id": "3q61f-b0t89", "live_url": "https://works.hcommons.org/records/3q61f-b0t89"}
{"time": "2026-09-07T00:13:17+00:00", "post": "2020-01-03-accelerating-synology-raid-6-reshapes.md", "status": "updated", "id": "23f98-zae23", "live_url": "https://works.hcommons.org/records/23f98-zae23"}
{"time": "2026-09-07T00:14:26+00:00", "post": "2020-01-30-a-hypothesis-kernel-function-density-estimation-and-graphing-may-predict-literary-critical-attention.md", "status": "updated", "id": "167hq-prv95", "live_url": "https://works.hcommons.org/records/167hq-prv95"}
{"time": "2026-09-07T00:14:41+00:00", "post": "2020-02-14-open-access-monographs-and-the-ref-after-ref-2021.md", "status": "updated", "id": "78z8p-p9f77", "live_url": "https://works.hcommons.org/records/78z8p-p9f77"}
{"time": "2026-09-07T00:14:55+00:00", "post": "2020-02-27-my-draft-response-to-the-ukri-oa-consultation.md", "status": "updated", "id": "tnkgh-nms44", "live_url": "https://works.hcommons.org/records/tnkgh-nms44"}
{"time": "2026-09-07T00:15:11+00:00", "post": "2020-03-14-i4oc-open-citations-implementation-in-janeway.md", "status": "updated", "id": "espb4-tk929", "live_url": "https://works.hcommons.org/records/espb4-tk929"}
{"time": "2026-09-07T00:15:27+00:00", "post": "2020-03-26-on-a-challenge-of-print-subsidy-for-oa.md", "status": "updated", "id": "a64b1-rxp57", "live_url": "https://works.hcommons.org/records/a64b1-rxp57"}
{"time": "2026-09-07T00:15:41+00:00", "post": "2020-04-07-close-reading-with-computers-is-now-open-access-at-stanford-university-press.md", "status": "updated", "id": "gbvpd-qgz82", "live_url": "https://works.hcommons.org/records/gbvpd-qgz82"}
{"time": "2026-09-07T00:15:57+00:00", "post": "2020-04-09-on-springer-and-apcs-in-the-wild.md", "status": "updated", "id": "erysv-jsc34", "live_url": "https://works.hcommons.org/records/erysv-jsc34"}
{"time": "2026-09-07T00:16:11+00:00", "post": "2020-04-19-notes-on-susan-leigh-stars-the-ethnography-of-infrastructure.md", "status": "updated", "id": "qegfv-vfv98", "live_url": "https://works.hcommons.org/records/qegfv-vfv98"}
{"time": "2026-09-07T00:16:27+00:00", "post": "2020-04-20-notes-on-stuart-lawsons-the-political-histories-of-uk-public-libraries-and-access-to-knowledge.md", "status": "updated", "id": "14xwj-ysr29", "live_url": "https://works.hcommons.org/records/14xwj-ysr29"}
{"time": "2026-09-07T00:16:44+00:00", "post": "2020-04-22-the-edited-collection-and-its-discontents.md", "status": "updated", "id": "evz2z-qv280", "live_url": "https://works.hcommons.org/records/evz2z-qv280"}
{"time": "2026-09-07T00:17:01+00:00", "post": "2020-04-23-museums-continue-to-make-third-party-licensing-for-academic-scholarship-a-total-pain.md", "status": "updated", "id": "y51kv-pbq33", "live_url": "https://works.hcommons.org/records/y51kv-pbq33"}
{"time": "2026-09-07T00:17:17+00:00", "post": "2020-04-24-why-academic-bookstores.md", "status": "updated", "id": "wrpv2-s4r05", "live_url": "https://works.hcommons.org/records/wrpv2-s4r05"}
{"time": "2026-09-07T00:17:34+00:00", "post": "2020-04-26-getting-the-gist-of-reading.md", "status": "updated", "id": "9k7np-nsa33", "live_url": "https://works.hcommons.org/records/9k7np-nsa33"}
{"time": "2026-09-07T00:17:50+00:00", "post": "2020-04-28-is-the-money-in-the-system.md", "status": "updated", "id": "z706r-a6a69", "live_url": "https://works.hcommons.org/records/z706r-a6a69"}
{"time": "2026-09-07T00:18:05+00:00", "post": "2020-05-04-on-participatory-design-in-library-architecture.md", "status": "updated", "id": "twz4f-kcs41", "live_url": "https://works.hcommons.org/records/twz4f-kcs41"}
{"time": "2026-09-07T00:18:21+00:00", "post": "2020-05-09-on-critical-design-and-designing-for-provocation.md", "status": "updated", "id": "8cktw-tsa92", "live_url": "https://works.hcommons.org/records/8cktw-tsa92"}
{"time": "2026-09-07T00:18:36+00:00", "post": "2020-05-09-transformative-agreements-in-the-time-of-covid-19.md", "status": "updated", "id": "9kqh7-k1v28", "live_url": "https://works.hcommons.org/records/9kqh7-k1v28"}
{"time": "2026-09-07T00:18:50+00:00", "post": "2020-05-14-on-business-model-generation.md", "status": "updated", "id": "9q24b-8yw18", "live_url": "https://works.hcommons.org/records/9q24b-8yw18"}
{"time": "2026-09-07T00:19:06+00:00", "post": "2020-05-21-notes-on-raym-crow-2009-income-models-for-open-access-an-overview-of-current-practice-sparc.md", "status": "updated", "id": "ex78h-3mh25", "live_url": "https://works.hcommons.org/records/ex78h-3mh25"}
{"time": "2026-09-07T00:19:23+00:00", "post": "2020-05-21-on-academic-journals-as-clubs.md", "status": "updated", "id": "dc4aw-8ss28", "live_url": "https://works.hcommons.org/records/dc4aw-8ss28"}
{"time": "2026-09-07T00:19:39+00:00", "post": "2020-05-23-if-i-could-radically-reshape-copyright-law.md", "status": "updated", "id": "0me6a-mdr88", "live_url": "https://works.hcommons.org/records/0me6a-mdr88"}
{"time": "2026-09-07T00:19:56+00:00", "post": "2020-05-28-notes-on-vulnerability-and-covid-19.md", "status": "updated", "id": "7n64q-nc140", "live_url": "https://works.hcommons.org/records/7n64q-nc140"}
{"time": "2026-09-07T00:20:14+00:00", "post": "2020-05-29-on-the-overhead-of-business-models.md", "status": "updated", "id": "5zqf9-xvx65", "live_url": "https://works.hcommons.org/records/5zqf9-xvx65"}
{"time": "2026-09-07T00:20:30+00:00", "post": "2020-06-21-reading-the-democratisation-myth-and-thinking-through-decolonial-oa.md", "status": "updated", "id": "13ctm-xjk49", "live_url": "https://works.hcommons.org/records/13ctm-xjk49"}
{"time": "2026-09-07T00:20:47+00:00", "post": "2020-07-03-the-emergence-of-threat-infrastructures-plan-s-and-behavioral-change.md", "status": "updated", "id": "6yp11-hgv10", "live_url": "https://works.hcommons.org/records/6yp11-hgv10"}
{"time": "2026-09-07T00:21:03+00:00", "post": "2020-08-07-some-reflections-on-the-politics-of-open-peer-review.md", "status": "updated", "id": "qwb8t-esd39", "live_url": "https://works.hcommons.org/records/qwb8t-esd39"}
{"time": "2026-09-07T00:21:19+00:00", "post": "2020-08-21-rapid-response-grants-and-disciplinary-boundaries.md", "status": "updated", "id": "bbt41-58x76", "live_url": "https://works.hcommons.org/records/bbt41-58x76"}
{"time": "2026-09-07T00:21:34+00:00", "post": "2020-10-04-the-observer-should-not-offer-column-inches-to-allow-oxford-college-principals-to-lie-about-other-universities.md", "status": "updated", "id": "ns786-vpk46", "live_url": "https://works.hcommons.org/records/ns786-vpk46"}
{"time": "2026-09-07T00:21:49+00:00", "post": "2020-10-10-an-update-on-my-warez-book.md", "status": "updated", "id": "g2qwk-k9s78", "live_url": "https://works.hcommons.org/records/g2qwk-k9s78"}
{"time": "2026-09-07T00:22:04+00:00", "post": "2020-10-21-on-reassembling-scholarly-communications.md", "status": "updated", "id": "8v7zx-nyd81", "live_url": "https://works.hcommons.org/records/8v7zx-nyd81"}
{"time": "2026-09-07T00:22:19+00:00", "post": "2020-10-22-backlist-to-the-future-a-new-business-model-for-university-presses-and-open-access-books.md", "status": "updated", "id": "v4cvb-gx732", "live_url": "https://works.hcommons.org/records/v4cvb-gx732"}
{"time": "2026-09-07T00:22:34+00:00", "post": "2020-12-12-how-to-install-ubuntu-on-the-hp-dragonfly-elite.md", "status": "updated", "id": "0g0zg-3zz18", "live_url": "https://works.hcommons.org/records/0g0zg-3zz18"}
{"time": "2026-09-07T00:22:49+00:00", "post": "2020-12-16-my-2020-year-in-review.md", "status": "updated", "id": "w5nk7-gqg12", "live_url": "https://works.hcommons.org/records/w5nk7-gqg12"}
{"time": "2026-09-07T00:23:06+00:00", "post": "2021-01-03-reading-peer-review-is-published-today.md", "status": "updated", "id": "9netf-kex53", "live_url": "https://works.hcommons.org/records/9netf-kex53"}
{"time": "2026-09-07T00:23:20+00:00", "post": "2021-01-07-2021-is-not-looking-much-better.md", "status": "updated", "id": "w7a5y-fm285", "live_url": "https://works.hcommons.org/records/w7a5y-fm285"}
{"time": "2026-09-07T00:23:35+00:00", "post": "2021-01-08-on-the-costs-of-scholarly-communications-and-the-discourse-of-fairness.md", "status": "updated", "id": "6e2f7-axg10", "live_url": "https://works.hcommons.org/records/6e2f7-axg10"}
{"time": "2026-09-07T00:23:51+00:00", "post": "2021-01-21-on-healthcare-economics-and-valuing-lives.md", "status": "updated", "id": "ftxre-xrh97", "live_url": "https://works.hcommons.org/records/ftxre-xrh97"}
{"time": "2026-09-07T00:24:06+00:00", "post": "2021-02-17-the-publishers-associations-impact-assessment-on-oa.md", "status": "updated", "id": "f3qd5-9m584", "live_url": "https://works.hcommons.org/records/f3qd5-9m584"}
{"time": "2026-09-07T00:24:23+00:00", "post": "2021-03-02-oa-books-being-reprinted-under-cc-by-license.md", "status": "updated", "id": "rg17j-a8874", "live_url": "https://works.hcommons.org/records/rg17j-a8874"}
{"time": "2026-09-07T00:24:37+00:00", "post": "2021-04-08-software-as-a-service-and-commodity-fetishism.md", "status": "updated", "id": "k19d9-1ef60", "live_url": "https://works.hcommons.org/records/k19d9-1ef60"}
{"time": "2026-09-07T00:24:54+00:00", "post": "2021-04-28-an-update-on-the-reprint-of-my-book.md", "status": "updated", "id": "9830s-ge236", "live_url": "https://works.hcommons.org/records/9830s-ge236"}
{"time": "2026-09-07T00:25:08+00:00", "post": "2021-05-03-coalition-s-endorsing-subscribe-to-open-is-a-great-start-we-need-the-same-thinking-about-books-from-the-beginning.md", "status": "updated", "id": "tpm86-pyc67", "live_url": "https://works.hcommons.org/records/tpm86-pyc67"}
{"time": "2026-09-07T00:25:23+00:00", "post": "2021-05-15-while-the-government-introduces-new-freedom-of-speech-rules-at-universities-the-biggest-threat-to-academic-freedom-remains-their-insistence-on-the-financial-destabilization-of-institutions.md", "status": "updated", "id": "4zm6e-pxp51", "live_url": "https://works.hcommons.org/records/4zm6e-pxp51"}
{"time": "2026-09-07T00:25:38+00:00", "post": "2021-05-21-whats-happening-at-the-moment-with-open-access-books.md", "status": "updated", "id": "7rd8m-sdx81", "live_url": "https://works.hcommons.org/records/7rd8m-sdx81"}
{"time": "2026-09-07T00:25:54+00:00", "post": "2021-06-05-when-and-why-did-paper-become-white-and-why-was-white-paper-so-valued.md", "status": "updated", "id": "zc28w-z7p15", "live_url": "https://works.hcommons.org/records/zc28w-z7p15"}
{"time": "2026-09-07T00:26:10+00:00", "post": "2021-06-12-on-the-chromoclasm.md", "status": "updated", "id": "espj9-9rv65", "live_url": "https://works.hcommons.org/records/espj9-9rv65"}
{"time": "2026-09-07T00:26:26+00:00", "post": "2021-06-28-the-history-of-studying-english-at-birkbeck.md", "status": "updated", "id": "gp5x3-0sp17", "live_url": "https://works.hcommons.org/records/gp5x3-0sp17"}
{"time": "2026-09-07T00:26:41+00:00", "post": "2021-07-03-thinking-about-uk-phd-examinations.md", "status": "updated", "id": "vvmh1-j8223", "live_url": "https://works.hcommons.org/records/vvmh1-j8223"}
{"time": "2026-09-07T00:26:57+00:00", "post": "2021-07-05-abandoning-restrictions-should-not-mean-abandoning-the-vulnerable-we-need-policies-to-help-those-who-remain-at-risk.md", "status": "updated", "id": "wwsa0-nzz91", "live_url": "https://works.hcommons.org/records/wwsa0-nzz91"}
{"time": "2026-09-07T00:27:14+00:00", "post": "2021-07-23-its-time-we-dropped-agamben.md", "status": "updated", "id": "1chy9-6qh28", "live_url": "https://works.hcommons.org/records/1chy9-6qh28"}
{"time": "2026-09-07T00:27:29+00:00", "post": "2021-07-28-mesh-on-a-budget-converting-rbr50-to-rbs50-units-and-using-lbr20-for-4g-fallback.md", "status": "updated", "id": "jsxp5-cq418", "live_url": "https://works.hcommons.org/records/jsxp5-cq418"}
{"time": "2026-09-07T00:27:45+00:00", "post": "2021-08-02-some-incomplete-notes-on-les-encres-noires-au-moyen-\u00e2ge.md", "status": "updated", "id": "7k8az-w9g71", "live_url": "https://works.hcommons.org/records/7k8az-w9g71"}
{"time": "2026-09-07T00:28:01+00:00", "post": "2021-08-07-notes-on-nicholas-gaskills-chromographia-american-literature-and-the-modernization-of-color.md", "status": "updated", "id": "rw7tr-cpd34", "live_url": "https://works.hcommons.org/records/rw7tr-cpd34"}
{"time": "2026-09-07T00:28:18+00:00", "post": "2021-08-19-thomas-pynchon-from-s-ger\u00e4t-to-y-ger\u00e4t.md", "status": "updated", "id": "zzprm-nvb80", "live_url": "https://works.hcommons.org/records/zzprm-nvb80"}
{"time": "2026-09-07T00:28:33+00:00", "post": "2021-08-20-a-bibliography-on-the-interestingim-interested-in.md", "status": "updated", "id": "3t82f-45y40", "live_url": "https://works.hcommons.org/records/3t82f-45y40"}
{"time": "2026-09-07T00:28:48+00:00", "post": "2021-08-20-replacing-openvpn-with-wireguard-including-on-synology-devices.md", "status": "updated", "id": "eqh61-4ga94", "live_url": "https://works.hcommons.org/records/eqh61-4ga94"}
{"time": "2026-09-07T00:29:04+00:00", "post": "2021-08-23-on-programminglanguages.md", "status": "updated", "id": "tvfm9-vsn04", "live_url": "https://works.hcommons.org/records/tvfm9-vsn04"}
{"time": "2026-09-07T00:29:20+00:00", "post": "2021-09-04-paper-thin-moving-on-to-chapter-four.md", "status": "updated", "id": "9p5p6-zs841", "live_url": "https://works.hcommons.org/records/9p5p6-zs841"}
{"time": "2026-09-07T00:29:35+00:00", "post": "2021-09-23-the-proliferation-of-business-models-for-open-access-books.md", "status": "updated", "id": "zw2wv-wce84", "live_url": "https://works.hcommons.org/records/zw2wv-wce84"}
{"time": "2026-09-07T00:29:50+00:00", "post": "2021-10-18-headless-pdf-printing-in-chrome-when-the-standard-timeout-isnt-enough.md", "status": "updated", "id": "pp6nj-k4n19", "live_url": "https://works.hcommons.org/records/pp6nj-k4n19"}
{"time": "2026-09-07T00:30:05+00:00", "post": "2021-11-20-citing-pirate-artifacts.md", "status": "updated", "id": "0d08f-6jr03", "live_url": "https://works.hcommons.org/records/0d08f-6jr03"}
{"time": "2026-09-07T00:30:20+00:00", "post": "2021-12-04-all-ten-of-my-books-now-are-or-will-be-when-published-open-access.md", "status": "updated", "id": "jktj6-enc79", "live_url": "https://works.hcommons.org/records/jktj6-enc79"}
{"time": "2026-09-07T00:30:35+00:00", "post": "2021-12-06-what-is-the-relationship-between-legal-form-governance-and-ethics.md", "status": "updated", "id": "2wq0e-wky81", "live_url": "https://works.hcommons.org/records/2wq0e-wky81"}
{"time": "2026-09-07T00:30:49+00:00", "post": "2021-12-09-my-2021-year-in-review.md", "status": "updated", "id": "8kwjq-3e647", "live_url": "https://works.hcommons.org/records/8kwjq-3e647"}
{"time": "2026-09-07T00:31:05+00:00", "post": "2021-12-10-what-if-downloads-are-not-actually-non-rivalrous.md", "status": "updated", "id": "3ypsz-e6395", "live_url": "https://works.hcommons.org/records/3ypsz-e6395"}
{"time": "2026-09-07T00:31:21+00:00", "post": "2021-12-15-today-is-the-publication-of-my-eighth-book-warez-the-infrastructure-and-aesthetics-of-piracy.md", "status": "updated", "id": "7jdk6-1xe81", "live_url": "https://works.hcommons.org/records/7jdk6-1xe81"}
{"time": "2026-09-07T00:31:36+00:00", "post": "2022-01-01-last-year-i-spent-506-hours-answering-emails-how-i-hope-to-do-less-of-it-this-year.md", "status": "updated", "id": "ky5c0-sfn67", "live_url": "https://works.hcommons.org/records/ky5c0-sfn67"}
{"time": "2026-09-07T00:31:52+00:00", "post": "2022-01-02-aiming-for-downtime.md", "status": "updated", "id": "6cgam-s2130", "live_url": "https://works.hcommons.org/records/6cgam-s2130"}
{"time": "2026-09-07T00:32:07+00:00", "post": "2022-01-04-adaptation-and-appropriation.md", "status": "updated", "id": "ww3ra-a5b26", "live_url": "https://works.hcommons.org/records/ww3ra-a5b26"}
{"time": "2026-09-07T00:32:22+00:00", "post": "2022-01-05-ancient-west.md", "status": "updated", "id": "gh4f2-5sr82", "live_url": "https://works.hcommons.org/records/gh4f2-5sr82"}
{"time": "2026-09-07T00:32:37+00:00", "post": "2022-01-13-open-access-is-building-a-one-time-shared-international-library-collection.md", "status": "updated", "id": "ycvap-4nz59", "live_url": "https://works.hcommons.org/records/ycvap-4nz59"}
{"time": "2026-09-07T00:32:51+00:00", "post": "2022-01-14-did-you-know-that-you-can-deposit-the-version-of-record-of-bloomsbury-academic-book-chapters-in-your-institutional-repository.md", "status": "updated", "id": "mradx-m1s49", "live_url": "https://works.hcommons.org/records/mradx-m1s49"}
{"time": "2026-09-07T00:33:05+00:00", "post": "2022-01-24-using-django-orm-click-and-rich-to-quickly-create-great-command-line-python-apps.md", "status": "updated", "id": "2y5bs-c8126", "live_url": "https://works.hcommons.org/records/2y5bs-c8126"}
{"time": "2026-09-07T00:33:20+00:00", "post": "2022-01-27-20th-century-british-isles.md", "status": "updated", "id": "6x66e-46183", "live_url": "https://works.hcommons.org/records/6x66e-46183"}
{"time": "2026-09-07T00:33:35+00:00", "post": "2022-01-31-notes-on-plan-s-for-shock.md", "status": "updated", "id": "0h136-bqr61", "live_url": "https://works.hcommons.org/records/0h136-bqr61"}
{"time": "2026-09-07T00:33:50+00:00", "post": "2022-03-25-good-computer-networking-kit.md", "status": "updated", "id": "tc93x-r6s93", "live_url": "https://works.hcommons.org/records/tc93x-r6s93"}
{"time": "2026-09-07T00:34:05+00:00", "post": "2022-04-28-the-current-state-of-evusheld-tixagevimabcilgavimab-in-the-uk.md", "status": "updated", "id": "9yb3c-cjn73", "live_url": "https://works.hcommons.org/records/9yb3c-cjn73"}
{"time": "2026-09-07T00:34:21+00:00", "post": "2022-04-30-resizing-image-uploads-in-django.md", "status": "updated", "id": "vvdms-97d28", "live_url": "https://works.hcommons.org/records/vvdms-97d28"}
{"time": "2026-09-07T00:34:36+00:00", "post": "2022-05-05-how-you-can-help-people-still-shielding.md", "status": "updated", "id": "67swt-28919", "live_url": "https://works.hcommons.org/records/67swt-28919"}
{"time": "2026-09-07T00:34:52+00:00", "post": "2022-05-07-static-site-hosting-in-the-cloud-should-not-be-this-hard-in-2022.md", "status": "updated", "id": "vtv2j-mc553", "live_url": "https://works.hcommons.org/records/vtv2j-mc553"}
{"time": "2026-09-07T00:35:07+00:00", "post": "2022-05-19-running-django-apps-on-amazon-ecsecr-using-fargate.md", "status": "updated", "id": "fy8ep-y2733", "live_url": "https://works.hcommons.org/records/fy8ep-y2733"}
{"time": "2026-09-07T00:35:22+00:00", "post": "2022-07-26-what-is-the-scholarly-record.md", "status": "updated", "id": "8jqb5-5gr58", "live_url": "https://works.hcommons.org/records/8jqb5-5gr58"}
{"time": "2026-09-07T00:35:37+00:00", "post": "2022-07-28-lastpass-cli-cant-login-using-master-password.md", "status": "updated", "id": "dsv5c-mdn41", "live_url": "https://works.hcommons.org/records/dsv5c-mdn41"}
{"time": "2026-09-07T00:35:52+00:00", "post": "2022-08-01-a-glimmer-of-hope.md", "status": "updated", "id": "33652-jem96", "live_url": "https://works.hcommons.org/records/33652-jem96"}
{"time": "2026-09-07T00:36:07+00:00", "post": "2022-08-26-moving-on-my-infrastructural-turn.md", "status": "updated", "id": "w7txy-qnd70", "live_url": "https://works.hcommons.org/records/w7txy-qnd70"}
{"time": "2026-09-07T00:36:22+00:00", "post": "2022-08-30-open-peer-review-and-its-rhythms.md", "status": "updated", "id": "70nrr-9ky81", "live_url": "https://works.hcommons.org/records/70nrr-9ky81"}
{"time": "2026-09-07T00:36:37+00:00", "post": "2022-09-01-small-publishers-and-subscribe-to-open.md", "status": "updated", "id": "gnjev-pjp32", "live_url": "https://works.hcommons.org/records/gnjev-pjp32"}
{"time": "2026-09-07T00:36:51+00:00", "post": "2022-10-10-the-politics-of-peer-review-and-preprints-in-the-real-world.md", "status": "updated", "id": "va4za-v3k39", "live_url": "https://works.hcommons.org/records/va4za-v3k39"}
{"time": "2026-09-07T00:37:06+00:00", "post": "2022-12-04-my-2022-year-in-review.md", "status": "updated", "id": "dmxgb-w5316", "live_url": "https://works.hcommons.org/records/dmxgb-w5316"}
{"time": "2026-09-07T00:37:21+00:00", "post": "2022-12-10-some-of-my-upcoming-projects-at-crossref.md", "status": "updated", "id": "twf68-kd383", "live_url": "https://works.hcommons.org/records/twf68-kd383"}
{"time": "2026-09-07T00:37:36+00:00", "post": "2023-02-13-getting-to-grips-with-airflow-on-amazon-aws.md", "status": "updated", "id": "3z22w-qc916", "live_url": "https://works.hcommons.org/records/3z22w-qc916"}
{"time": "2026-09-07T00:37:50+00:00", "post": "2023-03-09-a-data-pipeline-with-apache-airflow-and-dask.md", "status": "updated", "id": "e2vq5-yqw18", "live_url": "https://works.hcommons.org/records/e2vq5-yqw18"}
{"time": "2026-09-07T00:38:05+00:00", "post": "2023-03-19-integration-testing-locally-and-on-gitlab-ci-using-localstack.md", "status": "updated", "id": "4vxgp-gfh77", "live_url": "https://works.hcommons.org/records/4vxgp-gfh77"}
{"time": "2026-09-07T00:38:20+00:00", "post": "2023-03-25-on-application-observability-in-serverless-cloud-contexts.md", "status": "updated", "id": "ebwdr-0vp80", "live_url": "https://works.hcommons.org/records/ebwdr-0vp80"}
{"time": "2026-09-07T00:38:35+00:00", "post": "2023-07-20-the-latest-ithaka-sr-draft-report-is-hugely-regressive.md", "status": "updated", "id": "jxfjr-b6q45", "live_url": "https://works.hcommons.org/records/jxfjr-b6q45"}
{"time": "2026-09-07T00:38:49+00:00", "post": "2023-07-24-sunsetting-martinevecom.md", "status": "updated", "id": "xvn30-mv479", "live_url": "https://works.hcommons.org/records/xvn30-mv479"}
{"time": "2026-09-07T00:39:04+00:00", "post": "2023-07-26-we-are-terrible-at-online-identity-management-or-using-emails-as-an-identifier-was-a-bad-move.md", "status": "updated", "id": "tgrv9-tbt87", "live_url": "https://works.hcommons.org/records/tgrv9-tbt87"}
{"time": "2026-09-07T00:39:19+00:00", "post": "2023-07-26-whats-the-point-of-having-open-scholarly-infrastructures-and-how-do-we-test-their-resilience.md", "status": "updated", "id": "nmm4t-9zv16", "live_url": "https://works.hcommons.org/records/nmm4t-9zv16"}
{"time": "2026-09-07T00:39:33+00:00", "post": "2023-07-28-rules-vs-principles-in-posi.md", "status": "updated", "id": "taavh-cva63", "live_url": "https://works.hcommons.org/records/taavh-cva63"}
{"time": "2026-09-07T00:39:48+00:00", "post": "2023-09-12-retract-this.md", "status": "updated", "id": "3d76y-8j641", "live_url": "https://works.hcommons.org/records/3d76y-8j641"}
{"time": "2026-09-07T00:40:02+00:00", "post": "2023-09-14-why-lever-press.md", "status": "updated", "id": "t5p6h-awr30", "live_url": "https://works.hcommons.org/records/t5p6h-awr30"}
{"time": "2026-09-07T00:40:17+00:00", "post": "2023-09-21-citations-and-addressability.md", "status": "updated", "id": "887yh-tk550", "live_url": "https://works.hcommons.org/records/887yh-tk550"}
{"time": "2026-09-07T00:40:31+00:00", "post": "2023-09-24-creating-a-voice-activated-ai-responder-in-python.md", "status": "updated", "id": "cn6qz-8rc52", "live_url": "https://works.hcommons.org/records/cn6qz-8rc52"}
{"time": "2026-09-07T00:40:46+00:00", "post": "2023-10-12-self-referential-language-counting.md", "status": "updated", "id": "egfm6-xwj29", "live_url": "https://works.hcommons.org/records/egfm6-xwj29"}
{"time": "2026-09-07T00:41:02+00:00", "post": "2023-10-20-connecting-to-aws-opensearch-serverless-using-python.md", "status": "updated", "id": "xehv9-qfy44", "live_url": "https://works.hcommons.org/records/xehv9-qfy44"}
{"time": "2026-09-07T00:41:17+00:00", "post": "2023-11-09-blocking-my-crawl.md", "status": "updated", "id": "8ajm5-sa006", "live_url": "https://works.hcommons.org/records/8ajm5-sa006"}
{"time": "2026-09-07T00:41:32+00:00", "post": "2023-12-07-land-of-hope-and-tolerance.md", "status": "updated", "id": "89agb-90g77", "live_url": "https://works.hcommons.org/records/89agb-90g77"}
{"time": "2026-09-07T00:41:47+00:00", "post": "2023-12-11-my-2023-year-in-review.md", "status": "updated", "id": "ad7wz-1fr37", "live_url": "https://works.hcommons.org/records/ad7wz-1fr37"}
{"time": "2026-09-07T00:42:02+00:00", "post": "2024-01-09-rusting-away-or-packing-the-entire-crossref-database-into-a-sqlite-file.md", "status": "updated", "id": "m0841-h8s04", "live_url": "https://works.hcommons.org/records/m0841-h8s04"}
{"time": "2026-09-07T00:42:18+00:00", "post": "2024-06-14-how-long-have-i-got-doc.md", "status": "updated", "id": "4w42m-m9w61", "live_url": "https://works.hcommons.org/records/4w42m-m9w61"}
{"time": "2026-09-07T00:42:34+00:00", "post": "2024-06-21-a-few-notes-on-the-ref-oa-mandate-for-books.md", "status": "updated", "id": "bwt1g-62243", "live_url": "https://works.hcommons.org/records/bwt1g-62243"}
{"time": "2026-09-07T00:42:48+00:00", "post": "2024-07-16-theses-on-the-metaphors-of-digital-textual-history-is-out-today.md", "status": "updated", "id": "qdgxf-pna67", "live_url": "https://works.hcommons.org/records/qdgxf-pna67"}
{"time": "2026-09-07T00:43:03+00:00", "post": "2024-09-24-are-metadata-facts.md", "status": "updated", "id": "ke6nx-fvz07", "live_url": "https://works.hcommons.org/records/ke6nx-fvz07"}
{"time": "2026-09-07T00:43:18+00:00", "post": "2024-10-07-why-its-worth-avoiding-as-many-virusescommon-colds-as-possible-mine-led-to-permanent-disability.md", "status": "updated", "id": "dp3sb-3gr06", "live_url": "https://works.hcommons.org/records/dp3sb-3gr06"}
{"time": "2026-09-07T00:43:34+00:00", "post": "2024-10-14-my-conflicted-thoughts-on-the-uks-assisted-dying-bill.md", "status": "updated", "id": "278z6-2th03", "live_url": "https://works.hcommons.org/records/278z6-2th03"}
{"time": "2026-09-07T00:43:49+00:00", "post": "2024-12-13-my-academic-year-in-review.md", "status": "updated", "id": "7f8ze-81y33", "live_url": "https://works.hcommons.org/records/7f8ze-81y33"}
{"time": "2026-09-07T00:44:03+00:00", "post": "2024-12-21-evaluating-document-similarity-detection-approaches.md", "status": "updated", "id": "jnvfs-6ea31", "live_url": "https://works.hcommons.org/records/jnvfs-6ea31"}
{"time": "2026-09-07T00:44:19+00:00", "post": "2024-12-28-history-and-digital-preservation.md", "status": "updated", "id": "8svka-j1c49", "live_url": "https://works.hcommons.org/records/8svka-j1c49"}
{"time": "2026-09-07T00:44:35+00:00", "post": "2025-01-08-getting-knowledge-commons-works-running-locally.md", "status": "updated", "id": "qfbbm-pqy84", "live_url": "https://works.hcommons.org/records/qfbbm-pqy84"}
{"time": "2026-09-07T00:44:49+00:00", "post": "2025-02-11-an-introduction-to-charlotte-perkins-gilmans-the-yellow-wallpaper.md", "status": "updated", "id": "8h0p8-jga53", "live_url": "https://works.hcommons.org/records/8h0p8-jga53"}
{"time": "2026-09-07T00:45:04+00:00", "post": "2025-02-16-how-to-securely-create-an-encrypted-digital-in-case-of-death-document.md", "status": "updated", "id": "y6gxm-vyy12", "live_url": "https://works.hcommons.org/records/y6gxm-vyy12"}
{"time": "2026-09-07T00:45:20+00:00", "post": "2025-02-18-getting-external-access-to-buddypresss-notifications-for-knowledge-commons.md", "status": "updated", "id": "q0d8y-20k90", "live_url": "https://works.hcommons.org/records/q0d8y-20k90"}
{"time": "2026-09-07T00:45:35+00:00", "post": "2025-02-21-swimming-upstream.md", "status": "updated", "id": "77mpe-10439", "live_url": "https://works.hcommons.org/records/77mpe-10439"}
{"time": "2026-09-07T00:45:50+00:00", "post": "2025-03-14-testing-1-2-3-on-software-testing-and-why-its-interesting-even-to-non-developersnon-coders.md", "status": "updated", "id": "0kask-bz691", "live_url": "https://works.hcommons.org/records/0kask-bz691"}
{"time": "2026-09-07T00:46:06+00:00", "post": "2025-03-20-a-successful-leverhulme-prize-application-in-the-field-of-languages-and-literature.md", "status": "updated", "id": "jtdmv-a4m43", "live_url": "https://works.hcommons.org/records/jtdmv-a4m43"}
{"time": "2026-09-07T00:46:20+00:00", "post": "2025-03-21-a-critical-bibliography-about-libgen-the-pirate-site-that-meta-used-for-ai-training.md", "status": "updated", "id": "1dt4t-rme11", "live_url": "https://works.hcommons.org/records/1dt4t-rme11"}
{"time": "2026-09-07T00:46:35+00:00", "post": "2025-04-02-open-journals-collective-making-open-access-a-reality-at-scale.md", "status": "updated", "id": "6b477-f4z68", "live_url": "https://works.hcommons.org/records/6b477-f4z68"}
{"time": "2026-09-07T00:46:50+00:00", "post": "2025-04-11-rage-against-the-machine-the-politics-of-open-access-large-language-models-and-the-reaction-against-open.md", "status": "updated", "id": "xwjge-jf129", "live_url": "https://works.hcommons.org/records/xwjge-jf129"}
{"time": "2026-09-07T00:47:04+00:00", "post": "2025-04-17-hacking-the-full-site-editor-in-wordpress.md", "status": "updated", "id": "xbr03-8rf22", "live_url": "https://works.hcommons.org/records/xbr03-8rf22"}
{"time": "2026-09-07T00:47:19+00:00", "post": "2025-06-08-what-is-a-university-press.md", "status": "updated", "id": "27dkx-qvw94", "live_url": "https://works.hcommons.org/records/27dkx-qvw94"}
{"time": "2026-09-07T00:47:34+00:00", "post": "2025-08-24-trying-out-the-nurosym-vagus-nerve-stimulator-for-a-couple-of-weeks.md", "status": "updated", "id": "31r21-h6m71", "live_url": "https://works.hcommons.org/records/31r21-h6m71"}
{"time": "2026-09-07T00:47:48+00:00", "post": "2025-10-04-pangolin-newt-gerbil-and-custom-ports.md", "status": "updated", "id": "vwhre-gq536", "live_url": "https://works.hcommons.org/records/vwhre-gq536"}
{"time": "2026-09-07T00:48:03+00:00", "post": "2025-10-09-using-a-public-api-or-the-instability-of-musicbrainz-ids.md", "status": "updated", "id": "pg8m5-52v55", "live_url": "https://works.hcommons.org/records/pg8m5-52v55"}
{"time": "2026-09-07T00:48:18+00:00", "post": "2025-12-16-my-2025-end-of-year-reading-and-writing-roundup.md", "status": "updated", "id": "847jf-9hr48", "live_url": "https://works.hcommons.org/records/847jf-9hr48"}
{"time": "2026-09-07T00:48:34+00:00", "post": "2025-12-22-on-citations-ai-and-not-reading.md", "status": "fresh"}
{"time": "2026-09-07T00:48:35+00:00", "post": "2025-12-28-profit-cost-price-learned-societies-further-thoughts-on-samuel-a-moores-publishing-beyond-the-market.md", "status": "updated", "id": "4rn35-1wq30", "live_url": "https://works.hcommons.org/records/4rn35-1wq30"}
{"time": "2026-09-07T00:48:50+00:00", "post": "2026-01-01-the-lineages-and-inheritances-of-shadow-libraries-and-their-documentation.md", "status": "updated", "id": "0kqw2-ymy13", "live_url": "https://works.hcommons.org/records/0kqw2-ymy13"}
{"time": "2026-09-07T00:49:05+00:00", "post": "2026-01-10-in-conversation-with-matthew-g-kirschenbaum.md", "status": "updated", "id": "x7g02-5sr97", "live_url": "https://works.hcommons.org/records/x7g02-5sr97"}
{"time": "2026-09-07T00:49:20+00:00", "post": "2026-01-16-some-example-academic-book-proposal-forms-in-case-they-help.md", "status": "updated", "id": "n6aza-hb115", "live_url": "https://works.hcommons.org/records/n6aza-hb115"}
{"time": "2026-09-07T00:49:35+00:00", "post": "2026-01-25-institutions-shifting-away-from-big-tech.md", "status": "updated", "id": "1vvgw-0rg81", "live_url": "https://works.hcommons.org/records/1vvgw-0rg81"}
{"time": "2026-09-07T00:49:50+00:00", "post": "2026-02-22-structure-and-there-is-no-antimemetics-division.md", "status": "updated", "id": "zvqj8-5ja06", "live_url": "https://works.hcommons.org/records/zvqj8-5ja06"}
{"time": "2026-09-07T00:50:06+00:00", "post": "2026-03-20-the-nhs-can-never-fail-there-is-no-circumstance-where-it-would-be-deemed-overwhelmed.md", "status": "updated", "id": "2qj18-rxw92", "live_url": "https://works.hcommons.org/records/2qj18-rxw92"}
{"time": "2026-09-07T00:50:21+00:00", "post": "2026-04-19-claude-code-can-consume-transmit-and-compromise-your-env-files-even-if-you-tell-it-not-to.md", "status": "updated", "id": "qvtvn-znk41", "live_url": "https://works.hcommons.org/records/qvtvn-znk41"}
{"time": "2026-09-07T00:50:36+00:00", "post": "2026-04-19-the-necessary-pain-involved-in-blogging-if-you-want-your-work-to-be-preserved-beyond-your-lifespan.md", "status": "updated", "id": "txcb6-6pn83", "live_url": "https://works.hcommons.org/records/txcb6-6pn83"}
{"time": "2026-09-07T00:50:51+00:00", "post": "2026-05-21-things-i-have-made-lower-decks-conference-and-quote-in-researchprofessional.md", "status": "updated", "id": "gczdw-4hx87", "live_url": "https://works.hcommons.org/records/gczdw-4hx87"}
{"time": "2026-09-07T00:51:06+00:00", "post": "2026-06-03-what-is-actually-licensed-in-printdigital-dual-licensed-books.md", "status": "updated", "id": "a7dqp-8gz87", "live_url": "https://works.hcommons.org/records/a7dqp-8gz87"}
{"time": "2026-09-07T00:51:21+00:00", "post": "2026-06-04-more-on-dual-licensing-of-digital-oa-books.md", "status": "updated", "id": "jg1a6-5sh71", "live_url": "https://works.hcommons.org/records/jg1a6-5sh71"}
{"time": "2026-09-07T00:51:36+00:00", "post": "2026-06-27-fair-and-square-making-a-static-site-support-fair-signposting.md", "status": "updated", "id": "4dh37-nkf15", "live_url": "https://works.hcommons.org/records/4dh37-nkf15"}
{"time": "2026-09-07T00:51:51+00:00", "post": "2026-08-02-the-extended-interviews-on-ito-the-journey-looking-back-ati-star-trek-voyager.md", "status": "updated", "id": "9qg4j-rnp31", "live_url": "https://works.hcommons.org/records/9qg4j-rnp31"}
{"time": "2026-09-08T08:08:37+00:00", "post": "2026-09-07-a-further-health-update.md", "status": "updated", "id": "xef6m-cfy70", "live_url": "https://works.hcommons.org/records/xef6m-cfy70"}
